과정,폐강여부,과목코드,강좌번호,개설과목,개설학과,중간강의점검여부,문의처,이수구분,학점,주야,분반,교차수강,성적평가,정원,1학년정원,2학년정원,3학년정원,"4,5학년정원",전체학년제한,전체학년정원,신청현황,담당교수 교번,담당교수명,A / B / C / D / E / F / G,학년,75분수업,원격수업,승인,강의구분,학점교류여부,강의시간,강의실,강의계획서,비고,(교양)대영역,(교양)소영역,공학인증,시수,전공이수체계
일반,,OMNI100007,2025201157,AI 이해와 활용,소프트웨어융합교육원,Y,8736,특선,3.0,주,01,N,절대,20,0,0,0,0,20,20,10,20244011,고진욱,0/0/0/0/0/0/0,1,,,,이론실습,N,"수6,7,8,9",창의혁신관(306),보기,,,,,4.0,
일반,,SWCE100003,2025201155,SW융합 캡스톤디자인,소프트웨어융합교육원,Y,8736,일선,3.0,주,01,N,절대,20,0,0,0,0,20,20,9,"20244011,20201026,20241014","고진욱,김태훈,정길언",0/0/0/0/0/0/0,3,,,,실습,N,"화10,11,화12,13,수11,12","창의혁신관(307),창의혁신관(307),창의혁신관(307)",보기,,,,,6.0,
일반,,SWCE100003,2025201156,SW융합 캡스톤디자인,소프트웨어융합교육원,Y,0448638450,일선,3.0,주,02,N,절대,20,0,0,0,0,20,20,2,"20251005,20231005,20231018","이성민,전윤호,현장훈",0/0/0/0/0/0/0,3,,,,실습,N,"화10,11,화12,13,수10,11","세종(임대형)캠퍼스(217),세종(임대형)캠퍼스(217),세종(임대형)캠퍼스(217)",보기,세종캠퍼스 3학년 이상 전체학과 신청가능(SW학과 신청가능),,,,6.0,
일반,,SWCE100004,2025200957,SW융합 캡스톤디자인심화,소프트웨어융합교육원,Y,0428288736,일선,3.0,주,01,N,절대,20,0,0,0,0,20,20,9,"20244011,20201026,20241014","고진욱,김태훈,정길언",0/0/0/0/0/0/0,3,,,,실습,N,"월10,11,월12,화10,11,화12","창의혁신관(306),창의혁신관(306),창의혁신관(306),창의혁신관(306)",보기,,,,,6.0,
일반,,SWCE100004,2025201154,SW융합 캡스톤디자인심화,소프트웨어융합교육원,Y,0448638450,일선,3.0,주,03,N,절대,20,0,0,0,0,20,20,9,"20251005,20091014,20211712","이성민,정의림,김은경",0/0/0/0/0/0/0,3,,,,실습,N,"화10,11,화12,13,수10,11","세종(임대형)캠퍼스(218),세종(임대형)캠퍼스(218),세종(임대형)캠퍼스(218)",보기,세종캠퍼스 3학년 이상 전체학과 신청가능(SW학과 신청가능),,,,6.0,
일반,,SWCE100005,2025200953,데이터사이언스 개론,소프트웨어융합교육원,Y,0428288736,일선,3.0,주,01,N,절대,24,0,0,0,0,24,24,3,20244012,이정민,0/0/0/0/0/0/0,3,,,,이론실습,N,"수1,2,3,4",창의혁신관(306),보기,"편입생 수강가능/SW관련학과 수강불가(컴퓨터공학과, 인공지능소프트웨어학과, 모바일융합공학과, 지능미디어공학과)",,,,4.0,
일반,,SWCE100013,2025200955,인공지능 개론,소프트웨어융합교육원,Y,0428288736,일선,3.0,주,01,N,절대,24,0,0,0,0,24,24,3,20224017,윤성재,0/0/0/0/0/0/0,3,,,,이론실습,N,"목6,7,8,9",창의혁신관(307),보기,"편입생 수강가능/SW관련학과 수강불가(컴퓨터공학과, 인공지능소프트웨어학과, 모바일융합공학과, 지능미디어공학과)",,,,4.0,
일반,,PROJ3001,2025201588,융합 캡스톤디자인Ⅲ,미래창의인재교육원,Y,0428211907,특선,3.0,주,01,N,절대,999,0,0,666,333,0,0,13,20254023,이종원,0/0/0/0/0/0/0,3,,,,이론실습,N,"화10,11,12,13",산학연협동관(106),보기,,,,,4.0,
일반,,PROJ3001,2025201608,융합 캡스톤디자인Ⅲ,미래창의인재교육원,Y,0428211864,특선,3.0,주,03,N,절대,999,222,222,333,222,0,0,8,20151015,백강,0/0/0/0/0/0/0,3,,,,이론실습,N,"월9,10,11,12",경상학관(611),보기,,,,,4.0,
일반,,TRAI1003,2025200757,표준현장실습(15주)1,미래창의인재교육원,Y,0428288652,특선,3.0,주,01,N,절대,999,0,0,555,444,0,0,20,20254022,이철준,0/0/0/0/0/0/0,3,,,,실습,N,,,보기,,,,,6.0,
일반,,TRAI2009,2025200758,표준현장실습(15주)2,미래창의인재교육원,Y,0428288652,특선,3.0,주,01,N,절대,999,0,0,555,444,0,0,15,20254021,윤석일,0/0/0/0/0/0/0,3,,,,실습,N,,,보기,,,,,6.0,
일반,,TRAI3008,2025200759,표준현장실습(15주)3,미래창의인재교육원,Y,0428288652,특선,3.0,주,01,N,절대,999,0,0,555,444,0,0,15,20254019,손윤정,,3,,,,실습,N,,,,,,,,6.0,
일반,,TRAI4022,2025200760,표준현장실습(15주)4,미래창의인재교육원,Y,0428288652,특선,3.0,주,01,N,절대,999,0,0,555,444,0,0,14,20254025,유완호,,3,,,,실습,N,,,,,,,,6.0,
일반,,TRAI5003,2025200761,표준현장실습(15주)5,미래창의인재교육원,Y,0428288652,특선,3.0,주,01,N,절대,999,0,0,555,444,0,0,13,20254024,이영헌,,3,,,,실습,N,,,,,,,,6.0,
교직,,TEED1004,2025202290,교육봉사활동,교원양성지원센터,Y,0428211026,교직,2.0,주,01,N,절대,30,0,0,0,0,30,30,2,20171002,김지현,0/0/0/0/0/0/0,4,,,Y,실습,N,,,보기,교직과정 이수중인 학생만 수강 가능합니다.,,,,4.0,
일반,,PROJ1101,2025201649,설계입문,기계공학과,Y,"0428211076, 1153",특필,3.0,주,01,N,상대,40,40,0,0,0,0,0,30,20151001,윤홍석,0/0/0/0/0/0/0,1,,,,이론,N,"월6,7,8",기계관(501),보기,,,,,3.0,기본전공
일반,,PROJ1101,2025201650,설계입문,기계공학과,Y,"0428211076, 1153",특필,3.0,주,02,N,상대,41,40,0,0,0,1,1,40,"20251001,20151001","하지환,윤홍석",0/0/0/0/0/0/0,1,,,,이론,N,"수6,7,8",기계관(607),보기,,,,,3.0,기본전공
일반,,PROJ1101,2025201651,설계입문,기계공학과,Y,"0428211076, 1153",특필,3.0,주,03,N,상대,41,40,0,0,0,1,1,40,20241014,정길언,0/0/0/0/0/0/0,1,,,,이론,N,"목6,7,8",기계관(607),보기,,,,,3.0,기본전공
일반,,MECH1102,2025201661,정역학,기계공학과,Y,"0428211076, 1153",전필,3.0,주,01,N,상대,45,40,0,0,0,5,5,29,20121003,신부현,0/0/0/0/0/0/0,1,,,,이론,N,"월6,7,8",기계관(606),보기,,,,,3.0,기본전공
일반,,MECH1102,2025201662,정역학,기계공학과,Y,"0428211076, 1153",전필,3.0,주,02,N,상대,45,40,0,0,0,5,5,45,20121003,신부현,0/0/0/0/0/0/0,1,,,,이론,N,"월1,2,3",기계관(606),보기,,,,,3.0,기본전공
일반,,MECH1102,2025201663,정역학,기계공학과,Y,"0428211076, 1153",전필,3.0,주,03,N,상대,42,40,0,0,0,2,2,42,20251010,김지석,0/0/0/0/0/0/0,1,,,,이론,N,"월6,7,8",기계관(513),보기,,,,,3.0,기본전공
일반,,MECH1102,2025201664,정역학,기계공학과,Y,"0428211076, 1153",전필,3.0,주,04,N,상대,44,40,0,0,0,4,4,44,20251010,김지석,0/0/0/0/0/0/0,1,,,,이론,N,"화1,2,3",기계관(513),보기,,,,,3.0,기본전공
일반,,GUID100002,2025201647,진로설계1(자기이해와 대학생활),기계공학과,Y,"0428211076, 1153",특필,1.0,주,01,N,절대,40,40,0,0,0,0,0,29,20071059,임채욱,0/0/0/0/0/0/0,1,,,Y,이론,N,월5,기계관(501),보기,,,,,1.0,
일반,,GUID100002,2025201648,진로설계1(자기이해와 대학생활),기계공학과,Y,"0428211076, 1153",특필,1.0,주,02,N,절대,40,40,0,0,0,0,0,27,20071059,임채욱,0/0/0/0/0/0/0,1,,,Y,이론,N,화5,기계관(501),보기,,,,,1.0,
일반,,MECH2102,2025201665,공업수학 (2),기계공학과,Y,"0428211076, 1153",전필,3.0,주,01,N,상대,40,0,40,0,0,0,0,40,20071059,임채욱,0/0/0/0/0/0/0,2,,블,,이론,Y,"월1,2,3",기계관(502),보기,,,,,3.0,기본전공
일반,,MECH2102,2025201666,공업수학 (2),기계공학과,Y,"0428211076, 1153",전필,3.0,주,02,N,상대,40,0,40,0,0,0,0,35,20071059,임채욱,0/0/0/0/0/0/0,2,,블,,이론,Y,"월6,7,8",기계관(502),보기,,,,,3.0,기본전공
일반,,MECH2102,2025201667,공업수학 (2),기계공학과,Y,"0428211076, 1153",전필,3.0,주,03,N,상대,70,0,70,0,0,0,0,70,20091017,김경연,0/0/0/0/0/0/0,2,,,,이론,Y,"수6,7,8",기계관(601),보기,,,,,3.0,기본전공
일반,,MECH2104,2025201655,기계공학실험 (1),기계공학과,Y,"0428211076, 1153",전필,2.0,주,01,N,절대,23,0,20,0,0,3,3,23,20071059,임채욱,0/0/0/0/0/0/0,2,,,,실습,N,"화6,7,8,9",기계관(502),보기,,,,,4.0,기본전공
일반,,MECH2104,2025201656,기계공학실험 (1),기계공학과,Y,"0428211076, 1153",전필,2.0,주,02,N,절대,23,0,20,0,0,3,3,23,20111006,김영식,0/0/0/0/0/0/0,2,,,,실습,N,"화6,7,8,9",기계관(206),보기,,,,,4.0,기본전공
일반,,MECH2104,2025201657,기계공학실험 (1),기계공학과,Y,"0428211076, 1153",전필,2.0,주,03,N,절대,23,0,20,0,0,3,3,22,20121003,신부현,0/0/0/0/0/0/0,2,,,,실습,N,"화6,7,8,9",소재관및공동실험실습관(302),보기,,,,,4.0,기본전공
일반,,MECH2104,2025201658,기계공학실험 (1),기계공학과,Y,"0428211076, 1153",전필,2.0,주,04,N,절대,23,0,20,0,0,3,3,23,20241014,정길언,0/0/0/0/0/0/0,2,,,,실습,N,"화6,7,8,9",소재관및공동실험실습관(402),보기,,,,,4.0,기본전공
일반,,MECH2104,2025201659,기계공학실험 (1),기계공학과,Y,"0428211076, 1153",전필,2.0,주,05,N,절대,23,0,20,0,0,3,3,22,20251010,김지석,0/0/0/0/0/0/0,2,,,,실습,N,"화6,7,8,9",기계관(606),보기,,,,,4.0,기본전공
일반,,MECH2104,2025201660,기계공학실험 (1),기계공학과,Y,"0428211076, 1153",전필,2.0,주,06,N,절대,24,0,20,0,0,4,4,24,20254002,유봉조,0/0/0/0/0/0/0,2,,,,실습,N,"화6,7,8,9",기계관(512),보기,,,,,4.0,기본전공
일반,,MECH2105,2025201816,기계재료,기계공학과,Y,"0428211076, 1153",전필,3.0,주,01,N,상대,80,0,80,0,0,0,0,72,20251001,하지환,0/0/0/0/0/0/0,2,,,,이론,Y,"목1,2,3",기계관(601),보기,,,,,3.0,기본전공
일반,,MECH2105,2025201817,기계재료,기계공학과,Y,"0428211076, 1153",전필,3.0,주,02,N,상대,80,0,80,0,0,0,0,77,20251001,하지환,0/0/0/0/0/0/0,2,,,,이론,Y,"목6,7,8",기계관(601),보기,,,,,3.0,기본전공
일반,,MECH2201,2025201672,기계제도 (2),기계공학과,Y,"0428211076, 1153",심선,3.0,주,02,N,상대,45,0,40,0,0,5,5,44,20021003,이강수,0/0/0/0/0/0/0,2,,,,이론,Y,"목2,3,4",소재관및공동실험실습관(301),보기,,,,,3.0,
일반,,MECH2201,2025201673,기계제도 (2),기계공학과,Y,"0428211076, 1153",심선,3.0,주,03,N,상대,40,0,40,0,0,0,0,37,20021003,이강수,0/0/0/0/0/0/0,2,,,,이론,Y,"목6,7,8",소재관및공동실험실습관(301),보기,,,,,3.0,
일반,,MECH2202,2025201674,열역학 (2),기계공학과,Y,"0428211076, 1153",심선,3.0,주,01,N,상대,40,0,40,0,0,0,0,37,20031025,최종민,0/0/0/0/0/0/0,2,,블,,이론,Y,"월1,2,3",기계관(501),보기,,,,,3.0,
일반,,MECH2202,2025201675,열역학 (2),기계공학과,Y,"0428211076, 1153",심선,3.0,주,02,N,상대,40,0,40,0,0,0,0,40,20031025,최종민,0/0/0/0/0/0/0,2,,블,,이론,Y,"화1,2,3",기계관(501),보기,,,,,3.0,
일반,,MECH2202,2025201676,열역학 (2),기계공학과,Y,"0428211076, 1153",심선,3.0,주,03,N,상대,80,0,80,0,0,0,0,60,20111019,서성현,0/0/0/0/0/0/0,2,,온,,이론,Y,"수6,7,8",기계관(510),보기,,,,,3.0,
일반,,MECH2109,2025201668,유체역학 (1),기계공학과,Y,"0428211076, 1153",전필,3.0,주,01,N,상대,78,0,70,0,0,8,8,77,20091017,김경연,0/0/0/0/0/0/0,2,,,,이론,Y,"월6,7,8",기계관(601),보기,,,,,3.0,기본전공
일반,,MECH2109,2025201669,유체역학 (1),기계공학과,Y,"0428211076, 1153",전필,3.0,주,02,N,상대,40,0,40,0,0,0,0,40,20121007,이종광,0/0/0/0/0/0/0,2,,,,이론,Y,"월1,2,3",기계관(601),보기,,,,,3.0,기본전공
일반,,MECH2109,2025201670,유체역학 (1),기계공학과,Y,"0428211076, 1153",전필,3.0,주,03,N,상대,40,0,40,0,0,0,0,40,20121007,이종광,0/0/0/0/0/0/0,2,,,,이론,Y,"화1,2,3",기계관(601),보기,,,,,3.0,기본전공
일반,,GUID200002,2025201653,진로설계2(진로탐색과 자기계발),기계공학과,Y,"0428211076, 1153",특필,1.0,주,01,N,절대,40,0,40,0,0,0,0,36,20091017,김경연,0/0/0/0/0/0/0,2,,,Y,이론,N,월5,기계관(502),보기,,,,,1.0,
일반,,GUID200002,2025201654,진로설계2(진로탐색과 자기계발),기계공학과,Y,"0428211076, 1153",특필,1.0,주,02,N,절대,40,0,40,0,0,0,0,23,20091017,김경연,0/0/0/0/0/0/0,2,,,Y,이론,N,화5,기계관(502),보기,,,,,1.0,
학석,,MECH2111,2025201677,프리인턴쉽,기계공학과,Y,"0428211076, 1153",전필,3.0,주,01,N,절대,22,0,20,0,0,2,2,22,20121007,이종광,0/0/0/0/0/0/0,2,,,Y,실습,N,,,보기,학석사통합과정만 수강 가능.,,,,6.0,기본전공
일반,,MECH3101,2025201681,기계공작법,기계공학과,Y,"0428211076, 1153",전필,3.0,주,01,N,상대,40,0,0,40,0,0,0,28,20031024,이호철,0/0/0/0/0/0/0,3,,,,이론,Y,"월6,7,8",기계관(512),보기,,,,,3.0,기본전공
일반,,MECH3101,2025201682,기계공작법,기계공학과,Y,"0428211076, 1153",전필,3.0,주,02,N,상대,40,0,0,40,0,0,0,39,20031024,이호철,0/0/0/0/0/0/0,3,,,,이론,Y,"수6,7,8",기계관(512),보기,,,,,3.0,기본전공
일반,,MECH3101,2025201683,기계공작법,기계공학과,Y,"0428211076, 1153",전필,3.0,주,03,N,상대,43,0,0,40,0,3,3,43,20211706,노진성,0/0/0/0/0/0/0,3,,,,이론,Y,"화1,2,3",기계관(607),보기,,,,,3.0,기본전공
일반,,MECH3101,2025201684,기계공작법,기계공학과,Y,"0428211076, 1153",전필,3.0,주,04,N,상대,43,0,0,40,0,3,3,43,20211706,노진성,0/0/0/0/0/0/0,3,,,,이론,Y,"목1,2,3",기계관(607),보기,,,,,3.0,기본전공
일반,,MECH3202,2025201685,기계요소설계 (2),기계공학과,Y,"0428211076, 1153",심선,3.0,주,01,N,상대,45,0,0,40,0,5,5,45,20061037,남윤의,0/0/0/0/0/0/0,3,,,,이론,Y,"화6,7,8",기계관(513),보기,,,,,3.0,
일반,,MECH3202,2025201686,기계요소설계 (2),기계공학과,Y,"0428211076, 1153",심선,3.0,주,02,N,상대,40,0,0,40,0,0,0,28,20061037,남윤의,0/0/0/0/0/0/0,3,,,,이론,Y,"수6,7,8",기계관(513),보기,,,,,3.0,
일반,,MECH3202,2025201687,기계요소설계 (2),기계공학과,Y,"0428211076, 1153",심선,3.0,주,03,N,상대,40,0,0,40,0,0,0,39,20061037,남윤의,0/0/0/0/0/0/0,3,,,,이론,Y,"목6,7,8",기계관(513),보기,,,,,3.0,
일반,,STAR3001,2025201680,기업가정신과 창업,기계공학과,Y,"0428211076, 1153",특필,1.0,주,01,N,절대,35,0,0,35,0,0,0,33,20255029,오세구,0/0/0/0/0/0/0,3,,,Y,이론,N,수5,기계관(601),보기,,,,,1.0,
일반,,MECH3204,2025201705,나노공정개론,기계공학과,Y,"0428211076, 1153",심선,3.0,주,02,N,상대,40,0,0,40,0,0,0,25,20211706,노진성,0/0/0/0/0/0/0,3,,,,이론,Y,"월6,7,8",기계관(607),보기,,,,,3.0,
일반,,MECH3206,2025201688,냉동 및 공기조화,기계공학과,Y,"0428211076, 1153",심선,3.0,주,03,N,상대,46,0,0,45,0,1,1,46,20031025,최종민,0/0/0/0/0/0/0,3,,블,,이론,Y,"월6,7,8",기계관(510),보기,,,,,3.0,
일반,,MECH3207,2025201689,모델링 ＆ 시뮬레이션,기계공학과,Y,"0428211076, 1153",심선,3.0,주,01,N,상대,31,0,0,30,0,1,1,30,20241014,정길언,0/0/0/0/0/0/0,3,,,,이론,N,"월6,7,8",소재관및공동실험실습관(302),보기,,,,,3.0,
일반,,MECH3207,2025201690,모델링 ＆ 시뮬레이션,기계공학과,Y,"0428211076, 1153",심선,3.0,주,02,N,상대,30,0,0,30,0,0,0,29,20241014,정길언,0/0/0/0/0/0/0,3,,,,이론,N,"화1,2,3",소재관및공동실험실습관(302),보기,,,,,3.0,
일반,,MECH3207,2025201691,모델링 ＆ 시뮬레이션,기계공학과,Y,"0428211076, 1153",심선,3.0,주,03,N,상대,38,0,0,38,0,0,0,37,20241014,정길언,0/0/0/0/0/0/0,3,,,Y,이론,N,"수6,7,8",소재관및공동실험실습관(302),보기,,,,,3.0,
일반,,MECH3208,2025201701,에너지공학,기계공학과,Y,"0428211076, 1153",심선,3.0,주,01,N,상대,71,0,0,60,0,11,11,71,20061036,윤린,0/0/0/0/0/0/0,3,,,,이론,Y,"목2,3,4",기계관(510),보기,,,,,3.0,
일반,,MECH3208,2025201918,에너지공학,기계공학과,Y,"0428211076, 1153",심선,3.0,주,03,N,상대,40,0,0,40,0,0,0,24,20201024,김정재,0/0/0/0/0/0/0,3,,,,이론,Y,"수6,7,8",기계관(501),보기,,,,,3.0,
일반,,MECH3211,2025201692,자동제어,기계공학과,Y,"0428211076, 1153",심선,3.0,주,01,N,절대,40,0,0,40,0,0,0,9,20071059,임채욱,0/0/0/0/0/0/0,3,,블,,이론,Y,"금1,2,3",기계관(502),보기,,,,,3.0,
일반,,MECH3211,2025201693,자동제어,기계공학과,Y,"0428211076, 1153",심선,3.0,주,02,N,절대,40,0,0,40,0,0,0,8,20071059,임채욱,0/0/0/0/0/0/0,3,,블,,이론,N,"금6,7,8",기계관(502),보기,,,,,3.0,
일반,,MECH3211,2025201694,자동제어,기계공학과,Y,"0428211076, 1153",심선,3.0,주,03,N,상대,27,0,0,25,0,2,2,27,20111006,김영식,0/0/0/0/0/0/0,3,,,,이론,Y,"화2,3,4",기계관(502),보기,,,,,3.0,
일반,,MECH3213,2025201695,진동공학,기계공학과,Y,"0428211076, 1153",심선,3.0,주,02,N,상대,40,0,0,40,0,0,0,16,20121003,신부현,0/0/0/0/0/0/0,3,,,,이론,Y,"목1,2,3",기계관(606),보기,,,,,3.0,
일반,,MECH3213,2025201696,진동공학,기계공학과,Y,"0428211076, 1153",심선,3.0,주,03,N,상대,42,0,0,40,0,2,2,41,20251010,김지석,0/0/0/0/0/0/0,3,,,,이론,Y,"목6,7,8",기계관(606),보기,,,,,3.0,
일반,,GUID300002,2025201678,진로설계3(진로설정과 경력개발),기계공학과,Y,"0428211076, 1153",특필,1.0,주,01,N,절대,40,0,0,40,0,0,0,31,20111019,서성현,0/0/0/0/0/0/0,3,,,Y,이론,N,월5,기계관(512),보기,,,,,1.0,
일반,,GUID300002,2025201679,진로설계3(진로설정과 경력개발),기계공학과,Y,"0428211076, 1153",특필,1.0,주,02,N,절대,40,0,0,40,0,0,0,38,20111019,서성현,0/0/0/0/0/0/0,3,,,Y,이론,N,화5,기계관(512),보기,,,,,1.0,
일반,,MECH3214,2025201697,최적설계,기계공학과,Y,"0428211076, 1153",심선,3.0,주,01,N,상대,40,0,0,40,0,0,0,14,20061037,남윤의,0/0/0/0/0/0/0,3,,,,이론,Y,"목1,2,3",기계관(513),보기,,,,,3.0,
일반,,MECH3214,2025201698,최적설계,기계공학과,Y,"0428211076, 1153",심선,3.0,주,02,N,상대,40,0,0,40,0,0,0,40,20241014,정길언,0/0/0/0/0/0/0,3,,,,이론,Y,"월1,2,3",기계관(607),보기,,,,,3.0,
일반,,MECH3215,2025201699,추진공학,기계공학과,Y,"0428211076, 1153",심선,3.0,주,01,N,상대,60,0,0,40,0,20,20,48,20221001,이민우,0/0/0/0/0/0/0,3,,,,이론,Y,"화2,3,4",기계관(510),보기,,,,,3.0,
일반,,MECH3215,2025201725,추진공학,기계공학과,Y,"0428211076, 1153",심선,3.0,주,03,N,상대,60,0,0,40,0,20,20,59,20221001,이민우,0/0/0/0/0/0/0,3,,,,이론,Y,"월2,3,4",기계관(510),보기,,,,,3.0,
일반,,MECH4201,2025201814,3D 디지털제조,기계공학과,Y,"0428211076, 1153",심선,3.0,주,01,N,절대,43,0,0,0,40,3,3,36,20251001,하지환,0/0/0/0/0/0/0,4,,,,이론,N,"화6,7,8",기계관(607),보기,,,,,3.0,
일반,,MECH4202,2025201724,Matlab활용CAE,기계공학과,Y,"0428211076, 1153",심선,3.0,주,01,N,상대,40,0,0,0,40,0,0,24,20251010,김지석,0/0/0/0/0/0/0,4,,,,이론,N,"수6,7,8",기계관(606),보기,,,,,3.0,
일반,,GUID400002,2025201709,진로설계4(취업전략과 실전취업),기계공학과,Y,"0428211076, 1153",특필,1.0,주,01,N,절대,40,0,0,0,40,0,0,39,20111006,김영식,0/0/0/0/0/0/0,4,,,Y,이론,N,월5,기계관(513),보기,,,,,1.0,
일반,,GUID400002,2025201710,진로설계4(취업전략과 실전취업),기계공학과,Y,"0428211076, 1153",특필,1.0,주,02,N,절대,40,0,0,0,40,0,0,28,20111006,김영식,0/0/0/0/0/0/0,4,,,Y,이론,N,화5,기계관(513),보기,,,,,1.0,
일반,,PROJ4102,2025201711,캡스톤디자인(2),기계공학과,Y,"0428211076, 1153",특필,3.0,주,01,N,절대,10,0,0,0,10,0,0,9,20031024,이호철,0/0/0/0/0/0/0,4,,,,이론,N,"수1,2,3",기계관(501),보기,,,,,3.0,기본전공
일반,,PROJ4102,2025201712,캡스톤디자인(2),기계공학과,Y,"0428211076, 1153",특필,3.0,주,02,N,절대,10,0,0,0,10,0,0,9,20031025,최종민,0/0/0/0/0/0/0,4,,,,이론,N,"수1,2,3",기계관(502),보기,,,,,3.0,기본전공
일반,,PROJ4102,2025201713,캡스톤디자인(2),기계공학과,Y,"0428211076, 1153",특필,3.0,주,03,N,절대,10,0,0,0,10,0,0,10,20061037,남윤의,0/0/0/0/0/0/0,4,,,,이론,N,"수1,2,3",기계관(510),보기,,,,,3.0,기본전공
일반,,PROJ4102,2025201714,캡스톤디자인(2),기계공학과,Y,"0428211076, 1153",특필,3.0,주,04,N,절대,11,0,0,0,11,0,0,11,20111006,김영식,0/0/0/0/0/0/0,4,,,,이론,N,"수1,2,3",기계관(513),보기,,,,,3.0,기본전공
일반,,PROJ4102,2025201715,캡스톤디자인(2),기계공학과,Y,"0428211076, 1153",특필,3.0,주,05,N,절대,10,0,0,0,10,0,0,10,20121003,신부현,0/0/0/0/0/0/0,4,,,,이론,N,"수1,2,3",기계관(301),보기,,,,,3.0,기본전공
일반,,PROJ4102,2025201716,캡스톤디자인(2),기계공학과,Y,"0428211076, 1153",특필,3.0,주,06,N,절대,10,0,0,0,10,0,0,10,20121007,이종광,0/0/0/0/0/0/0,4,,,,이론,N,"수1,2,3",기계관(603-604),보기,,,,,3.0,기본전공
일반,,PROJ4102,2025201718,캡스톤디자인(2),기계공학과,Y,"0428211076, 1153",특필,3.0,주,08,N,절대,21,0,0,0,20,1,1,20,20201024,김정재,0/0/0/0/0/0/0,4,,,,이론,N,"수1,2,3",기계관(607),보기,,,,,3.0,기본전공
일반,,PROJ4102,2025201719,캡스톤디자인(2),기계공학과,Y,"0428211076, 1153",특필,3.0,주,09,N,절대,10,0,0,0,10,0,0,10,20211706,노진성,0/0/0/0/0/0/0,4,,,,이론,N,"수1,2,3",기계관(206),보기,,,,,3.0,기본전공
일반,,PROJ4102,2025201720,캡스톤디자인(2),기계공학과,Y,"0428211076, 1153",특필,3.0,주,10,N,절대,12,0,0,0,12,0,0,12,"20021003,20241014","이강수,정길언",0/0/0/0/0/0/0,4,,,,이론,N,"수1,수2.5","기계관(606),기계관(606)",보기,,,,,3.0,기본전공
일반,,PROJ4102,2025201721,캡스톤디자인(2),기계공학과,Y,"0428211076, 1153",특필,3.0,주,11,N,절대,12,0,0,0,12,0,0,12,"20071059,20091017","임채욱,김경연",0/0/0/0/0/0/0,4,,,,이론,N,"수1,수2.5","기계관(601),기계관(601)",보기,,,,,3.0,기본전공
일반,,PROJ4102,2025201722,캡스톤디자인(2),기계공학과,Y,"0428211076, 1153",특필,3.0,주,12,N,절대,12,0,0,0,12,0,0,12,"20111019,20221001","서성현,이민우",0/0/0/0/0/0/0,4,,,,이론,N,"수1,수2.5","기계관(512),기계관(512)",보기,,,,,3.0,기본전공
일반,,PROJ4102,2025201723,캡스톤디자인(2),기계공학과,Y,"0428211076, 1153",특필,3.0,주,13,N,절대,13,0,0,0,13,0,0,12,"20151001,20251001","윤홍석,하지환",0/0/0/0/0/0/0,4,,,,이론,N,"수1,수2.5","기계관(101),기계관(101)",보기,,,,,3.0,기본전공
일반,,MSAE1102,2025200187,기초소재물성론,신소재공학과,Y,0428211234,전필,3.0,주,01,N,상대,35,28,0,0,0,7,7,35,20191020,김정환,0/0/0/0/0/0/0,1,,,,이론,N,"월2,3,4",소재관및공동실험실습관(115),보기,,,,,3.0,기본전공
일반,,MSAE1102,2025200185,기초소재물성론,신소재공학과,Y,0428211245,전필,3.0,주,02,N,상대,28,28,0,0,0,0,0,27,20201025,위정섭,0/0/0/0/0/0/0,1,,,,이론,N,"월6,7,8",소재관및공동실험실습관(404),보기,,,,,3.0,기본전공
일반,,MSAE1102,2025200186,기초소재물성론,신소재공학과,Y,0428211268,전필,3.0,주,03,N,상대,28,28,0,0,0,0,0,28,20211707,구교진,0/0/0/0/0/0/0,1,,,,이론,N,"월6,7,8",소재관및공동실험실습관(414),보기,,,,,3.0,기본전공
일반,,MSAE1102,2025202181,기초소재물성론,신소재공학과,Y,0428211268,전필,3.0,주,04,N,상대,35,28,0,0,0,7,7,35,20211707,구교진,0/0/0/0/0/0/0,1,,,,이론,N,"월2,3,4",소재관및공동실험실습관(414),보기,,,,,3.0,기본전공
일반,,MSAE110006,2025200189,미래소재디스커버리: AI 반도체,신소재공학과,Y,0428211234,전선,3.0,주,01,N,절대,25,25,0,0,0,0,0,11,"20221006,20221007,20241004","신기현,신동욱,김진",0/0/0/0/0/0/0,1,,,Y,이론,N,"목6,7,8",소재관및공동실험실습관(106),보기,"자율전공학부, 공학건설학부 학생만 수강 가능",,,,3.0,기본전공
일반,,MSAE110007,2025200190,미래소재디스커버리: 나노·에너지,신소재공학과,Y,0428211234,전선,3.0,주,01,N,절대,25,25,0,0,0,0,0,6,"20211707,20241003,20161005","구교진,고종범,조훈휘",0/0/0/0/0/0/0,1,,,Y,이론,N,"화6,7,8",소재관및공동실험실습관(111),보기,"자율전공학부, 공학건설학부 학생만 수강 가능",,,,3.0,기본전공
일반,,MSAE1104,2025200183,재료과학(2),신소재공학과,Y,0428211234,전필,3.0,주,01,N,상대,31,0,0,0,0,31,31,30,20111043,홍기하,0/0/0/0/0/0/0,1,,,Y,이론,N,"월6,7,8",소재관및공동실험실습관(106),보기,(승인요청과목)미수강자 우선,,,,3.0,
일반,,MSAE2105,2025200191,기초실험(2),신소재공학과,Y,0428211234,전필,2.0,주,01,N,절대,22,0,22,0,0,0,0,22,20071028,김정민,0/0/0/0/0/0/0,2,,,,실습,N,"월1,2,3,4",소재관및공동실험실습관(221),보기,,,,,4.0,기본전공
일반,,MSAE2105,2025200192,기초실험(2),신소재공학과,Y,0428211245,전필,2.0,주,02,N,절대,23,0,22,0,0,1,1,20,20151007,오민욱,0/0/0/0/0/0/0,2,,,,실습,N,"월6,7,8,9",소재관및공동실험실습관(605),보기,,,,,4.0,기본전공
일반,,MSAE2105,2025200193,기초실험(2),신소재공학과,Y,0428211268,전필,2.0,주,03,N,절대,22,0,22,0,0,0,0,22,20131001,정중희,0/0/0/0/0/0/0,2,,,,실습,N,"월1,2,3,4",소재관및공동실험실습관(307),보기,,,,,4.0,기본전공
일반,,MSAE2105,2025200194,기초실험(2),신소재공학과,Y,0428211234,전필,2.0,주,04,N,절대,23,0,22,0,0,1,1,23,20141001,김정한,0/0/0/0/0/0/0,2,,,,실습,N,"월6,7,8,9",소재관및공동실험실습관(221),보기,,,,,4.0,기본전공
일반,,MSAE2105,2025200195,기초실험(2),신소재공학과,Y,0428211245,전필,2.0,주,05,N,절대,22,0,22,0,0,0,0,22,20241004,김진,0/0/0/0/0/0/0,2,,,,실습,N,"월1,2,3,4",소재관및공동실험실습관(605),보기,,,,,4.0,기본전공
일반,,MSAE2105,2025200196,기초실험(2),신소재공학과,Y,0428211268,전필,2.0,주,06,N,절대,23,0,22,0,0,1,1,23,20071029,박준식,0/0/0/0/0/0/0,2,,,,실습,N,"월6,7,8,9",소재관및공동실험실습관(307),보기,,,,,4.0,기본전공
일반,,MSAE2107,2025200202,세라믹재료,신소재공학과,Y,0428211234,전필,3.0,주,01,N,상대,32,0,28,0,0,4,4,31,20031001,박덕용,0/0/0/0/0/0/0,2,,,,이론,N,"수1,2,3",소재관및공동실험실습관(106),보기,,,,,3.0,
일반,,MSAE2107,2025200203,세라믹재료,신소재공학과,Y,0428211245,전필,3.0,주,02,N,상대,33,0,28,0,0,5,5,33,20241004,김진,0/0/0/0/0/0/0,2,,,,이론,N,"수1,2,3",소재관및공동실험실습관(404),보기,,,,,3.0,
일반,,MSAE2107,2025200204,세라믹재료,신소재공학과,Y,0428211268,전필,3.0,주,03,N,상대,34,0,28,0,0,6,6,34,20131001,정중희,0/0/0/0/0/0/0,2,,,,이론,N,"수1,2,3",소재관및공동실험실습관(414),보기,,,,,3.0,
일반,,MSAE2107,2025200205,세라믹재료,신소재공학과,Y,0428211234,전필,3.0,주,04,N,상대,28,0,28,0,0,0,0,27,20031001,박덕용,0/0/0/0/0/0/0,2,,,,이론,N,"수6,7,8",소재관및공동실험실습관(106),보기,,,,,3.0,
일반,,MSAE2107,2025200206,세라믹재료,신소재공학과,Y,0428211245,전필,3.0,주,05,N,상대,28,0,28,0,0,0,0,28,20241004,김진,0/0/0/0/0/0/0,2,,,,이론,N,"수6,7,8",소재관및공동실험실습관(404),보기,,,,,3.0,
일반,,MSAE2108,2025200207,열역학,신소재공학과,Y,0428211234,전필,3.0,주,01,N,상대,34,0,28,0,0,6,6,34,20241012,이태규,0/0/0/0/0/0/0,2,,,,이론,N,"화1,2,3",소재관및공동실험실습관(116),보기,,,,,3.0,기본전공
일반,,MSAE2108,2025200208,열역학,신소재공학과,Y,0428211245,전필,3.0,주,02,N,상대,34,0,28,0,0,6,6,34,20221007,신동욱,0/0/0/0/0/0/0,2,,,,이론,N,"화1,2,3",소재관및공동실험실습관(404),보기,,,,,3.0,기본전공
일반,,MSAE2108,2025200209,열역학,신소재공학과,Y,0428211268,전필,3.0,주,03,N,상대,34,0,28,0,0,6,6,34,20131001,정중희,0/0/0/0/0/0/0,2,,,,이론,N,"화1,2,3",소재관및공동실험실습관(414),보기,,,,,3.0,기본전공
일반,,MSAE2108,2025200210,열역학,신소재공학과,Y,0428211234,전필,3.0,주,04,N,상대,28,0,28,0,0,0,0,24,20241012,이태규,0/0/0/0/0/0/0,2,,,,이론,N,"화6,7,8",소재관및공동실험실습관(116),보기,,,,,3.0,기본전공
일반,,MSAE2108,2025200211,열역학,신소재공학과,Y,0428211245,전필,3.0,주,05,N,상대,28,0,28,0,0,0,0,22,20221007,신동욱,0/0/0/0/0/0/0,2,,,,이론,N,"화6,7,8",소재관및공동실험실습관(404),보기,,,,,3.0,기본전공
일반,,MSAE2109,2025200212,재료역학,신소재공학과,Y,0428211234,전필,3.0,주,01,N,상대,30,0,28,0,0,2,2,30,20141001,김정한,0/0/0/0/0/0/0,2,,,,이론,N,"수6,7,8",소재관및공동실험실습관(116),보기,,,,,3.0,기본전공
일반,,MSAE2109,2025200213,재료역학,신소재공학과,Y,0428211245,전필,3.0,주,02,N,상대,31,0,28,0,0,3,3,31,20231004,이시원,0/0/0/0/0/0/0,2,,,,이론,N,"수6,7,8",소재관및공동실험실습관(405),보기,,,,,3.0,기본전공
일반,,MSAE2109,2025200214,재료역학,신소재공학과,Y,0428211268,전필,3.0,주,03,N,상대,30,0,28,0,0,2,2,30,20221006,신기현,0/0/0/0/0/0/0,2,,,,이론,N,"수6,7,8",소재관및공동실험실습관(414),보기,,,,,3.0,기본전공
일반,,MSAE2109,2025200215,재료역학,신소재공학과,Y,0428211234,전필,3.0,주,04,N,상대,30,0,28,0,0,2,2,30,20161005,조훈휘,0/0/0/0/0/0/0,2,,,,이론,N,"수2,3,4",소재관및공동실험실습관(116),보기,,,,,3.0,기본전공
일반,,MSAE2109,2025200216,재료역학,신소재공학과,Y,0428211245,전필,3.0,주,05,N,상대,29,0,28,0,0,1,1,28,20231004,이시원,0/0/0/0/0/0/0,2,,,,이론,N,"수1,2,3",소재관및공동실험실습관(405),보기,,,,,3.0,기본전공
일반,,MSAE2111,2025200197,전자소자재료,신소재공학과,Y,0428211234,전필,3.0,주,01,N,상대,32,0,28,0,0,4,4,31,20031001,박덕용,0/0/0/0/0/0/0,2,,,,이론,N,"화1,2,3",소재관및공동실험실습관(106),보기,,,,,3.0,
일반,,MSAE2111,2025200198,전자소자재료,신소재공학과,Y,0428211245,전필,3.0,주,02,N,상대,30,0,28,0,0,2,2,30,20151007,오민욱,0/0/0/0/0/0/0,2,,,,이론,N,"화6,7,8",소재관및공동실험실습관(406),보기,,,,,3.0,
일반,,MSAE2111,2025200199,전자소자재료,신소재공학과,Y,0428211268,전필,3.0,주,03,N,상대,30,0,28,0,0,2,2,30,20031003,김윤기,0/0/0/0/0/0/0,2,,,,이론,N,"화6,7,8",소재관및공동실험실습관(414),보기,,,,,3.0,
일반,,MSAE2111,2025200200,전자소자재료,신소재공학과,Y,0428211234,전필,3.0,주,04,N,상대,30,0,28,0,0,2,2,30,20031001,박덕용,0/0/0/0/0/0/0,2,,,,이론,N,"화6,7,8",소재관및공동실험실습관(106),보기,,,,,3.0,
일반,,MSAE2111,2025200201,전자소자재료,신소재공학과,Y,0428211245,전필,3.0,주,05,N,상대,29,0,29,0,0,0,0,29,20151007,오민욱,0/0/0/0/0/0/0,2,,,,이론,N,"금1,2,3",소재관및공동실험실습관(404),보기,,,,,3.0,
일반,,GUID200002,2025200217,진로설계2(진로탐색과 자기계발),신소재공학과,Y,0428211234,특필,1.0,주,01,N,절대,26,0,26,0,0,0,0,26,20031001,박덕용,0/0/0/0/0/0/0,2,,,,이론,N,화9,소재관및공동실험실습관(106),보기,,,,,1.0,
일반,,GUID200002,2025200218,진로설계2(진로탐색과 자기계발),신소재공학과,Y,0428211245,특필,1.0,주,02,N,절대,27,0,27,0,0,0,0,27,20231004,이시원,0/0/0/0/0/0/0,2,,,,이론,N,목5,소재관및공동실험실습관(404),보기,,,,,1.0,
일반,,GUID200002,2025200219,진로설계2(진로탐색과 자기계발),신소재공학과,Y,0428211268,특필,1.0,주,03,N,절대,27,0,26,0,0,1,1,27,20071029,박준식,0/0/0/0/0/0/0,2,,,,이론,N,월5,소재관및공동실험실습관(105),보기,,,,,1.0,
일반,,GUID200002,2025200220,진로설계2(진로탐색과 자기계발),신소재공학과,Y,0428211234,특필,1.0,주,04,N,절대,26,0,26,0,0,0,0,26,20031001,박덕용,0/0/0/0/0/0/0,2,,,,이론,N,수9,소재관및공동실험실습관(106),보기,,,,,1.0,
일반,,GUID200002,2025200221,진로설계2(진로탐색과 자기계발),신소재공학과,Y,0428211245,특필,1.0,주,05,N,절대,26,0,26,0,0,0,0,24,20231004,이시원,0/0/0/0/0/0/0,2,,,,이론,N,목9,소재관및공동실험실습관(404),보기,,,,,1.0,
일반,,MSAE3303,2025200629,광정보부품공학,신소재공학과,Y,0428211245,심필,3.0,주,01,N,상대,30,0,0,28,0,2,2,28,20254056,이종원,0/0/0/0/0/0/0,3,,,,이론,N,"화1,2,3",소재관및공동실험실습관(405),보기,정보전자 심화필수,,,,3.0,
일반,,MSAE3303,2025202173,광정보부품공학,신소재공학과,Y,0428211245,심필,3.0,주,02,N,상대,30,0,0,28,0,2,2,30,20254056,이종원,0/0/0/0/0/0/0,3,,,,이론,N,"화6,7,8",소재관및공동실험실습관(405),보기,정보전자 심화필수,,,,3.0,
일반,,MSAE3306,2025200369,레이저가공학,신소재공학과,Y,0428211268,심선,3.0,주,01,N,상대,37,0,0,25,0,12,12,36,20234022,이형근,0/0/0/0/0/0/0,3,,,,이론,N,"목1,2,3",소재관및공동실험실습관(414),보기,신소재 심화선택,,,,3.0,
일반,,MSAE3307,2025200630,미세전자배선공학,신소재공학과,Y,0428211245,심선,3.0,주,01,N,상대,26,0,0,26,0,0,0,25,20031002,이택영,0/0/0/0/0/0/0,3,,,,이론,N,"목1,2,3",소재관및공동실험실습관(405),보기,정보전자 심화선택,,,,3.0,
일반,,MSAE3309,2025200633,반도체소자공학,신소재공학과,Y,0428211245,심필,3.0,주,01,N,상대,33,0,0,28,0,5,5,31,20031002,이택영,0/0/0/0/0/0/0,3,,,,이론,N,"월6,7,8",소재관및공동실험실습관(405),보기,정보전자 심화필수,,,,3.0,
일반,,MSAE3309,2025202147,반도체소자공학,신소재공학과,Y,0428211245,심필,3.0,주,02,N,상대,33,0,0,28,0,5,5,33,20241003,고종범,0/0/0/0/0/0/0,3,,,,이론,N,"월1,2,3",소재관및공동실험실습관(405),보기,정보전자 심화필수,,,,3.0,
일반,,MSAE3102,2025200354,비철재료,신소재공학과,Y,0428211234,심선,3.0,주,01,N,상대,35,0,0,25,0,10,10,35,20071028,김정민,0/0/0/0/0/0/0,3,,,,이론,N,"월6,7,8",소재관및공동실험실습관(115),보기,신소재 심화선택,,,,3.0,
일반,,MSAE3102,2025200623,비철재료,신소재공학과,Y,0428211245,심선,3.0,주,02,N,상대,35,0,0,33,0,2,2,35,20231004,이시원,0/0/0/0/0/0/0,3,,,,이론,N,"목6,7,8",소재관및공동실험실습관(404),보기,정보전자 심화선택,,,,3.0,
일반,,MSAE3313,2025200632,세라믹스물성학,신소재공학과,Y,0428211245,심선,3.0,주,01,N,상대,37,0,0,27,0,10,10,37,20221007,신동욱,0/0/0/0/0/0/0,3,,,,이론,N,"수6,7,8",소재관및공동실험실습관(406),보기,정보전자 심화선택,,,,3.0,
일반,,MSAE3315,2025200230,에너지재료공학,신소재공학과,Y,0428211234,심필,3.0,주,01,N,상대,35,0,0,32,0,3,3,34,20111043,홍기하,0/0/0/0/0/0/0,3,,,,이론,N,"수1,2,3",소재관및공동실험실습관(115),보기,신소재 심화필수,,,,3.0,
일반,,MSAE3315,2025200231,에너지재료공학,신소재공학과,Y,0428211234,심필,3.0,주,02,N,상대,34,0,0,32,0,2,2,31,20161005,조훈휘,0/0/0/0/0/0/0,3,,,,이론,N,"수6,7,8",소재관및공동실험실습관(111),보기,신소재 심화필수,,,,3.0,
일반,,MSAE3315,2025200232,에너지재료공학,신소재공학과,Y,0428211234,심필,3.0,주,03,N,상대,35,0,0,32,0,3,3,35,20111043,홍기하,0/0/0/0/0/0/0,3,,,,이론,N,"수6,7,8",소재관및공동실험실습관(115),보기,신소재 심화필수,,,,3.0,
일반,,MSAE3322,2025200227,전자재료공정,신소재공학과,Y,0428211234,심필,3.0,주,01,N,상대,36,0,0,32,0,4,4,36,20191020,김정환,0/0/0/0/0/0/0,3,,,,이론,N,"화2,3,4",소재관및공동실험실습관(115),보기,신소재 심화필수,,,,3.0,
일반,,MSAE3322,2025200228,전자재료공정,신소재공학과,Y,0428211268,심필,3.0,주,02,N,상대,35,0,0,32,0,3,3,35,20181002,이상엽,0/0/0/0/0/0/0,3,,,,이론,N,"화6,7,8",소재관및공동실험실습관(105),보기,신소재 심화필수,,,,3.0,
일반,,MSAE3322,2025200229,전자재료공정,신소재공학과,Y,0428211234,심필,3.0,주,03,N,상대,35,0,0,32,0,3,3,34,20191020,김정환,0/0/0/0/0/0/0,3,,,,이론,N,"화6,7,8",소재관및공동실험실습관(115),보기,신소재 심화필수,,,,3.0,
일반,,GUID300002,2025200222,진로설계3(진로설정과 경력개발),신소재공학과,Y,0428211234,특필,1.0,주,01,N,절대,30,0,0,29,0,1,1,29,20071028,김정민,0/0/0/0/0/0/0,3,,,,이론,N,월9,소재관및공동실험실습관(115),보기,,,,,1.0,
일반,,GUID300002,2025200223,진로설계3(진로설정과 경력개발),신소재공학과,Y,0428211245,특필,1.0,주,02,N,절대,30,0,0,29,0,1,1,30,20241003,고종범,0/0/0/0/0/0/0,3,,,,이론,N,화5,소재관및공동실험실습관(405),보기,,,,,1.0,
일반,,GUID300002,2025200224,진로설계3(진로설정과 경력개발),신소재공학과,Y,0428211268,특필,1.0,주,03,N,절대,30,0,0,29,0,1,1,30,20071029,박준식,0/0/0/0/0/0/0,3,,,,이론,N,월4,소재관및공동실험실습관(105),보기,,,,,1.0,
일반,,GUID300002,2025200225,진로설계3(진로설정과 경력개발),신소재공학과,Y,0428211234,특필,1.0,주,04,N,절대,30,0,0,29,0,1,1,30,20241012,이태규,0/0/0/0/0/0/0,3,,,,이론,N,화5,소재관및공동실험실습관(116),보기,,,,,1.0,
일반,,GUID300002,2025200226,진로설계3(진로설정과 경력개발),신소재공학과,Y,0428211245,특필,1.0,주,05,N,절대,30,0,0,29,0,1,1,30,20241003,고종범,0/0/0/0/0/0/0,3,,,,이론,N,화9,소재관및공동실험실습관(405),보기,,,,,1.0,
일반,,MSAE4301,2025200635,3D모델링,신소재공학과,Y,0428211245,심선,3.0,주,01,N,절대,25,0,0,0,25,0,0,14,20031002,이택영,0/0/0/0/0/0/0,4,,,,이론,N,"목6,7,8",소재관및공동실험실습관(416),보기,정보전자 심화선택,,,,3.0,
일반,,MSAE4306,2025200353,나노분말공학,신소재공학과,Y,0428211234,심선,3.0,주,01,N,상대,28,0,0,0,25,3,3,28,20071028,김정민,0/0/0/0/0/0/0,4,,,,이론,N,"수1,2,3",소재관및공동실험실습관(111),보기,신소재 심화선택,,,,3.0,
일반,,MSAE4312,2025200636,반도체소자실험,신소재공학과,Y,0428211245,심선,2.0,주,01,N,절대,20,0,0,0,20,0,0,13,20201025,위정섭,0/0/0/0/0/0/0,4,,,,실습,N,"화6,7,8,9",소재관및공동실험실습관(605),보기,정보전자 심화선택,,,,4.0,
일반,,MSAE4325,2025200355,철강재료,신소재공학과,Y,0428211234,심선,3.0,주,01,N,상대,25,0,0,0,25,0,0,23,20241012,이태규,0/0/0/0/0/0/0,4,,,,이론,N,"수6,7,8",그린에너지관(606),보기,신소재 심화선택,,,,3.0,
일반,,PROJ4310,2025200639,캡스톤디자인(2),신소재공학과,Y,0428211245,특필,2.0,주,21,N,절대,11,0,0,0,11,0,0,11,"20031002,20241003","이택영,고종범",0/0/0/0/0/0/0,4,,,,실습,N,"월2,3,월4,5","소재관및공동실험실습관(406),소재관및공동실험실습관(404)",보기,정보전자소재 심화전공만 신청가능,,,,4.0,
일반,,PROJ4310,2025200640,캡스톤디자인(2),신소재공학과,Y,0428211245,특필,2.0,주,22,N,절대,9,0,0,0,9,0,0,8,"20151007,20231004","오민욱,이시원",0/0/0/0/0/0/0,4,,,,실습,N,"금6,7,금8,9","소재관및공동실험실습관(405),소재관및공동실험실습관(404)",보기,정보전자소재 심화전공만 신청가능,,,,4.0,
일반,,PROJ4310,2025200643,캡스톤디자인(2),신소재공학과,Y,0428211245,특필,2.0,주,23,N,절대,9,0,0,0,9,0,0,9,20201025,위정섭,0/0/0/0/0/0/0,4,,,,실습,N,"화1,2,3,4",소재관및공동실험실습관(605),보기,정보전자소재 심화전공만 신청가능,,,,4.0,
일반,,PROJ4310,2025200644,캡스톤디자인(2),신소재공학과,Y,0428211245,특필,2.0,주,24,N,절대,8,0,0,0,8,0,0,8,"20221007,20241004","신동욱,김진",0/0/0/0/0/0/0,4,,,,실습,N,"월6,7,월8,9","소재관및공동실험실습관(406),소재관및공동실험실습관(601)",보기,정보전자소재 심화전공만 신청가능,,,,4.0,
일반,,PROJ4312,2025200346,캡스톤디자인Ⅱ,신소재공학과,Y,0428211234,특필,2.0,주,11,N,절대,10,0,0,0,10,0,0,10,20111043,홍기하,0/0/0/0/0/0/0,4,,,,실습,N,"월1,2,3,4",소재관및공동실험실습관(321),보기,,,,,4.0,
일반,,PROJ4312,2025200347,캡스톤디자인Ⅱ,신소재공학과,Y,0428211234,특필,2.0,주,12,N,절대,10,0,0,0,10,0,0,9,20141001,김정한,0/0/0/0/0/0/0,4,,,,실습,N,"월1,2,3,4",소재관및공동실험실습관(106),보기,,,,,4.0,
일반,,PROJ4312,2025200348,캡스톤디자인Ⅱ,신소재공학과,Y,0428211234,특필,2.0,주,14,N,절대,10,0,0,0,10,0,0,10,20241012,이태규,0/0/0/0/0/0/0,4,,,,실습,N,"월1,2,3,4",소재관및공동실험실습관(111),보기,,,,,4.0,
일반,,PROJ4312,2025200349,캡스톤디자인Ⅱ,신소재공학과,Y,0428211268,특필,2.0,주,31,N,절대,8,0,0,0,8,0,0,8,20031003,김윤기,0/0/0/0/0/0/0,4,,,,실습,N,"월5,6,7,8",소재관및공동실험실습관(306),보기,,,,,4.0,
일반,,PROJ4312,2025200350,캡스톤디자인Ⅱ,신소재공학과,Y,0428211268,특필,2.0,주,32,N,절대,10,0,0,0,10,0,0,10,20181002,이상엽,0/0/0/0/0/0/0,4,,,,실습,N,"화1,2,3,4",소재관및공동실험실습관(306),보기,,,,,4.0,
일반,,PROJ4312,2025200351,캡스톤디자인Ⅱ,신소재공학과,Y,0428211268,특필,2.0,주,33,N,절대,10,0,0,0,10,0,0,8,20211707,구교진,0/0/0/0/0/0/0,4,,,,실습,N,"목1,2,3,4",소재관및공동실험실습관(306),보기,,,,,4.0,
일반,,PROJ4312,2025200352,캡스톤디자인Ⅱ,신소재공학과,Y,0428211268,특필,2.0,주,34,N,절대,10,0,0,0,10,0,0,10,20221006,신기현,0/0/0/0/0/0/0,4,,,,실습,N,"화6,7,8,9",소재관및공동실험실습관(306),보기,,,,,4.0,
일반,,PROJ1102,2025200251,공학설계입문,화학생명공학과,Y,8211539,특필,3.0,주,01,N,절대,30,27,1,1,1,0,0,19,20251003,임진규,0/0/0/0/0/0/0,1,,,Y,이론,N,"수6,7,8",산업정보관(304),보기,화학생명공학과 학생만 신청가능(타과생 불가),,,,3.0,기본전공
일반,,PROJ1102,2025200252,공학설계입문,화학생명공학과,Y,8211539,특필,3.0,주,02,N,절대,30,27,1,1,1,0,0,30,20241005,김정철,0/0/0/0/0/0/0,1,,,Y,이론,N,"화6,7,8",산업정보관(304),보기,화학생명공학과 학생만 신청가능(타과생 불가),,,,3.0,기본전공
일반,,PROJ1102,2025200253,공학설계입문,화학생명공학과,Y,8211539,특필,3.0,주,03,N,절대,30,27,1,1,1,0,0,12,20111024,최원산,0/0/0/0/0/0/0,1,,,Y,이론,N,"화6,7,8",화학환경관(615),보기,화학생명공학과 학생만 신청가능(타과생 불가),,,,3.0,기본전공
일반,,PROJ1102,2025200254,공학설계입문,화학생명공학과,Y,8211539,특필,3.0,주,04,N,상대,40,34,2,2,2,0,0,33,20251004,이영대,0/0/0/0/0/0/0,1,,블,Y,이론,N,"월6,7,8",화학환경관(615),보기,화학생명공학과 학생만 신청가능(타과생 불가),,,,3.0,기본전공
일반,,GUID100002,2025200249,진로설계1(자기이해와 대학생활),화학생명공학과,Y,8211539,특필,1.0,주,01,N,절대,30,24,2,2,2,0,0,15,20231017,김신혁,0/0/0/0/0/0/0,1,,,Y,이론,N,목5,화학환경관(108),보기,화학생명공학과 학생만 신청가능(타과생 불가),,,,1.0,
일반,,GUID100002,2025200250,진로설계1(자기이해와 대학생활),화학생명공학과,Y,8211539,특필,1.0,주,02,N,절대,30,24,2,2,2,0,0,11,20251004,이영대,0/0/0/0/0/0/0,1,,,Y,이론,N,수5,화학환경관(607-1),보기,화학생명공학과 학생만 신청가능(타과생 불가),,,,1.0,
일반,,CHEM110001,2025200840,화학생명공학입문,화학생명공학과,Y,0428211853,전선,2.0,주,01,N,절대,40,40,0,0,0,0,0,23,20181001,박주일,0/0/0/0/0/0/0,1,,,Y,이론,N,"화6,7",화학환경관(110),보기,융자대학생만 수강(화생공불가),,,,2.0,기본전공
일반,,CHEM2104,2025200849,물리화학(2),화학생명공학과,Y,8211853,전선,3.0,주,01,N,상대,40,0,0,0,0,40,40,39,20001013,홍성욱,0/0/0/0/0/0/0,2,,,Y,이론,N,"화2,3,4",화학환경관(109),보기,화공트랙만수강가능,,,,3.0,기본전공
일반,,CHEM2104,2025200850,물리화학(2),화학생명공학과,Y,0428211853,전선,3.0,주,02,N,상대,40,0,0,0,0,40,40,33,20181001,박주일,0/0/0/0/0/0/0,2,,,Y,이론,N,"화1,2,3",화학환경관(108),보기,화공트랙만수강가능,,,,3.0,기본전공
일반,,CHEM2104,2025200257,물리화학(2),화학생명공학과,Y,8211539,전선,3.0,주,06,N,상대,41,0,0,0,0,41,41,41,20231016,박제희,0/0/0/0/0/0/0,2,,,Y,이론,N,"월2,3,4",화학환경관(615),보기,응용화학생명공학트랙 학생만 신청,,,,3.0,기본전공
일반,,CHEM2106,2025200262,분자세포생물학(1),화학생명공학과,Y,8211539,전선,3.0,주,06,N,상대,48,0,0,0,0,48,48,46,20071063,여상엽,0/0/0/0/0/0/0,2,,,Y,이론,N,"목1,2,3",화학환경관(615),보기,응용화학생명공학트랙 학생만 신청,,,,3.0,기본전공
일반,,CHEM2107,2025200259,생화학(1),화학생명공학과,Y,8211539,전선,3.0,주,06,N,상대,34,0,30,2,2,0,0,32,20254005,이봉호,0/0/0/0/0/0/0,2,,,Y,이론,N,"화1,2,3",화학환경관(502),보기,응용화학생명공학트랙 학생만 신청,,,,3.0,기본전공
일반,,CHEM2107,2025200260,생화학(1),화학생명공학과,Y,8211539,전선,3.0,주,07,N,상대,34,0,30,2,2,0,0,31,20254005,이봉호,0/0/0/0/0/0/0,2,,,Y,이론,N,"수1,2,3",화학환경관(502),보기,응용화학생명공학트랙 학생만 신청,,,,3.0,기본전공
일반,,CHEM2124,2025200859,수치해석,화학생명공학과,Y,0428211853,전선,3.0,주,01,N,상대,33,0,28,1,1,3,3,33,20231017,김신혁,0/0/0/0/0/0/0,2,,,Y,이론,N,"목2,3,4",화학환경관(109),보기,화공트랙만수강가능,,,,3.0,
일반,,CHEM2110,2025200856,유기화학(2),화학생명공학과,Y,0428211853,전선,3.0,주,01,N,상대,45,0,0,0,0,45,45,44,20131008,유선율,0/0/0/0/0/0/0,2,,,Y,이론,N,"화6,7,8",화학환경관(108),보기,화공트랙만수강가능,,,,3.0,기본전공
일반,,CHEM2110,2025200258,유기화학(2),화학생명공학과,Y,8211539,전선,3.0,주,06,N,절대,60,0,52,4,4,0,0,29,19981010,박정호,0/0/0/0/0/0/0,2,,,Y,이론,N,"수6,7,8",화학환경관(501),보기,응용화학생명공학트랙 학생만 신청,,,,3.0,기본전공
일반,,CHEM2111,2025200264,유기화학실험,화학생명공학과,Y,8211539,전선,2.0,주,06,N,절대,27,0,27,0,0,0,0,27,19981010,박정호,0/0/0/0/0/0/0,2,,,Y,실습,N,"화6,7,8,9",화학환경관(419),보기,응용화학생명공학트랙 학생만 신청,,,,4.0,기본전공
일반,,CHEM2112,2025200261,응용미생물학,화학생명공학과,Y,8211539,전선,3.0,주,06,N,상대,41,0,0,0,0,41,41,41,20041009,김창섭,0/0/0/0/0/0/0,2,,,Y,이론,N,"월6,7,8",화학환경관(502),보기,응용화학생명공학트랙 학생만 신청,,,,3.0,기본전공
일반,,GUID200002,2025200858,진로설계2(진로탐색과 자기계발),화학생명공학과,Y,0428211853,특필,1.0,주,01,N,절대,35,0,27,1,2,5,5,35,20181001,박주일,0/0/0/0/0/0/0,2,,,Y,이론,N,월5,화학환경관(108),보기,화공트랙만수강가능,,,,1.0,
일반,,GUID200002,2025200255,진로설계2(진로탐색과 자기계발),화학생명공학과,Y,8211539,특필,1.0,주,06,N,절대,31,0,0,0,0,31,31,31,20231016,박제희,0/0/0/0/0/0/0,2,,,Y,이론,N,수5,화학환경관(501),보기,응용화학생명공학트랙 학생만 신청,,,,1.0,
일반,,CHEM2115,2025200852,화공기초실험(2),화학생명공학과,Y,0428211853,전선,2.0,주,01,N,절대,24,0,18,1,1,4,4,23,20041056,이충곤,0/0/0/0/0/0/0,2,,,Y,실습,N,"월6,7,8,9",화학환경관(101),보기,화공트랙만수강가능,,,,4.0,기본전공
일반,,CHEM2115,2025200853,화공기초실험(2),화학생명공학과,Y,0428211853,전선,2.0,주,02,N,절대,24,0,18,1,1,4,4,22,20181001,박주일,0/0/0/0/0/0/0,2,,,Y,실습,N,"수6,7,8,9",화학환경관(101),보기,화공트랙만수강가능,,,,4.0,기본전공
일반,,CHEM2116,2025200851,화공생물공학,화학생명공학과,Y,0428211853,전선,3.0,주,01,N,상대,45,0,0,0,0,45,45,44,"20041008,20231017","우승한,김신혁",0/0/0/0/0/0/0,2,,,Y,이론,N,"수6,7,8",화학환경관(108),보기,화공트랙만수강가능,,,,3.0,기본전공
일반,,CHEM2117,2025200256,화공양론,화학생명공학과,Y,8211539,전선,3.0,주,06,N,상대,80,0,70,5,5,0,0,66,19971006,고장면,0/0/0/0/0/0/0,2,,온,Y,이론,N,"금1,2,3",화학환경관(615),보기,응용화학생명공학트랙 학생만 신청,,,,3.0,기본전공
일반,,CHEM2119,2025200854,화공양론(2),화학생명공학과,Y,0428211853,전선,3.0,주,01,N,상대,40,0,31,2,2,5,5,40,20131008,유선율,0/0/0/0/0/0/0,2,,,Y,이론,N,"월1,2,3",화학환경관(109),보기,화공트랙만수강가능,,,,3.0,기본전공
일반,,CHEM2119,2025200855,화공양론(2),화학생명공학과,Y,0428211853,전선,3.0,주,02,N,상대,40,0,31,2,2,5,5,34,20181001,박주일,0/0/0/0/0/0/0,2,,,Y,이론,N,"월1,2,3",화학환경관(110),보기,화공트랙만수강가능,,,,3.0,기본전공
일반,,CHEM2121,2025200857,화공재료공학,화학생명공학과,Y,0428211853,전선,3.0,주,01,N,상대,46,0,38,1,1,6,6,46,20131008,유선율,0/0/0/0/0/0/0,2,,,Y,이론,N,"수2,3,4",화학환경관(108),보기,화공트랙만수강가능,,,,3.0,
일반,,CHEM3102,2025200280,고분자공학실험,화학생명공학과,Y,8211539,전선,2.0,주,06,N,절대,25,0,0,0,0,25,25,23,19971006,고장면,0/0/0/0/0/0/0,3,,,Y,실습,N,"목1,2,3,4",화학환경관(419),보기,응용화학생명공학트랙 학생만 신청,,,,4.0,기본전공
일반,,CHEM3301,2025200271,고분자재료,화학생명공학과,Y,8211539,심선,3.0,주,06,N,상대,45,0,0,43,2,0,0,44,20111024,최원산,0/0/0/0/0/0/0,3,,,Y,이론,N,"수6,7,8",화학환경관(615),보기,응용화학생명공학트랙 학생만 신청,,,,3.0,
일반,,CHEM3103,2025200273,기기분석(1),화학생명공학과,Y,8211539,전선,3.0,주,06,N,상대,44,0,0,0,0,44,44,41,20251012,김태현,0/0/0/0/0/0/0,3,,,Y,이론,N,"수1,2,3",화학환경관(615),보기,응용화학생명공학트랙 학생만 신청,,,,3.0,기본전공
일반,,CHEM3104,2025200282,기기분석실험,화학생명공학과,Y,8211539,전선,2.0,주,06,N,절대,24,0,0,22,2,0,0,24,20251012,김태현,0/0/0/0/0/0/0,3,,,Y,실습,N,"목1,2,3,4",화학환경관(418),보기,응용화학생명공학트랙 학생만 신청,,,,4.0,기본전공
일반,,CHEM3109,2025200889,물질전달,화학생명공학과,Y,0428211853,전선,3.0,주,01,N,상대,36,0,0,0,0,36,36,36,20251003,임진규,0/0/0/0/0/0/0,3,,,Y,이론,N,"화2,3,4",산업정보관(304),보기,화공트랙 학생 수강신청,,,,3.0,기본전공
일반,,CHEM3109,2025200888,물질전달,화학생명공학과,Y,0428211853,전선,3.0,주,02,N,상대,35,0,0,0,0,35,35,33,20251003,임진규,0/0/0/0/0/0/0,3,,,Y,이론,N,"목6,7,8",화학환경관(108),보기,화공트랙 학생 수강신청,,,,3.0,기본전공
일반,,CHEM3303,2025200879,반응공학(2),화학생명공학과,Y,0428211853,심선,3.0,주,01,N,상대,40,0,0,0,0,40,40,25,20041056,이충곤,0/0/0/0/0/0/0,3,,,Y,이론,N,"화1,수6,7","화학환경관(109),화학환경관(109)",보기,화공트랙 학생 수강신청,,,,3.0,
일반,,CHEM3113,2025200277,생물공학,화학생명공학과,Y,8211539,전선,3.0,주,06,N,상대,40,0,0,38,2,0,0,33,20041009,김창섭,0/0/0/0/0/0/0,3,,,Y,이론,N,"화6,7,8",화학환경관(501),보기,응용화학생명공학트랙 학생만 신청,,,,3.0,기본전공
일반,,CHEM3304,2025200877,열전달,화학생명공학과,Y,0428211853,심선,3.0,주,01,N,상대,37,0,0,33,2,2,2,37,20231017,김신혁,0/0/0/0/0/0/0,3,,,Y,이론,N,"월6,7,8",화학환경관(108),보기,화공트랙 학생 수강신청,,,,3.0,
일반,,CHEM3304,2025200878,열전달,화학생명공학과,Y,0428211853,심선,3.0,주,02,N,상대,35,0,0,0,0,35,35,23,20001013,홍성욱,0/0/0/0/0/0/0,3,,,Y,이론,N,"수6,7,8",화학환경관(110),보기,화공트랙 학생 수강신청,,,,3.0,
일반,,CHEM3117,2025200269,융합응용화학,화학생명공학과,Y,8211539,전선,3.0,주,06,N,상대,45,0,0,43,2,0,0,44,20111024,최원산,0/0/0/0/0/0/0,3,,,Y,이론,N,"목6,7,8",화학환경관(615),보기,응용화학생명공학트랙 학생만 신청,,,,3.0,기본전공
일반,,CHEM3305,2025200278,의약화학,화학생명공학과,Y,8211539,심선,3.0,주,06,N,절대,40,0,0,38,2,0,0,32,19981010,박정호,0/0/0/0/0/0/0,3,,,Y,이론,N,"화1,2,3",화학환경관(615),보기,응용화학생명공학트랙 학생만 신청,,,,3.0,
일반,,GUID300002,2025200880,진로설계3(진로설정과 경력개발),화학생명공학과,Y,0428211853,특필,1.0,주,01,N,절대,37,0,0,0,0,37,37,37,20181001,박주일,0/0/0/0/0/0/0,3,,,Y,이론,N,수1,화학환경관(108),보기,화공트랙 학생 수강신청,,,,1.0,
일반,,GUID300002,2025200268,진로설계3(진로설정과 경력개발),화학생명공학과,Y,8211539,특필,1.0,주,06,N,절대,36,0,0,34,2,0,0,33,19951006,최병욱,0/0/0/0/0/0/0,3,,,Y,이론,N,월5,화학환경관(501),보기,응용화학생명공학트랙 학생만 신청,,,,1.0,
일반,,CHEM3306,2025200274,천연물화학,화학생명공학과,Y,8211539,심선,3.0,주,06,N,절대,40,0,0,38,2,0,0,34,19951006,최병욱,0/0/0/0/0/0/0,3,,,Y,이론,N,"월6,7,8",화학환경관(501),보기,응용화학생명공학트랙 학생만 신청,,,,3.0,
일반,,CHEM3120,2025200885,화공안전공학,화학생명공학과,Y,0428211853,전선,3.0,주,01,N,상대,45,0,0,0,0,45,45,45,20241005,김정철,0/0/0/0/0/0/0,3,,,Y,이론,N,"월2,3,4",화학환경관(108),보기,화공트랙 학생 수강신청,,,,3.0,기본전공
일반,,CHEM3122,2025200883,화공열역학(2),화학생명공학과,Y,0428211853,전선,3.0,주,01,N,상대,35,0,0,0,0,35,35,18,20241005,김정철,0/0/0/0/0/0/0,3,,,Y,이론,N,"월6,7,8",화학환경관(109),보기,화공트랙 학생 수강신청,,,,3.0,기본전공
일반,,CHEM3122,2025200882,화공열역학(2),화학생명공학과,Y,0428211853,전선,3.0,주,02,N,상대,37,0,0,33,2,2,2,37,20241005,김정철,0/0/0/0/0/0/0,3,,,Y,이론,N,"수2,3,4",화학환경관(110),보기,화공트랙 학생 수강신청,,,,3.0,기본전공
일반,,CHEM3124,2025200874,화학공학실험(2),화학생명공학과,Y,0428211853,전선,2.0,주,01,N,절대,20,0,0,0,0,20,20,19,"20041008,20001013","우승한,홍성욱",0/0/0/0/0/0/0,3,,,Y,실습,N,"목6,7,8,9",화학환경관(102),보기,화공트랙 학생 수강신청,,,,4.0,기본전공
일반,,CHEM3308,2025200876,환경공학,화학생명공학과,Y,0428211853,심선,3.0,주,01,N,상대,45,0,0,38,2,5,5,45,20001013,홍성욱,0/0/0/0/0/0/0,3,,,Y,이론,N,"목2,3,4",화학환경관(108),보기,정정기간(화공트랙4학년만 승인),,,,3.0,
일반,,CHEM4301,2025200294,고분자합성,화학생명공학과,Y,8211539,심선,3.0,주,06,N,상대,40,0,0,0,40,0,0,32,20231016,박제희,0/0/0/0/0/0/0,4,,,Y,이론,N,"화6,7,8",화학환경관(502),보기,응용화학생명공학트랙학생만 신청 가능,,,,3.0,
일반,,CHEM4305,2025200909,기기분석 및 실습,화학생명공학과,Y,0428211853,심선,3.0,주,01,N,상대,32,0,0,0,30,2,2,32,20251013,정성원,0/0/0/0/0/0/0,4,,,Y,이론실습,N,"월6,7,8,9",화학환경관(110),보기,화학공학트랙 학생 수강,,,,4.0,
일반,,CHEM4307,2025200908,나노미립자공학,화학생명공학과,Y,0428211853,심선,3.0,주,01,N,상대,40,0,0,0,40,0,0,29,20251003,임진규,0/0/0/0/0/0/0,4,,,Y,이론,N,"목2,3,4",화학환경관(110),보기,화학공학트랙 학생 수강,,,,3.0,
일반,,CHEM4308,2025200293,나노바이오,화학생명공학과,Y,8211539,심선,3.0,주,06,N,상대,40,0,0,0,40,0,0,21,20181009,최진실,0/0/0/0/0/0/0,4,,블,Y,이론,N,"화1,2,3",화학환경관(501),보기,응용화학생명공학트랙학생만 신청 가능,,,,3.0,
일반,,CHEM530001,2025200899,생활화학창업,화학생명공학과,Y,0428211853,심선,3.0,주,01,N,상대,40,0,0,0,40,0,0,14,"20041008,20181007","우승한,변영조",0/0/0/0/0/0/0,4,,,Y,이론,N,"화6,7,8",화학환경관(109),보기,화학공학트랙 학생 수강,,,,3.0,
일반,,CHEM4316,2025200295,에너지재료,화학생명공학과,Y,8211539,심선,3.0,주,06,N,상대,40,0,0,0,40,0,0,20,20231016,박제희,0/0/0/0/0/0/0,4,,블,Y,이론,N,"수6,7,8",화학환경관(502),보기,응용화학생명공학트랙학생만 신청 가능,,,,3.0,
일반,,CHEM4317,2025200910,유기단위공정,화학생명공학과,Y,0428211853,심선,3.0,주,01,N,상대,40,0,0,0,40,0,0,19,20251013,정성원,0/0/0/0/0/0/0,4,,,Y,이론,N,"화1,2,3",전기전자관(010),보기,화학공학트랙 학생 수강,,,,3.0,
일반,,GUID400002,2025200907,진로설계4(취업전략과 실전취업),화학생명공학과,Y,0428211853,특필,1.0,주,01,N,절대,35,0,0,0,30,5,5,33,20241005,김정철,0/0/0/0/0/0/0,4,,,Y,이론,N,화5,화학환경관(108),보기,화학공학트랙 학생 수강,,,,1.0,
일반,,GUID400002,2025200292,진로설계4(취업전략과 실전취업),화학생명공학과,Y,8211539,특필,1.0,주,06,N,절대,30,0,0,0,30,0,0,23,20181009,최진실,0/0/0/0/0/0/0,4,,,Y,이론,N,화5,화학환경관(502),보기,응용화학생명공학트랙학생만 신청 가능,,,,1.0,
일반,,CHEM430027,2025200901,창의종합설계(화학공학),화학생명공학과,Y,0428211853,심선,3.0,주,01,N,상대,16,0,0,0,16,0,0,16,"20041008,20131008","우승한,유선율",0/0/0/0/0/0/0,4,,,Y,이론실습,N,"금1,2,3,4",화학환경관(108),보기,화학공학트랙 학생 수강,,,,4.0,화학공학
일반,,CHEM430027,2025200902,창의종합설계(화학공학),화학생명공학과,Y,0428211853,심선,3.0,주,02,N,절대,16,0,0,0,16,0,0,15,20041056,이충곤,0/0/0/0/0/0/0,4,,,Y,이론실습,N,"금1,2,3,4",화학환경관(109),보기,화학공학트랙 학생 수강,,,,4.0,화학공학
일반,,CHEM430027,2025200903,창의종합설계(화학공학),화학생명공학과,Y,0428211853,심선,3.0,주,03,N,절대,16,0,0,0,16,0,0,8,20231017,김신혁,0/0/0/0/0/0/0,4,,,Y,이론실습,N,"금1,2,3,4",화학환경관(110),보기,화학공학트랙 학생 수강,,,,4.0,화학공학
일반,,CHEM430027,2025200904,창의종합설계(화학공학),화학생명공학과,Y,0428211853,심선,3.0,주,04,N,절대,16,0,0,0,16,0,0,4,20241005,김정철,0/0/0/0/0/0/0,4,,,Y,이론실습,N,"금1,2,3,4",산업정보관(304),보기,화학공학트랙 학생 수강,,,,4.0,화학공학
일반,,CHEM4324,2025200296,캡스톤디자인(응용화학생명공학),화학생명공학과,Y,8211539,심선,3.0,주,06,N,절대,20,0,0,0,20,0,0,15,19971006,고장면,0/0/0/0/0/0/0,4,,,Y,이론실습,N,"월1,2,3,4",화학환경관(507),보기,응용화학생명공학트랙학생만 신청 가능,,,,4.0,
일반,,CHEM4324,2025200298,캡스톤디자인(응용화학생명공학),화학생명공학과,Y,8211539,심선,3.0,주,08,N,절대,20,0,0,0,20,0,0,20,20251004,이영대,0/0/0/0/0/0/0,4,,,Y,이론실습,N,"월1,2,3,4",화학환경관(607-1),보기,응용화학생명공학트랙학생만 신청 가능,,,,4.0,
일반,,CHEM4321,2025200905,화학공학특강,화학생명공학과,Y,042821853,심선,3.0,주,01,N,절대,40,0,0,0,40,0,0,15,20181001,박주일,0/0/0/0/0/0/0,4,,,Y,이론,N,"수2,3,4",화학환경관(109),보기,화학공학트랙 학생 수강,,,,3.0,
일반,,CHEM4325,2025200906,화학산업과 인공지능의 응용,화학생명공학과,Y,0428211853,심선,3.0,주,01,N,절대,30,0,0,0,30,0,0,16,20231017,김신혁,0/0/0/0/0/0/0,4,,,Y,이론,N,"월2,3,4",화학환경관(103),보기,화학공학트랙 학생 수강,,,,3.0,
일반,,CHEM4322,2025200912,화학생명공학특강,화학생명공학과,Y,8211539,심선,2.0,주,06,N,절대,40,0,0,0,40,0,0,13,20071063,여상엽,0/0/0/0/0/0/0,4,,,Y,이론,N,"월6,7",화학환경관(507),보기,응용화학생명공학 트랙만 수강가능,,,,2.0,
일반,,IMEN1101,2025200787,산업경영공학개론,산업경영공학과,Y,0428211224,전필,3.0,주,01,Y,상대,63,53,0,0,0,10,10,61,20041010,배성민,0/0/0/0/0/0/0,1,,,Y,이론,N,"월6,7,8",산업정보관(202),보기,,,,,3.0,기본전공
일반,,IMEN100001,2025201420,산업경영공학개론(융합자율대학),산업경영공학과,Y,0428211224,전필,3.0,주,01,N,절대,30,30,0,0,0,0,0,13,20041010,배성민,0/0/0/0/0/0/0,1,,,Y,이론,N,"화6,7,8",산업정보관(101),보기,융합자율대학 학생만 수강 가능함,,,,3.0,기본전공
일반,,OMNI1003,2025200789,스마트팩토리개론,산업경영공학과,Y,0428211224,특선,1.0,주,01,Y,절대,200,50,0,0,0,150,150,197,20181013,김재성,0/0/0/0/0/0/0,1,,온,Y,이론,N,화5,산업정보관(202),보기,,,,,1.0,기본전공
일반,,GUID100002,2025200788,진로설계1(자기이해와 대학생활),산업경영공학과,Y,0428211224,특필,1.0,주,01,Y,절대,35,30,0,0,0,5,5,26,20181010,백수정,0/0/0/0/0/0/0,1,,,Y,이론,N,월9,산업정보관(204),보기,,,,,1.0,
일반,,PROJ100010,2025201421,창의적공학설계(융합자율대학),산업경영공학과,Y,0428211224,특필,3.0,주,01,N,절대,30,30,0,0,0,0,0,21,20241011,박형준,0/0/0/0/0/0/0,1,,,Y,이론실습,N,"수6,7,8,9",산업정보관(101),보기,융합자율대학 학생만 수강 가능함,,,,4.0,미선택
일반,,IMEN3202,2025200798,감성공학,산업경영공학과,Y,0428211224,심선,3.0,주,01,Y,상대,35,0,30,0,0,5,5,24,20031019,민병찬,0/0/0/0/0/0/0,2,,,Y,이론,N,"수2,3,4",산업정보관(201),보기,,,,,3.0,
일반,,IMEN210005,2025200792,객체지향프로그래밍,산업경영공학과,Y,0428211224,전필,3.0,주,01,Y,상대,40,0,30,0,0,10,10,26,20111010,신문수,0/0/0/0/0/0/0,2,,블,Y,이론실습,N,"월6,7,8,9",산업정보관(220),보기,,,,,4.0,기본전공
일반,,IMEN210005,2025200795,객체지향프로그래밍,산업경영공학과,Y,0428211224,전필,3.0,주,02,Y,상대,40,0,30,0,0,10,10,32,20111010,신문수,0/0/0/0/0/0/0,2,,블,Y,이론실습,N,"화6,7,8,9",산업정보관(220),보기,,,,,4.0,기본전공
일반,,IMEN210006,2025200796,공업통계응용,산업경영공학과,Y,0428211224,전선,3.0,주,01,Y,상대,40,0,30,0,0,10,10,28,20151012,김태구,0/0/0/0/0/0/0,2,,블,Y,이론,N,"화2,3,4",산업정보관(205),보기,,,,,3.0,기본전공
일반,,IMEN210007,2025200797,기술경영개론,산업경영공학과,Y,0428211224,전선,3.0,주,01,Y,상대,36,0,31,0,0,5,5,35,20231001,곽기호,0/0/0/0/0/0/0,2,,,Y,이론,N,"수6,7,8",산업정보관(204),보기,,,,,3.0,기본전공
일반,,IMEN210004,2025200793,선형대수,산업경영공학과,Y,0428211224,전필,3.0,주,01,Y,상대,35,0,30,0,0,5,5,23,20231001,곽기호,0/0/0/0/0/0/0,2,,,Y,이론,N,"월1,2,3",산업정보관(201),보기,,,,,3.0,기본전공
일반,,IMEN210004,2025200794,선형대수,산업경영공학과,Y,0428211224,전필,3.0,주,02,Y,상대,35,0,30,0,0,5,5,31,20231001,곽기호,0/0/0/0/0/0/0,2,,,Y,이론,N,"목2,3,4",산업정보관(201),보기,,,,,3.0,기본전공
일반,,GUID200002,2025200799,진로설계2(진로탐색과 자기계발),산업경영공학과,Y,0428211224,특필,1.0,주,01,Y,절대,40,0,30,0,0,10,10,22,20241011,박형준,0/0/0/0/0/0/0,2,,,Y,이론,N,화1,산업정보관(202),보기,,,,,1.0,
일반,,IMEN210008,2025200790,품질경영개론,산업경영공학과,Y,0428211224,전필,3.0,주,01,Y,상대,40,0,30,0,0,10,10,24,20181010,백수정,0/0/0/0/0/0/0,2,,블,Y,이론,N,"화6,7,8",산업정보관(204),보기,,,,,3.0,기본전공
일반,,IMEN210008,2025200791,품질경영개론,산업경영공학과,Y,0428211224,전필,3.0,주,02,Y,상대,40,0,30,0,0,10,10,31,20181010,백수정,0/0/0/0/0/0/0,2,,블,Y,이론,N,"월6,7,8",산업정보관(204),보기,,,,,3.0,기본전공
일반,,IMEN3103,2025200800,경영과학응용,산업경영공학과,Y,0428211224,전필,3.0,주,01,Y,상대,35,0,0,30,0,5,5,34,20151002,김기태,0/0/0/0/0/0/0,3,,블,Y,이론실습,N,"화6,7,8,9",산업정보관(201),보기,,,,,4.0,기본전공
일반,,IMEN3103,2025200801,경영과학응용,산업경영공학과,Y,0428211224,전필,3.0,주,02,Y,상대,45,0,0,35,0,10,10,44,20151002,김기태,0/0/0/0/0/0/0,3,,블,Y,이론실습,N,"화10,11,12,13",산업정보관(202),보기,,,,,4.0,기본전공
일반,,IMEN310029,2025200806,경영정보시스템,산업경영공학과,Y,0428211224,전선,3.0,주,01,Y,상대,37,0,0,32,0,5,5,34,20041010,배성민,0/0/0/0/0/0/0,3,,,Y,이론실습,N,"화1,2,3,4",산업정보관(204),보기,,,,,4.0,기본전공
일반,,PROJ3003,2025200809,글로벌캡스톤디자인,산업경영공학과,Y,0428211224,특선,3.0,주,01,Y,절대,30,0,0,20,0,10,10,6,20241001,염재선,0/0/0/0/0/0/0,3,,,Y,이론실습,N,"월1,2,3,4",산업정보관(205),보기,,,,,4.0,
일반,,IMEN310030,2025200802,실험계획법,산업경영공학과,Y,0428211224,전필,3.0,주,01,Y,상대,36,0,0,31,0,5,5,36,20071050,류태범,0/0/0/0/0/0/0,3,,,Y,이론실습,N,"수10,11,12,13",산업정보관(204),보기,,,,,4.0,기본전공
일반,,IMEN310030,2025200803,실험계획법,산업경영공학과,Y,0428211224,전필,3.0,주,02,Y,상대,45,0,0,35,0,10,10,37,20071050,류태범,0/0/0/0/0/0/0,3,,,Y,이론실습,N,"수6,7,8,9",산업정보관(202),보기,,,,,4.0,기본전공
일반,,IMEN3118,2025200807,의사결정론,산업경영공학과,Y,0428211224,전선,3.0,주,01,Y,상대,35,0,0,30,0,5,5,20,20234020,강진규,0/0/0/0/0/0/0,3,,,Y,이론,N,"월2,3,4",산업정보관(204),보기,,,,,3.0,기본전공
일반,,IMEN310031,2025200804,인간공학,산업경영공학과,Y,0428211224,전필,3.0,주,01,Y,상대,35,0,0,30,0,5,5,35,20031019,민병찬,0/0/0/0/0/0/0,3,,,Y,이론,N,"수6,7,8",산업정보관(201),보기,,,,,3.0,기본전공
일반,,IMEN310031,2025200805,인간공학,산업경영공학과,Y,0428211224,전필,3.0,주,02,Y,상대,45,0,0,35,0,10,10,37,20031019,민병찬,0/0/0/0/0/0/0,3,,,Y,이론,N,"화6,7,8",산업정보관(202),보기,,,,,3.0,기본전공
일반,,IMEN3209,2025200808,조사분석론,산업경영공학과,Y,0428211224,심선,3.0,주,01,Y,절대,35,0,0,30,0,5,5,14,20241001,염재선,0/0/0/0/0/0/0,3,,,Y,이론실습,N,"수1,2,3,4",산업정보관(204),보기,,,,,4.0,
일반,,GUID300002,2025200811,진로설계3(진로설정과 경력개발),산업경영공학과,Y,0428211224,특필,1.0,주,01,Y,절대,40,0,0,30,0,10,10,35,20151012,김태구,0/0/0/0/0/0/0,3,,,Y,이론,N,월9,산업정보관(202),보기,,,,,1.0,
일반,,IMEN320017,2025200810,품질관리및신뢰성,산업경영공학과,Y,0428211224,심선,3.0,주,01,Y,상대,35,0,0,30,0,5,5,15,20234021,서재준,0/0/0/0/0/0/0,3,,,Y,이론,N,"목6,7,8",산업정보관(201),보기,,,,,3.0,
일반,,IMEN420006,2025200816,불확실성하의 의사결정,산업경영공학과,Y,0428211224,심선,3.0,주,01,Y,상대,35,0,0,0,30,5,5,17,20241011,박형준,0/0/0/0/0/0/0,4,,,Y,이론,N,"화2,3,4",산업정보관(201),보기,,,,,3.0,
일반,,IMEN420003,2025200817,산업인공지능,산업경영공학과,Y,0428211224,심선,3.0,주,01,Y,상대,35,0,0,0,30,5,5,31,20241011,박형준,0/0/0/0/0/0/0,4,,,Y,이론,N,"목6,7,8",산업정보관(205),보기,,,,,3.0,
일반,,IMEN3121,2025200812,제품개발론,산업경영공학과,Y,0428211224,전선,3.0,주,01,Y,상대,35,0,15,0,15,5,5,12,20071050,류태범,0/0/0/0/0/0/0,4,,,Y,이론,N,"월6,7,8",산업정보관(205),보기,,,,,3.0,
일반,,GUID400002,2025200818,진로설계4(취업전략과 실전취업),산업경영공학과,Y,0428211224,특필,1.0,주,01,Y,절대,35,0,0,0,30,5,5,27,20071050,류태범,0/0/0/0/0/0/0,4,,,Y,이론,N,수5,산업정보관(202),보기,,,,,1.0,
일반,,IMEN3213,2025200815,품질검사,산업경영공학과,Y,0428211224,심선,3.0,주,01,Y,상대,35,0,0,0,30,5,5,17,20151012,김태구,0/0/0/0/0/0/0,4,,,Y,이론,N,"수6,7,8",산업정보관(205),보기,,,,,3.0,
일반,,IMEN3214,2025200813,프로젝트관리론,산업경영공학과,Y,0428211224,심선,3.0,주,01,Y,상대,40,0,0,0,30,10,10,30,20241011,박형준,0/0/0/0/0/0/0,4,,블,Y,이론,N,"목2,3,4",산업정보관(205),보기,,,,,3.0,
일반,,BNPE120001,2025200582,건축기계설비시스템개론,설비공학과,Y,8211176,전선,3.0,주,01,Y,절대,30,0,0,0,0,30,30,4,20231002,오원석,0/0/0/0/0/0/0,1,,,Y,이론,N,"금2,3,4",그린에너지관(301),보기,융합자율대학 학생 전공기초 교과목,,,,3.0,
일반,,BNPE1101,2025200585,공업수학,설비공학과,Y,8211176,전선,3.0,주,01,Y,상대,30,0,0,0,0,30,30,22,20231003,문주현,0/0/0/0/0/0/0,1,,,Y,이론,N,"화6,7,8",그린에너지관(508),보기,타과 학생 수강 불가,,,,3.0,기본전공
일반,,PROJ1201,2025200583,공학설계입문,설비공학과,Y,8211176,특필,3.0,주,01,Y,상대,29,0,0,0,0,29,29,21,20231002,오원석,0/0/0/0/0/0/0,1,,,Y,이론실습,N,"수1,2,3,4",그린에너지관(105),보기,타과 학생 수강 불가,,,,4.0,기본전공
일반,,PROJ1201,2025200584,공학설계입문,설비공학과,Y,8211176,특필,3.0,주,02,Y,상대,29,0,0,0,0,29,29,29,20231002,오원석,0/0/0/0/0/0/0,1,,,Y,이론실습,N,"수6,7,8,9",그린에너지관(105),보기,타과 학생 수강 불가,,,,4.0,기본전공
일반,,GUID100002,2025200586,진로설계1(자기이해와 대학생활),설비공학과,Y,8211176,특필,1.0,주,01,Y,절대,40,0,0,0,0,40,40,13,20231003,문주현,0/0/0/0/0/0/0,1,,,Y,이론,N,화9,그린에너지관(508),보기,타과 학생 수강 불가,,,,1.0,
일반,,BNPE2103,2025200592,건축설비계획,설비공학과,Y,8211176,전필,3.0,주,01,Y,상대,30,0,0,0,0,30,30,30,20251002,임한솔,0/0/0/0/0/0/0,2,,,Y,이론,N,"금2,3,4",그린에너지관(103),보기,타과 학생 수강 불가,,,,3.0,기본전공
일반,,BNPE2103,2025200593,건축설비계획,설비공학과,Y,8211176,전필,3.0,주,02,Y,상대,30,0,0,0,0,30,30,26,20251002,임한솔,0/0/0/0/0/0/0,2,,,Y,이론,N,"금6,7,8",그린에너지관(103),보기,타과 학생 수강 불가,,,,3.0,기본전공
일반,,BNPE2105,2025200590,설비열역학,설비공학과,Y,8211176,전선,3.0,주,01,Y,상대,25,0,0,0,0,25,25,24,20211203,박병용,0/0/0/0/0/0/0,2,,,Y,이론,N,"월2,3,4",그린에너지관(103),보기,타과 학생 수강 불가,,,,3.0,기본전공
일반,,BNPE2105,2025200591,설비열역학,설비공학과,Y,8211176,전선,3.0,주,02,Y,상대,25,0,0,0,0,25,25,22,20211203,박병용,0/0/0/0/0/0/0,2,,,Y,이론,N,"월6,7,8",그린에너지관(103),보기,타과 학생 수강 불가,,,,3.0,기본전공
일반,,BNPE2108,2025200597,설비환경실험,설비공학과,Y,8211176,전필,3.0,주,01,Y,상대,25,0,0,0,0,25,25,22,20161002,도성록,0/0/0/0/0/0/0,2,,,Y,이론실습,N,"수1,2,3,4",그린에너지관(103),보기,타과 학생 수강 불가,,,,4.0,기본전공
일반,,BNPE2108,2025200610,설비환경실험,설비공학과,Y,8211176,전필,3.0,주,02,Y,상대,25,0,0,0,0,25,25,25,20161002,도성록,0/0/0/0/0/0/0,2,,,Y,이론실습,N,"수6,7,8,9",그린에너지관(103),보기,타과 학생 수강 불가,,,,4.0,기본전공
일반,,BNPE2111,2025200612,위생설비설계,설비공학과,Y,8211176,전필,3.0,주,01,Y,절대,25,0,0,0,0,25,25,25,20191021,조진균,0/0/0/0/0/0/0,2,,,Y,이론실습,N,"화1,2,3,4",그린에너지관(103),보기,타과 학생 수강 불가,,,,4.0,기본전공
일반,,BNPE2111,2025200614,위생설비설계,설비공학과,Y,8211176,전필,3.0,주,02,Y,절대,26,0,0,0,0,26,26,26,20191021,조진균,0/0/0/0/0/0/0,2,,,Y,이론실습,N,"화6,7,8,9",그린에너지관(103),보기,타과 학생 수강 불가,,,,4.0,기본전공
일반,,BNPE2112,2025200594,유체기계,설비공학과,Y,8211176,전필,3.0,주,01,Y,상대,26,0,0,0,0,26,26,26,20241002,윤영직,0/0/0/0/0/0/0,2,,,Y,이론,N,"목2,3,4",그린에너지관(103),보기,타과 학생 수강 불가,,,,3.0,기본전공
일반,,BNPE2112,2025200595,유체기계,설비공학과,Y,8211176,전필,3.0,주,02,Y,상대,27,0,0,0,0,27,27,27,20241002,윤영직,0/0/0/0/0/0/0,2,,,Y,이론,N,"목6,7,8",그린에너지관(103),보기,타과 학생 수강 불가,,,,3.0,기본전공
일반,,BNPE2115,2025200589,전기·제어실험,설비공학과,Y,8211176,전필,3.0,주,01,Y,절대,50,0,0,0,0,50,50,46,20255021,이민구,0/0/0/0/0/0/0,2,,,Y,이론실습,N,"목9,10,11,12",그린에너지관(105),보기,타과 학생 수강 불가,,,,4.0,기본전공
일반,,GUID200002,2025200587,진로설계2(진로탐색과 자기계발),설비공학과,Y,8211176,특필,1.0,주,01,Y,절대,40,0,0,0,0,40,40,9,20241002,윤영직,0/0/0/0/0/0/0,2,,,Y,이론,N,화10,그린에너지관(103),보기,타과 학생 수강 불가,,,,1.0,
일반,,BNPE3202,2025200631,건물에너지성능평가,설비공학과,Y,8211176,심필,3.0,주,01,Y,상대,26,0,0,0,0,26,26,25,20161002,도성록,0/0/0/0/0/0/0,3,,,Y,이론실습,N,"화1,2,3,4",그린에너지관(313),보기,타과 학생 수강 불가,,,,4.0,
일반,,BNPE3202,2025200634,건물에너지성능평가,설비공학과,Y,8211176,심필,3.0,주,02,Y,상대,26,0,0,0,0,26,26,26,20161002,도성록,0/0/0/0/0/0/0,3,,,Y,이론실습,N,"화6,7,8,9",그린에너지관(313),보기,타과 학생 수강 불가,,,,4.0,
일반,,BNPE3204,2025200627,난방설비설계,설비공학과,Y,8211176,심필,3.0,주,01,Y,상대,26,0,0,0,0,26,26,26,20231003,문주현,0/0/0/0/0/0/0,3,,,Y,이론실습,N,"목1,2,3,4",그린에너지관(104),보기,타과 학생 수강 불가,,,,4.0,
일반,,BNPE3204,2025200628,난방설비설계,설비공학과,Y,8211176,심필,3.0,주,02,Y,상대,26,0,0,0,0,26,26,25,20231003,문주현,0/0/0/0/0/0/0,3,,,Y,이론실습,N,"목6,7,8,9",그린에너지관(104),보기,타과 학생 수강 불가,,,,4.0,
일반,,BNPE3205,2025200646,설비수치해석,설비공학과,Y,8211176,심필,3.0,주,01,Y,상대,26,0,0,0,0,26,26,26,20241002,윤영직,0/0/0/0/0/0/0,3,,,Y,이론,N,"월2,3,4",그린에너지관(105),보기,타과 학생 수강 불가,,,,3.0,
일반,,BNPE3205,2025200650,설비수치해석,설비공학과,Y,8211176,심필,3.0,주,02,Y,상대,26,0,0,0,0,26,26,26,20241002,윤영직,0/0/0/0/0/0/0,3,,,Y,이론,N,"월6,7,8",그린에너지관(105),보기,타과 학생 수강 불가,,,,3.0,
일반,,BNPE3206,2025200625,설비자동제어,설비공학과,Y,8211176,심필,3.0,주,01,Y,상대,25,0,0,0,0,25,25,25,20231002,오원석,0/0/0/0/0/0/0,3,,,Y,이론,N,"월2,3,4",그린에너지관(104),보기,타과 학생 수강 불가,,,,3.0,
일반,,BNPE3206,2025200626,설비자동제어,설비공학과,Y,8211176,심필,3.0,주,02,Y,상대,25,0,0,0,0,25,25,25,20231002,오원석,0/0/0/0/0/0/0,3,,,Y,이론,N,"월6,7,8",그린에너지관(104),보기,타과 학생 수강 불가,,,,3.0,
일반,,BNPE3207,2025200622,소방설비,설비공학과,Y,8211176,심선,3.0,주,01,Y,상대,30,0,0,0,0,30,30,15,20205117,이웅복,0/0/0/0/0/0/0,3,,,Y,이론,N,"금2,3,4",그린에너지관(104),보기,타과 학생 수강 불가,,,,3.0,
일반,,BNPE3209,2025200620,응용공기조화설비,설비공학과,Y,8211176,심선,3.0,주,01,Y,상대,40,0,0,0,0,40,40,13,20191021,조진균,0/0/0/0/0/0/0,3,,,Y,이론,N,"수6,7,8",그린에너지관(104),보기,타과 학생 수강 불가,,,,3.0,
일반,,GUID300002,2025200617,진로설계3(진로설정과 경력개발),설비공학과,Y,8211176,특필,1.0,주,01,Y,절대,40,0,0,0,0,40,40,21,20191021,조진균,0/0/0/0/0/0/0,3,,,Y,이론,N,화10,그린에너지관(104),보기,타과 학생 수강 불가,,,,1.0,
일반,,BNPE4202,2025200711,건축설비공사관리,설비공학과,Y,8211176,심필,3.0,주,01,Y,상대,33,0,0,0,0,33,33,33,20251002,임한솔,0/0/0/0/0/0/0,4,,,Y,이론,N,"수6,7,8",그린에너지관(209),보기,타과 학생 수강 불가,,,,3.0,
일반,,BNPE4202,2025200712,건축설비공사관리,설비공학과,Y,8211176,심필,3.0,주,02,Y,상대,33,0,0,0,0,33,33,31,20251002,임한솔,0/0/0/0/0/0/0,4,,,Y,이론,N,"목6,7,8",그린에너지관(209),보기,타과 학생 수강 불가,,,,3.0,
일반,,BNPE4205,2025200713,공기조화설비TAB,설비공학과,Y,8211176,심필,3.0,주,01,Y,상대,31,0,0,0,0,31,31,31,20211203,박병용,0/0/0/0/0/0/0,4,,,Y,이론실습,N,"화1,2,3,4",그린에너지관(209),보기,타과 학생 수강 불가,,,,4.0,
일반,,BNPE4205,2025200714,공기조화설비TAB,설비공학과,Y,8211176,심필,3.0,주,02,Y,상대,31,0,0,0,0,31,31,30,20211203,박병용,0/0/0/0/0/0/0,4,,,Y,이론실습,N,"화6,7,8,9",그린에너지관(209),보기,타과 학생 수강 불가,,,,4.0,
일반,,STAR3001,2025200709,기업가정신과 창업,설비공학과,Y,8211176,특필,1.0,주,01,Y,절대,80,0,0,0,0,80,80,55,20201208,임종태,0/0/0/0/0/0/0,4,,온,Y,이론,N,목9,그린에너지관(508),보기,타과 학생 수강 불가,,,,1.0,
일반,,GUID400002,2025200675,진로설계4(취업전략과 실전취업),설비공학과,Y,8211176,특필,1.0,주,01,Y,절대,40,0,0,0,0,40,40,21,20211203,박병용,0/0/0/0/0/0/0,4,,,Y,이론,N,화10,그린에너지관(209),보기,타과 학생 수강 불가,,,,1.0,
일반,,BNPE4212,2025200715,창의적공학설계(캡스톤디자인)2,설비공학과,Y,8211176,심선,3.0,주,01,Y,절대,11,0,0,0,0,11,11,11,20161002,도성록,0/0/0/0/0/0/0,4,,,Y,이론실습,N,"월6,7,8,9",그린에너지관(209),보기,타과 학생 수강 불가,,,,4.0,
일반,,BNPE4212,2025200716,창의적공학설계(캡스톤디자인)2,설비공학과,Y,8211176,심선,3.0,주,02,Y,절대,11,0,0,0,0,11,11,11,20191021,조진균,0/0/0/0/0/0/0,4,,,Y,이론실습,N,"수1,2,3,4",그린에너지관(209),보기,타과 학생 수강 불가,,,,4.0,
일반,,BNPE4212,2025200717,창의적공학설계(캡스톤디자인)2,설비공학과,Y,82111746,심선,3.0,주,03,Y,절대,10,0,0,0,0,10,10,9,20211203,박병용,0/0/0/0/0/0/0,4,,,Y,이론실습,N,"수1,2,3,4",그린에너지관(312),보기,타과 학생 수강 불가,,,,4.0,
일반,,BNPE4212,2025200718,창의적공학설계(캡스톤디자인)2,설비공학과,Y,8211176,심선,3.0,주,04,Y,절대,11,0,0,0,0,11,11,11,20231002,오원석,0/0/0/0/0/0/0,4,,,Y,이론실습,N,"목1,2,3,4",그린에너지관(209),보기,타과 학생 수강 불가,,,,4.0,
일반,,BNPE4212,2025200719,창의적공학설계(캡스톤디자인)2,설비공학과,Y,8211176,심선,3.0,주,05,Y,절대,10,0,0,0,0,10,10,9,20231003,문주현,0/0/0/0/0/0/0,4,,,Y,이론실습,N,"월6,7,8,9",그린에너지관(508),보기,타과 학생 수강 불가,,,,4.0,
일반,,BNPE4212,2025200720,창의적공학설계(캡스톤디자인)2,설비공학과,Y,8211176,심선,3.0,주,06,Y,절대,10,0,0,0,0,10,10,10,20241002,윤영직,0/0/0/0/0/0/0,4,,,Y,이론실습,N,"수1,2,3,4",그린에너지관(104),보기,타과 학생 수강 불가,,,,4.0,
일반,,PROJ1006,2025200842,스마트공학설계,창의융합학과,Y,8211479,특필,3.0,주,01,N,절대,40,40,0,0,0,0,0,26,20231014,정우익,0/0/0/0/0/0/0,1,,,,이론실습,N,"목1,2,3,4",그린에너지관(811),보기,,,,,4.0,기본전공
일반,,CCEG1102,2025200841,융합공학개론2,창의융합학과,Y,8211479,전선,3.0,주,01,N,상대,40,40,0,0,0,0,0,28,20131006,김민회,0/0/0/0/0/0/0,1,,,,이론실습,N,"화6,7,8,9",그린에너지관(811),보기,2024학번까지 전공필수/2025학번부터 전공선택으로 변경,,,,4.0,기본전공
일반,,CCEG110004,2025200872,융합공학의이해,창의융합학과,Y,8211479,전선,3.0,주,01,N,절대,30,30,0,0,0,0,0,6,20121011,이재현,0/0/0/0/0/0/0,1,,,,이론,N,"목1,2,3",그린에너지관(1002),보기,융합자율대학 학생만 수강신청,,,,3.0,기본전공
일반,,CCEG2109,2025200847,광학및실험,창의융합학과,Y,8211479,전선,3.0,주,01,N,상대,30,0,20,0,0,10,10,24,20121011,이재현,0/0/0/0/0/0/0,2,,,,이론실습,N,"목6,7,8,9",그린에너지관(811),보기,,,,,4.0,기본전공
일반,,CCEG2120,2025200843,열역학,창의융합학과,Y,8211479,전선,3.0,주,01,N,상대,50,0,50,0,0,0,0,48,20251011,김성주,0/0/0/0/0/0/0,2,,,,이론,N,"목1,2,3",그린에너지관(1003),보기,,,,,3.0,기본전공
일반,,CCEG2105,2025202025,유기재료,창의융합학과,Y,8211479,전선,3.0,주,01,N,상대,45,0,45,0,0,0,0,45,20181004,이종희,0/0/0/0/0/0/0,2,,,,이론,N,"화1,2,3",그린에너지관(813),보기,,,,,3.0,기본전공
일반,,CCEG2107,2025200846,융합의이해,창의융합학과,Y,8211479,전필,3.0,주,01,N,절대,45,0,45,0,0,0,0,42,20121011,이재현,0/0/0/0/0/0/0,2,,,,이론,N,"월1,2,3",그린에너지관(1002),보기,,,,,3.0,기본전공
일반,,CCEG2114,2025200844,전자회로및실험,창의융합학과,Y,8211479,전선,3.0,주,01,N,상대,45,0,45,0,0,0,0,38,20131006,김민회,0/0/0/0/0/0/0,2,,,,이론실습,N,"수6,7,8,9",그린에너지관(1002),보기,,,,,4.0,기본전공
일반,,GUID200002,2025200848,진로설계2(진로탐색과 자기계발),창의융합학과,Y,8211479,특필,1.0,주,01,N,절대,45,0,45,0,0,0,0,42,20231014,정우익,0/0/0/0/0/0/0,2,,,,이론,N,월4,그린에너지관(1002),보기,,,,,1.0,
일반,,CCEG2117,2025200845,파이썬데이터프로그래밍,창의융합학과,Y,8211479,전선,3.0,주,01,N,상대,40,0,40,0,0,0,0,40,20205093,우선미,0/0/0/0/0/0/0,2,,,,이론실습,N,"월6,7,8,9",창의혁신관(315),보기,,,,,4.0,기본전공
일반,,CCEG3205,2025200861,고분자공학이론및실습,창의융합학과,Y,8211479,심선,3.0,주,01,N,상대,44,0,0,44,0,0,0,44,20181004,이종희,0/0/0/0/0/0/0,3,,,,이론실습,N,"수1,2,3,4",그린에너지관(1002),보기,,,,,4.0,
일반,,CCEG3201,2025200860,반도체소자공학,창의융합학과,Y,8211479,심선,3.0,주,01,N,상대,50,0,0,50,0,0,0,49,20131006,김민회,0/0/0/0/0/0/0,3,,,,이론,N,"화1,2,3",그린에너지관(1002),보기,,,,,3.0,
학석,,CCEG3206,2025200865,스마트 공정 실험계획법,창의융합학과,Y,8211479,심필,3.0,주,01,N,상대,40,0,0,40,0,0,0,37,19941004,임준묵,0/0/0/0/0/0/0,3,,,,이론실습,N,"수6,7,8,9",그린에너지관(1003),보기,2018학번부터 학석사과정 필수/학부과정 선택,,,,4.0,
일반,,CCEG3207,2025200863,스마트기기제어및실습,창의융합학과,Y,8211479,심선,3.0,주,01,N,상대,25,0,0,25,0,0,0,23,20241010,박정언,0/0/0/0/0/0/0,3,,,,이론실습,N,"목1,2,3,4",그린에너지관(813),보기,,,,,4.0,
일반,,CCEG3208,2025200871,스마트팩토리실습(캡스톤디자인),창의융합학과,Y,8211479,심선,3.0,주,01,N,절대,20,0,0,20,0,0,0,14,20191019,최균석,0/0/0/0/0/0/0,3,,,,이론실습,N,"월6,7,8,9",창의혁신관(210),보기,,,,,4.0,
일반,,GUID300002,2025200862,진로설계3(진로설정과 경력개발),창의융합학과,Y,8211479,특필,1.0,주,01,N,절대,50,0,0,50,0,0,0,50,20241010,박정언,0/0/0/0/0/0/0,3,,,,이론,N,화9,그린에너지관(1003),보기,,,,,1.0,
일반,,CCEG4215,2025200869,기초최적설계,창의융합학과,Y,8211479,심선,3.0,주,01,N,상대,45,0,0,0,45,0,0,20,20231014,정우익,0/0/0/0/0/0/0,4,,,,이론,N,"화6,7,8",그린에너지관(1002),보기,,,,,3.0,
일반,,CCEG4202,2025200866,능동형디스플레이공학,창의융합학과,Y,8211479,심선,3.0,주,01,N,절대,45,0,0,0,45,0,0,22,20131006,김민회,0/0/0/0/0/0/0,4,,,,이론,N,"목6,7,8",그린에너지관(1003),보기,,,,,3.0,
일반,,CCEG420016,2025200870,박막공학및실습,창의융합학과,Y,8211479,심선,3.0,주,01,N,절대,20,0,0,0,20,0,0,8,20121011,이재현,0/0/0/0/0/0/0,4,,,,이론실습,N,"월6,7,8,9",그린에너지관(811),보기,,,,,4.0,
일반,,CCEG4213,2025200867,전자시스템설계및실습,창의융합학과,Y,8211479,심선,3.0,주,01,N,절대,25,0,0,10,15,0,0,10,20241010,박정언,0/0/0/0/0/0/0,4,,,,이론실습,N,"수6,7,8,9",그린에너지관(813),보기,,,,,4.0,
일반,,PROJ4005,2025200868,캡스톤디자인2,창의융합학과,Y,8211479,특선,3.0,주,01,N,절대,10,0,0,0,10,0,0,2,20241010,박정언,0/0/0/0/0/0/0,4,,,,이론실습,N,"화1,2,3,4",그린에너지관(1003),보기,,,,,4.0,창의융합
계약,,CTEC1101,2025200289,기초역학,융합기술학과,Y,0428288928,전선,3.0,야,01,N,상대,30,30,0,0,0,0,0,25,20224009,임경빈,0/0/0/0/0/0/0,1,,,Y,이론,N,"토1,2,3",소재관및공동실험실습관(404),보기,융합기술학과 학생만 수강 가능.,,,,3.0,기본전공
계약,,CTEC2101,2025200323,도면의 이해(AutoCAD),융합기술학과,Y,0428288928,전선,3.0,야,01,N,상대,30,30,0,0,0,0,0,25,20254023,이종원,0/0/0/0/0/0/0,1,,,Y,이론,N,"토5,6,7",산학연협동관(416),보기,융합기술학과 학생만 수강 가능.,,,,3.0,기본전공
계약,,CTEC1005,2025200287,설계응용수학,융합기술학과,Y,0428288928,교선,3.0,야,01,N,상대,30,30,0,0,0,0,0,26,20031002,이택영,0/0/100/0/0/0/0,1,,온,Y,이론,N,"금11,12,13",소재관및공동실험실습관(404),보기,융합기술학과 학생만 수강 가능.,,,,3.0,미선택
계약,,CTEC2106,2025200322,전자CAD(OR-CAD),융합기술학과,Y,0428288928,전선,3.0,야,01,N,상대,30,30,0,0,0,0,0,25,20191620,송명규,0/0/0/0/0/0/0,1,,,Y,이론,N,"토8,9,10",소재관및공동실험실습관(301),보기,융합기술학과 학생만 수강 가능.,,,,3.0,기본전공
계약,,CTEC4101,2025200324,현장과제 Ⅱ,융합기술학과,Y,0428288928,전선,3.0,야,01,N,절대,30,30,0,0,0,0,0,25,20231004,이시원,0/0/0/0/0/0/0,1,,,Y,실습,N,,,보기,융합기술학과 학생만 수강 가능.,,,,6.0,기본전공
계약,,CTEC3101,2025200326,기계계측공학,융합기술학과,Y,0428288928,전선,3.0,야,01,N,상대,30,0,30,0,0,0,0,16,20111006,김영식,0/0/0/0/0/0/0,2,,,Y,이론,N,"토1,2,3",소재관및공동실험실습관(416),보기,융합기술학과 학생만 수강 가능.,,,,3.0,기본전공
계약,,CTEC2102,2025200328,디지털공학,융합기술학과,Y,0428288928,전선,3.0,야,01,N,상대,30,0,30,0,0,0,0,16,20201005,오재우,0/0/0/0/0/0/0,2,,,Y,이론,N,"토8,9,10",소재관및공동실험실습관(302),보기,융합기술학과 학생만 수강 가능.,,,,3.0,기본전공
계약,,CTEC2103,2025200325,센서활용기술,융합기술학과,Y,0428288928,전선,3.0,야,01,N,상대,30,0,30,0,0,0,0,16,20151003,구치완,0/0/0/0/0/0/0,2,,,Y,이론,N,"금11,12,13",소재관및공동실험실습관(406),보기,융합기술학과 학생만 수강 가능.,,,,3.0,기본전공
계약,,CTEC2105,2025200327,융합재료,융합기술학과,Y,0428288928,전선,3.0,야,01,N,상대,30,0,30,0,0,0,0,16,20244022,구본급,0/0/0/0/0/0/0,2,,,Y,이론,N,"토5,6,7",소재관및공동실험실습관(406),보기,융합기술학과 학생만 수강 가능.,,,,3.0,기본전공
계약,,CTEC4104,2025200329,현장과제Ⅳ,융합기술학과,Y,0428288928,전선,3.0,야,01,N,절대,30,0,30,0,0,0,0,16,20201025,위정섭,0/0/0/0/0/0/0,2,,,Y,실습,N,,,보기,융합기술학과 학생만 수강 가능.,,,,6.0,기본전공
계약,,CTEC3201,2025200333,3D CAD,융합기술학과,Y,0428288928,심선,3.0,야,01,N,절대,30,0,0,30,0,0,0,23,20151001,윤홍석,0/0/0/0/0/0/0,3,,,Y,이론,N,"토5,6,7",산학연협동관(106),보기,융합기술학과 학생만 수강 가능.,,,,3.0,
계약,,CTEC3001,2025200332,개선활동실무,융합기술학과,Y,0428288928,교선,3.0,야,01,N,절대,30,0,0,30,0,0,0,23,20254015,조은현,20/20/20/20/10/10/0,3,,,Y,이론,N,"토8,9,10",소재관및공동실험실습관(406),보기,융합기술학과 학생만 수강 가능.,,,,3.0,미선택
계약,,CTEC3209,2025200330,용접 및 비파괴검사,융합기술학과,Y,0428288928,심선,3.0,야,01,N,절대,30,0,0,30,0,0,0,23,20195147,고준빈,0/0/0/0/0/0/0,3,,,Y,이론,N,"금11,12,13",산학연협동관(415),보기,융합기술학과 학생만 수강 가능.,,,,3.0,
계약,,CTEC4205,2025200331,컴퓨터응용가공(CAM),융합기술학과,Y,0428288928,심선,3.0,야,01,N,상대,30,0,0,30,0,0,0,23,20031024,이호철,0/0/0/0/0/0/0,3,,,Y,이론,N,"토1,2,3",소재관및공동실험실습관(401),보기,융합기술학과 학생만 수강 가능.,,,,3.0,
계약,,CTEC4208,2025200334,현장과제Ⅵ,융합기술학과,Y,0428288928,심선,3.0,야,01,N,절대,30,0,0,30,0,0,0,23,20221007,신동욱,0/0/0/0/0/0/0,3,,,Y,실습,N,,,보기,융합기술학과 학생만 수강 가능.,,,,6.0,
계약,,CTEC4203,2025200336,마이크로프로세서제어Ⅱ,융합기술학과,Y,0428288928,심선,3.0,야,01,N,상대,30,0,0,0,30,0,0,25,20254007,이재흥,0/0/0/0/0/0/0,4,,,Y,이론,N,"토1,2,3",산업정보관(418),보기,융합기술학과 학생만 수강 가능.,,,,3.0,
계약,,CTEC3206,2025200335,사내표준화,융합기술학과,Y,0428288928,심선,3.0,야,01,N,상대,30,0,0,0,30,0,0,24,20181007,변영조,0/0/0/0/0/0/0,4,,,Y,이론,N,"금11,12,13",산학연협동관(416),보기,융합기술학과 학생만 수강 가능.,,,,3.0,
계약,,CTEC3208,2025200338,설비관리,융합기술학과,Y,0428288928,심선,3.0,야,01,N,상대,30,0,0,0,30,0,0,25,20205166,한윤,0/0/0/0/0/0/0,4,,,Y,이론,N,"토8,9,10",소재관및공동실험실습관(405),보기,융합기술학과 학생만 수강 가능.,,,,3.0,
계약,,CTEC4001,2025200337,프로젝트관리,융합기술학과,Y,0428288928,교선,3.0,야,01,N,절대,30,0,0,0,30,0,0,25,20254015,조은현,10/20/20/20/10/20/0,4,,,Y,이론,N,"토5,6,7",소재관및공동실험실습관(405),보기,융합기술학과 학생만 수강 가능.,,,,3.0,미선택
계약,,CTEC4210,2025200339,현장과제Ⅷ,융합기술학과,Y,0428288928,심선,3.0,야,01,N,절대,30,0,0,0,30,0,0,25,20031002,이택영,0/0/0/0/0/0/0,4,,,Y,실습,N,,,보기,융합기술학과 학생만 수강 가능.,,,,6.0,
일반,,MMCS300001,2025201224,3D CAD 응용,기계소재융합시스템공학과,Y,0428288884,전선,3.0,야,01,Y,절대,30,0,0,0,0,30,30,23,20235055,장은숙,0/0/0/0/0/0/0,1,,,Y,실습,N,"금10,11,12,13,14,15",소재관및공동실험실습관(401),보기,기계소재융합시스템공학과 재학생 우선 승인,,,,6.0,기본전공
일반,,MMCS110009,2025201221,MATLAB 기초와 응용,기계소재융합시스템공학과,Y,0428288884,전선,2.0,야,01,Y,절대,40,0,0,0,0,40,40,21,20181012,김완진,0/0/0/0/0/0/0,1,,블,Y,실습,N,"화10,11,12,13",그린에너지관(604),보기,기계소재융합시스템공학과 재학생 우선 승인,,,,4.0,기본전공
일반,,MMCS1104,2025201223,공학 프로그래밍언어,기계소재융합시스템공학과,Y,0428288884,전필,3.0,야,01,Y,절대,30,0,0,0,0,30,30,24,20235048,이홍로,0/0/0/0/0/0/0,1,,,Y,이론실습,N,"수10,11,12,13",소재관및공동실험실습관(401),보기,기계소재융합시스템공학과 재학생 우선 승인,,,,4.0,기본전공
일반,,MMCS1105,2025201222,공학수학,기계소재융합시스템공학과,Y,0428288884,전필,3.0,야,01,Y,절대,80,0,0,0,0,80,80,25,20121003,신부현,0/0/0/0/0/0/0,1,,온,Y,이론,N,"목10,11,12",기계관(512),보기,기계소재융합시스템공학과 재학생 우선 승인,,,,3.0,기본전공
일반,,MMCS2103,2025201229,CAE(2),기계소재융합시스템공학과,Y,0428288884,전선,3.0,야,01,Y,절대,40,0,0,0,0,40,40,13,20255009,유병철,0/0/0/0/0/0/0,2,,블,Y,이론,N,"목10,11,12",소재관및공동실험실습관(401),보기,기계소재융합시스템공학과 재학생 우선 승인,,,,3.0,기본전공
일반,,MMCS2104,2025201228,기계 및 금속재료,기계소재융합시스템공학과,Y,0428288884,전필,3.0,야,01,Y,절대,40,0,0,0,0,40,40,17,20201002,박영덕,0/0/0/0/0/0/0,2,,블,Y,이론,N,"화10,11,12",대덕산학융합캠퍼스(415),보기,기계소재융합시스템공학과 재학생 우선 승인,,,,3.0,기본전공
일반,,MMCS2107,2025201225,기초역학(3),기계소재융합시스템공학과,Y,0428288884,전필,3.0,야,01,Y,절대,40,0,0,0,0,40,40,19,20211705,김건희,0/0/0/0/0/0/0,2,,블,Y,이론,N,"금10,11,12",그린에너지관(604),보기,기계소재융합시스템공학과 재학생 우선 승인,,,,3.0,기본전공
일반,,MMCS400001,2025201226,기초역학(4),기계소재융합시스템공학과,Y,0428288884,전필,3.0,야,01,Y,절대,30,0,0,0,0,30,30,19,20224009,임경빈,0/0/0/0/0/0/0,2,,,Y,이론,N,"수10,11,12",기계관(512),보기,기계소재융합시스템공학과 재학생 우선 승인,,,,3.0,기본전공
일반,,MMCS2109,2025201227,선형시스템제어공학,기계소재융합시스템공학과,Y,0428288884,전필,3.0,야,01,Y,절대,40,0,0,0,0,40,40,18,20181012,김완진,0/0/0/0/0/0/0,2,,블,Y,이론,N,"월10,11,12",그린에너지관(610),보기,기계소재융합시스템공학과 재학생 우선 승인,,,,3.0,기본전공
일반,,MMCS3201,2025201234,IoT 융합메카트로닉스,기계소재융합시스템공학과,Y,0428288884,심선,3.0,야,01,Y,절대,40,0,0,0,0,40,40,23,20211705,김건희,0/0/0/0/0/0/0,3,,블,Y,이론,N,"수10,11,12",그린에너지관(604),보기,기계소재융합시스템공학과 재학생 우선 승인,,,,3.0,
일반,,MMCS3104,2025201232,생산자동화시스템,기계소재융합시스템공학과,Y,0428288884,전선,3.0,야,01,Y,절대,40,0,0,0,0,40,40,6,20031024,이호철,0/0/0/0/0/0/0,3,,블,Y,이론,N,"화10,11,12",기계관(512),보기,기계소재융합시스템공학과 재학생 우선 승인,,,,3.0,기본전공
일반,,MMCS3105,2025201230,센서 및 계측공학,기계소재융합시스템공학과,Y,0428288884,전선,3.0,야,01,Y,절대,40,0,0,0,0,40,40,12,20254039,손진승,0/0/0/0/0/0/0,3,,,Y,이론,N,"목10,11,12",그린에너지관(415),보기,기계소재융합시스템공학과 재학생 우선 승인,,,,3.0,
일반,,MMCS3203,2025201233,정밀유공압제어,기계소재융합시스템공학과,Y,0428288884,심선,3.0,야,01,Y,절대,40,0,0,0,0,40,40,23,20181012,김완진,0/0/0/0/0/0/0,3,,블,Y,이론,N,"목13,14,15",그린에너지관(604),보기,기계소재융합시스템공학과 재학생 우선 승인,,,,3.0,
일반,,MMCS3204,2025201235,초정밀CAM가공,기계소재융합시스템공학과,Y,0428288884,심선,3.0,야,01,Y,절대,40,0,0,0,0,40,40,23,20201002,박영덕,0/0/0/0/0/0/0,3,,블,Y,이론,N,"금10,11,12",대덕산학융합캠퍼스(415),보기,기계소재융합시스템공학과 재학생 우선 승인,,,,3.0,
일반,,MMCS100003,2025201231,현장과제,기계소재융합시스템공학과,Y,0428288884,전선,2.0,야,01,Y,절대,40,0,0,0,0,40,40,3,20254002,유봉조,0/0/0/0/0/0/0,3,,블,Y,실습,N,"월10,11,12,13",기계관(512),보기,기계소재융합시스템공학과 재학생 우선 승인,,,,4.0,기본전공
,,DSMJ300117,2025202366,현장실습1,기계소재융합시스템공학과,Y,0428288884,전선,5.0,야,01,Y,절대,1,0,0,0,0,1,1,1,,,,3,,,Y,이론,N,,,,기계소재융합시스템공학과 입학 전 전적대학 학점인정 신청자 교과목,,,,0.0,
일반,,MMCS200001,2025201237,광학응용 기계시스템,기계소재융합시스템공학과,Y,0428288884,심선,3.0,야,01,Y,절대,40,0,0,0,0,40,40,11,20181012,김완진,0/0/0/0/0/0/0,4,,블,Y,이론,N,"목10,11,12",그린에너지관(604),보기,기계소재융합시스템공학과 재학생 우선 승인,,,,3.0,
일반,,MMCS4203,2025201236,마이크로나노제조공학,기계소재융합시스템공학과,Y,0428288884,심선,3.0,야,01,Y,절대,40,0,0,0,0,40,40,10,20254039,손진승,0/0/0/0/0/0/0,4,,,Y,이론,N,"목13,14,15",그린에너지관(415),보기,기계소재융합시스템공학과 재학생 우선 승인,,,,3.0,
일반,,MMCS300002,2025201238,우주산업 및 광기술,기계소재융합시스템공학과,Y,0428288884,심선,3.0,야,01,Y,절대,40,0,0,0,0,40,40,20,20211705,김건희,0/0/0/0/0/0/0,4,,블,Y,이론,N,"금13,14,15",그린에너지관(604),보기,기계소재융합시스템공학과 재학생 우선 승인,,,,3.0,
일반,,MMCS4208,2025201239,융합캡스턴디자인(2),기계소재융합시스템공학과,Y,0428288884,심선,3.0,야,01,Y,절대,30,0,0,0,0,30,30,6,20201002,박영덕,0/0/0/0/0/0/0,4,,,Y,실습,N,"수10,11,12,13,14,15",그린에너지관(413),보기,기계소재융합시스템공학과 재학생 우선 승인,,,,6.0,
계약,,PMEN200013,2025200238,Python 프로그래밍,스마트시스템경영공학과,Y,0428288455,전선,3.0,야,01,N,절대,40,0,0,40,0,0,0,13,20241011,박형준,0/0/0/0/0/0/0,3,,블,Y,이론실습,N,"화13,14,금10,11","산업정보관(116),산업정보관(116)",보기,중소기업 계약학과 학생들만 수강신청 가능,,,,4.0,미선택
계약,,PMEN200014,2025200235,기업분석론,스마트시스템경영공학과,Y,0428288455,전선,3.0,야,01,N,절대,40,0,0,40,0,0,0,13,20231001,곽기호,0/0/0/0/0/0/0,3,,블,Y,이론,N,"화10,11,12",산업정보관(201),보기,중소기업 계약학과 학생들만 수강신청 가능,,,,3.0,미선택
계약,,PMEN2008,2025200233,제조공학개론,스마트시스템경영공학과,Y,0428288455,전선,3.0,야,01,N,상대,80,0,0,80,0,0,0,13,20111010,신문수,0/0/0/0/0/0/0,3,,온,Y,이론,N,"월10,11,12",산업정보관(205),보기,중소기업 계약학과 학생들만 수강신청 가능,,,,3.0,미선택
계약,,PMEN200015,2025200234,통계분석실무,스마트시스템경영공학과,Y,0428288455,전선,3.0,야,01,N,절대,20,0,0,20,0,0,0,13,20241001,염재선,0/0/0/0/0/0/0,3,,,Y,이론실습,N,"수10,11,12,13",산업정보관(116),보기,중소기업 계약학과 학생들만 수강신청 가능,,,,4.0,미선택
계약,,PMEN4009,2025200237,품질경영실무,스마트시스템경영공학과,Y,0428288455,전선,3.0,야,01,N,상대,40,0,0,40,0,0,0,13,20181010,백수정,0/0/0/0/0/0/0,3,,블,Y,이론실습,N,"목10,11,12,13",산업정보관(205),보기,중소기업 계약학과 학생들만 수강신청 가능,,,,4.0,미선택
계약,,PMEN200016,2025200236,휴먼시스템,스마트시스템경영공학과,Y,0428288455,전선,3.0,야,01,N,절대,40,0,0,40,0,0,0,13,20071050,류태범,0/0/0/0/0/0/0,3,,블,Y,이론,N,"월13,14,수14","산업정보관(205),산업정보관(205)",보기,중소기업 계약학과 학생들만 수강신청 가능,,,,3.0,미선택
계약,,PMEN3001,2025200242,S-OJT실무,스마트시스템경영공학과,Y,0428288455,전선,3.0,야,01,N,절대,40,0,0,0,40,0,0,14,20151605,박수용,0/0/0/0/0/0/0,4,,블,Y,이론실습,N,"수10,11,12,13",산업정보관(101),보기,중소기업 계약학과 학생들만 수강신청 가능,,,,4.0,
계약,,PMEN2011,2025200240,경제성공학,스마트시스템경영공학과,Y,0428288455,전선,3.0,야,01,N,상대,40,0,0,0,40,0,0,14,20151012,김태구,0/0/0/0/0/0/0,4,,블,Y,이론,N,"화10,11,12",산업정보관(204),보기,중소기업 계약학과 학생들만 수강신청 가능,,,,3.0,미선택
계약,,PMEN3005,2025200243,빅데이터개론,스마트시스템경영공학과,Y,0428288455,전선,3.0,야,01,N,상대,40,0,0,0,40,0,0,14,20151002,김기태,0/0/0/0/0/0/0,4,,블,Y,이론,N,"목10,11,12",산업정보관(204),보기,중소기업 계약학과 학생들만 수강신청 가능,,,,3.0,
계약,,PMEN4006,2025200241,시스템시뮬레이션,스마트시스템경영공학과,Y,0428288455,전선,3.0,야,01,N,절대,20,0,0,0,20,0,0,14,20245050,김광제,0/0/0/0/0/0/0,4,,,Y,이론실습,N,"화13,14,목13,14","산업정보관(101),산업정보관(116)",보기,중소기업 계약학과 학생들만 수강신청 가능,,,,4.0,
계약,,PMEN4011,2025200239,시스템안전공학실무,스마트시스템경영공학과,Y,0428288455,전선,3.0,야,01,N,절대,20,0,0,0,20,0,0,14,20041010,배성민,0/0/0/0/0/0/0,4,,,Y,이론실습,N,"월10,11,12,13",산업정보관(204),보기,중소기업 계약학과 학생들만 수강신청 가능,,,,4.0,
일반,,EENG110002,2025200762,논리회로설계,전기공학과,Y,0428211089,전필,3.0,주,01,Y,절대,100,0,0,0,0,100,100,81,20231019,김민아,0/0/0/0/0/0/0,1,,온,Y,이론,N,"월1,2,3",전기전자관(009),보기,,,,,3.0,기본전공
일반,,EENG110003,2025200763,전기공학개론,전기공학과,Y,0428211089,전선,3.0,주,01,Y,상대,40,0,0,0,0,40,40,22,20251006,김현중,0/0/0/0/0/0/0,1,,,Y,이론,N,"목1,2,3",전기전자관(001),보기,,,,,3.0,기본전공
일반,,GUID100002,2025200764,진로설계1(자기이해와 대학생활),전기공학과,Y,0428211089,특필,1.0,주,01,Y,절대,38,0,0,0,0,38,38,37,20161007,정찬호,0/0/0/0/0/0/0,1,,,Y,이론,N,월9,전기전자관(105),보기,타과생 수강불가(전기관련 진로설계),,,,1.0,
일반,,EENG2104,2025200769,마이크로프로세서,전기공학과,Y,0428211089,전필,3.0,주,01,Y,절대,38,0,0,0,0,38,38,38,20161007,정찬호,0/0/0/0/0/0/0,2,,,Y,이론실습,N,"수2,3,4,5",전기전자관(202),보기,,,,,4.0,기본전공
일반,,EENG2104,2025200770,마이크로프로세서,전기공학과,Y,0428211089,전필,3.0,주,02,Y,절대,38,0,0,0,0,38,38,38,20161007,정찬호,0/0/0/0/0/0/0,2,,,Y,이론실습,N,"수6,7,8,9",전기전자관(202),보기,,,,,4.0,기본전공
일반,,EENG2104,2025202315,마이크로프로세서,전기공학과,Y,0428211089,전필,3.0,주,03,Y,절대,38,0,0,0,0,38,38,32,20161007,정찬호,0/0/0/0/0/0/0,2,,,Y,이론실습,N,"수10,11,12,13",전기전자관(202),보기,,,,,4.0,기본전공
일반,,EENG2105,2025200772,신호및시스템,전기공학과,Y,0428211089,전필,3.0,주,02,Y,절대,100,0,0,0,0,100,100,75,20111007,강현일,0/0/0/0/0/0/0,2,,온,Y,이론,N,"수6,7,8",전기전자관(103),보기,수업-온라인/중간기말-대면,,,,3.0,기본전공
일반,,EENG2108,2025200767,전기자기학(2),전기공학과,Y,0428211089,전필,3.0,주,01,Y,절대,40,0,0,0,0,40,40,39,20091010,김기찬,0/0/0/0/0/0/0,2,,블,Y,이론,N,"월1,2,3",전기전자관(001),보기,,,,,3.0,기본전공
일반,,EENG2108,2025200768,전기자기학(2),전기공학과,Y,0428211089,전필,3.0,주,02,Y,절대,40,0,0,0,0,40,40,32,20091010,김기찬,0/0/0/0/0/0/0,2,,블,Y,이론,N,"월6,7,8",전기전자관(001),보기,,,,,3.0,기본전공
일반,,EENG2109,2025200775,전기전자회로실험,전기공학과,Y,0428211089,전필,2.0,주,01,Y,절대,22,0,0,0,0,22,22,22,20235020,유승철,0/0/0/0/0/0/0,2,,,Y,실습,N,"금1,2,3,4",전기전자관(307),보기,,,,,4.0,기본전공
일반,,EENG2109,2025200776,전기전자회로실험,전기공학과,Y,0428211089,전필,2.0,주,02,Y,절대,22,0,0,0,0,22,22,18,20235020,유승철,0/0/0/0/0/0/0,2,,,Y,실습,N,"금6,7,8,9",전기전자관(307),보기,,,,,4.0,기본전공
일반,,EENG2109,2025200777,전기전자회로실험,전기공학과,Y,0428211089,전필,2.0,주,03,Y,절대,22,0,0,0,0,22,22,22,20245080,김강민,0/0/0/0/0/0/0,2,,,Y,실습,N,"목10,11,12,13",전기전자관(307),보기,,,,,4.0,기본전공
일반,,EENG2110,2025200773,전자회로,전기공학과,Y,0428211089,전필,3.0,주,01,Y,상대,40,0,0,0,0,40,40,32,20031008,김윤현,0/0/0/0/0/0/0,2,,블,Y,이론,N,"월6,7,8",전기전자관(103),보기,,,,,3.0,기본전공
일반,,EENG2110,2025200774,전자회로,전기공학과,Y,0428211089,전필,3.0,주,02,Y,상대,40,0,0,0,0,40,40,38,20031008,김윤현,0/0/0/0/0/0/0,2,,블,Y,이론,N,"화6,7,8",전기전자관(002),보기,,,,,3.0,기본전공
일반,,GUID200002,2025200778,진로설계2(진로탐색과 자기계발),전기공학과,Y,0428211089,특필,1.0,주,01,Y,절대,38,0,0,0,0,38,38,35,20231019,김민아,0/0/0/0/0/0/0,2,,,Y,이론,N,화9,전기전자관(105),보기,타과생 수강불가(전기관련 진로설계),,,,1.0,
일반,,EENG2112,2025200765,회로이론(2),전기공학과,Y,0428211089,전필,3.0,주,01,Y,상대,40,0,0,0,0,40,40,34,20215053,강영환,0/0/0/0/0/0/0,2,,,Y,이론,N,"목1,2,3",전기전자관(002),보기,,,,,3.0,기본전공
일반,,EENG2112,2025200766,회로이론(2),전기공학과,Y,0428211089,전필,3.0,주,02,Y,상대,40,0,0,0,0,40,40,40,20215053,강영환,0/0/0/0/0/0/0,2,,,Y,이론,N,"목6,7,8",전기전자관(002),보기,,,,,3.0,기본전공
일반,,EENG3201,2025200823,반도체공학,전기공학과,Y,0428211089,심선,3.0,주,01,Y,상대,40,0,0,0,0,40,40,33,20071060,최원석,0/0/0/0/0/0/0,3,,블,Y,이론,N,"월1,2,3",전기전자관(002),보기,,,,,3.0,
일반,,EENG3201,2025200824,반도체공학,전기공학과,Y,0428211089,심선,3.0,주,02,Y,상대,40,0,0,0,0,40,40,40,20071060,최원석,0/0/0/0/0/0/0,3,,블,Y,이론,N,"월6,7,8",전기전자관(002),보기,,,,,3.0,
일반,,EENG3203,2025200783,송배전공학,전기공학과,Y,0428211089,심선,3.0,주,01,Y,절대,40,0,0,0,0,40,40,37,20251006,김현중,0/0/0/0/0/0/0,3,,,Y,이론,N,"수1,2,3",전기전자관(002),보기,,,,,3.0,
일반,,EENG3203,2025200784,송배전공학,전기공학과,Y,0428211089,심선,3.0,주,02,Y,절대,40,0,0,0,0,40,40,37,20251006,김현중,0/0/0/0/0/0/0,3,,,Y,이론,N,"수6,7,8",전기전자관(002),보기,,,,,3.0,
일반,,EENG3208,2025200779,전기기기(2),전기공학과,Y,0428211089,심선,3.0,주,01,Y,상대,40,0,0,0,0,40,40,40,20021004,이중호,0/0/0/0/0/0/0,3,,블,Y,이론,N,"월1,2,3",전기전자관(003),보기,,,,,3.0,
일반,,EENG3208,2025200780,전기기기(2),전기공학과,Y,0428211089,심선,3.0,주,02,Y,상대,60,0,0,0,0,60,60,50,20021004,이중호,0/0/0/0/0/0/0,3,,블,Y,이론,N,"화1,2,3",전기전자관(114),보기,,,,,3.0,
일반,,EENG3209,2025200785,전력변환응용,전기공학과,Y,0428211089,심선,3.0,주,01,Y,절대,40,0,0,0,0,40,40,32,20231019,김민아,0/0/0/0/0/0/0,3,,블,Y,이론,N,"수1,2,3",전기전자관(001),보기,,,,,3.0,
일반,,EENG3209,2025200786,전력변환응용,전기공학과,Y,0428211089,심선,3.0,주,02,Y,절대,40,0,0,0,0,40,40,27,20231019,김민아,0/0/0/0/0/0/0,3,,블,Y,이론,N,"수6,7,8",전기전자관(001),보기,,,,,3.0,
일반,,EENG3210,2025200826,전력전자및응용실험,전기공학과,Y,0428211089,심선,2.0,주,01,Y,절대,35,0,0,0,0,35,35,28,20111020,권정민,0/0/0/0/0/0/0,3,,,Y,실습,N,"화2,3,4,5",전기전자관(202),보기,,,,,4.0,
일반,,EENG3210,2025200827,전력전자및응용실험,전기공학과,Y,0428211089,심선,2.0,주,02,Y,절대,35,0,0,0,0,35,35,35,20111020,권정민,0/0/0/0/0/0/0,3,,,Y,실습,N,"화6,7,8,9",전기전자관(202),보기,,,,,4.0,
일반,,EENG3211,2025200781,제어시스템설계,전기공학과,Y,0428211089,심선,3.0,주,01,Y,상대,40,0,0,0,0,40,40,39,20254006,소상균,0/0/0/0/0/0/0,3,,,Y,이론,N,"목6,7,8",전기전자관(001),보기,,,,,3.0,
일반,,EENG3211,2025200782,제어시스템설계,전기공학과,Y,0428211089,심선,3.0,주,02,Y,상대,40,0,0,0,0,40,40,19,20254006,소상균,0/0/0/0/0/0/0,3,,,Y,이론,N,"금6,7,8",자동화관(202),보기,,,,,3.0,
일반,,GUID300002,2025200828,진로설계3(진로설정과 경력개발),전기공학과,Y,0428211089,특필,1.0,주,01,Y,절대,40,0,0,0,0,40,40,39,20111020,권정민,0/0/0/0/0/0/0,3,,,Y,이론,N,월9,전기전자관(202),보기,타과생 수강불가(전기관련 진로설계),,,,1.0,
일반,,EENG4205,2025200831,공학프로그래밍실험,전기공학과,Y,0428211089,심선,2.0,주,01,Y,절대,35,0,0,0,0,35,35,31,20225066,김은성,0/0/0/0/0/0/0,4,,,Y,실습,N,"수10,11,12,13",자동화관(204),보기,,,,,4.0,
일반,,STAR3001,2025200834,기업가정신과 창업,전기공학과,Y,0428211089,특필,1.0,주,01,Y,절대,40,0,0,0,0,40,40,34,20255029,오세구,0/0/0/0/0/0/0,4,,,Y,이론,N,화5,전기전자관(003),보기,타과생은 정정기간에 승인가능,,,,1.0,
일반,,EENG4211,2025200829,전기공학특론(2),전기공학과,Y,0428211089,심선,3.0,주,01,Y,절대,40,0,0,0,0,40,40,21,20255061,박근석,0/0/0/0/0/0/0,4,,,Y,이론,N,"금1,2,3",전기전자관(001),보기,,,,,3.0,
일반,,EENG4201,2025200830,전기차량시스템,전기공학과,Y,0428211089,심선,3.0,주,01,Y,절대,65,0,0,0,0,65,65,60,20091010,김기찬,0/0/0/0/0/0/0,4,,블,Y,이론,N,"목1,2,3",전기전자관(008),보기,,,,,3.0,
일반,,GUID400002,2025200833,진로설계4(취업전략과 실전취업),전기공학과,Y,0428211089,특필,1.0,주,01,Y,절대,38,0,0,0,0,38,38,31,20251006,김현중,0/0/0/0/0/0/0,4,,,Y,이론,N,수9,전기전자관(105),보기,타과생 수강불가(전기관련 진로설계),,,,1.0,
일반,,EENG4212,2025200835,캡스톤디자인(2),전기공학과,Y,0428211089,심필,3.0,주,01,Y,절대,10,0,0,0,0,10,10,10,"20021004,20031008","이중호,김윤현",0/0/0/0/0/0/0,4,,,Y,실습,N,"수1,2,3,수6,7,8","전기전자관(003),전기전자관(003)",보기,,,,,6.0,
일반,,EENG4212,2025200836,캡스톤디자인(2),전기공학과,Y,0428211089,심필,3.0,주,02,Y,절대,10,0,0,0,0,10,10,10,"20071060,20091010","최원석,김기찬",0/0/0/0/0/0/0,4,,,Y,실습,N,"토1,2,3,토4,5,6","전기전자관(001),전기전자관(001)",보기,,,,,6.0,
일반,,EENG4212,2025200837,캡스톤디자인(2),전기공학과,Y,0428211089,심필,3.0,주,03,Y,절대,11,0,0,0,0,11,11,11,"20091010,20111007","김기찬,강현일",0/0/0/0/0/0/0,4,,,Y,실습,N,"월10,11,12,목10,11,12","전기전자관(009),전기전자관(003)",보기,,,,,6.0,
일반,,EENG4212,2025200838,캡스톤디자인(2),전기공학과,Y,0428211089,심필,3.0,주,04,Y,절대,10,0,0,0,0,10,10,10,"20111020,20161007","권정민,정찬호",0/0/0/0/0/0/0,4,,,Y,실습,N,"화6,7,8,수6,7,8","전기전자관(009),전기전자관(003)",보기,,,,,6.0,
일반,,EENG4212,2025200839,캡스톤디자인(2),전기공학과,Y,0428211089,심필,3.0,주,05,Y,절대,12,0,0,0,0,12,12,12,"20231019,20251006","김민아,김현중",0/0/0/0/0/0/0,4,,,Y,실습,N,"화1,2,3,화6,7,8","전기전자관(009),전기전자관(105)",보기,,,,,6.0,
일반,,COME1101,2025200922,C/C++프로그래밍,컴퓨터공학과,Y,0428211141,전선,3.0,주,01,N,상대,38,30,0,0,0,8,8,38,20251020,우성필,0/0/0/0/0/0/0,1,,,,이론실습,Y,"월1,2,3,4",산업정보관(601),보기,컴퓨터공학과 신임교수 예정,,,,4.0,기본전공
일반,,COME1101,2025200923,C/C++프로그래밍,컴퓨터공학과,Y,0428211141,전선,3.0,주,02,N,상대,37,30,0,0,0,7,7,37,20251020,우성필,0/0/0/0/0/0/0,1,,,,이론실습,Y,"월6,7,8,9",산업정보관(601),보기,컴퓨터공학과 신임교수 예정,,,,4.0,기본전공
일반,,COME110004,2025200926,기초프로그래밍(융합자율대학),컴퓨터공학과,Y,0428211141,전선,3.0,주,01,N,상대,40,40,0,0,0,0,0,21,"20201204,20211001,20231008","장한얼,최창범,장수영",0/0/0/0/0/0/0,1,,,Y,이론실습,N,"수1,2,3,4",산업정보관(603),보기,,,,,4.0,기본전공
일반,,COME1102,2025200924,디지털회로 및 실험,컴퓨터공학과,Y,0428211141,전선,3.0,주,01,N,상대,70,64,2,2,2,0,0,68,20231008,장수영,0/0/0/0/0/0/0,1,,,,이론실습,Y,"목6,7,8,9",산업정보관(DH101),보기,,,,,4.0,기본전공
일반,,COME1103,2025200921,이산수학,컴퓨터공학과,Y,0428211141,전선,3.0,주,01,N,상대,70,64,2,2,2,0,0,65,20231008,장수영,0/0/0/0/0/0/0,1,,,,이론,Y,"목2,3,4",산업정보관(DH101),보기,,,,,3.0,기본전공
일반,,COME110005,2025200925,컴퓨터융합개론(융합자율대학),컴퓨터공학과,Y,0428211141,전선,3.0,주,01,N,상대,40,40,0,0,0,0,0,22,"20201204,20201026,20231007","장한얼,김태훈,이정",0/0/0/0/0/0/0,1,,,Y,이론실습,N,"수6,7,8,9",산업정보관(603),보기,,,,,4.0,기본전공
일반,,COME210015,2025200937,게임물리와 상호작용,컴퓨터공학과,Y,0428211141,전선,3.0,주,01,N,상대,42,0,30,5,5,2,2,41,20231007,이정,0/0/0/0/0/0/0,2,,,,이론실습,Y,"화1,2,3,4",자동화관(408),보기,,,,,4.0,기본전공
일반,,COME210015,2025200938,게임물리와 상호작용,컴퓨터공학과,Y,0428211141,전선,3.0,주,02,N,상대,42,0,30,5,5,2,2,41,20231007,이정,0/0/0/0/0/0/0,2,,,,이론실습,Y,"화6,7,8,9",자동화관(408),보기,,,,,4.0,기본전공
일반,,COME2112,2025200932,공학수학,컴퓨터공학과,Y,0428211141,전선,3.0,주,01,N,상대,80,0,75,3,2,0,0,58,20071062,황경호,0/0/0/0/0/0/0,2,,,,이론,Y,"수1,2,3",산업정보관(DH101),보기,,,,,3.0,기본전공
일반,,COME3103,2025200933,마이크로프로세서,컴퓨터공학과,Y,0428211141,전선,3.0,주,01,N,절대,27,0,23,1,1,2,2,27,20111023,이현빈,0/0/0/0/0/0/0,2,,,,이론실습,Y,"월1,2,3,4",산업정보관(418),보기,,,,,4.0,기본전공
일반,,COME3103,2025200934,마이크로프로세서,컴퓨터공학과,Y,0428211141,전선,3.0,주,02,N,절대,30,0,23,1,1,5,5,29,20111023,이현빈,0/0/0/0/0/0/0,2,,,,이론실습,Y,"월6,7,8,9",산업정보관(418),보기,,,,,4.0,기본전공
일반,,COME3105,2025200930,시스템프로그래밍,컴퓨터공학과,Y,0428211141,전선,3.0,주,01,N,절대,38,0,34,2,2,0,0,35,20211001,최창범,0/0/0/0/0/0/0,2,,,,이론실습,Y,"목1,2,3,4",산업정보관(601),보기,,,,,4.0,기본전공
일반,,COME3105,2025200931,시스템프로그래밍,컴퓨터공학과,Y,0428211141,전선,3.0,주,02,N,절대,38,0,34,2,2,0,0,33,20211001,최창범,0/0/0/0/0/0/0,2,,,,이론실습,Y,"목6,7,8,9",산업정보관(601),보기,,,,,4.0,기본전공
일반,,COME2106,2025200928,알고리즘,컴퓨터공학과,Y,0428211141,전선,3.0,주,01,N,상대,38,0,34,2,2,0,0,36,20201026,김태훈,0/0/0/0/0/0/0,2,,,,이론실습,Y,"목1,2,3,4",산업정보관(603),보기,,,,,4.0,기본전공
일반,,COME2106,2025200929,알고리즘,컴퓨터공학과,Y,0428211141,전선,3.0,주,02,N,상대,38,0,34,2,2,0,0,36,20201026,김태훈,0/0/0/0/0/0/0,2,,,,이론실습,Y,"목6,7,8,9",산업정보관(603),보기,,,,,4.0,기본전공
일반,,COME210014,2025200935,오픈소스SW프로그래밍,컴퓨터공학과,Y,0428211141,전선,3.0,주,01,N,절대,30,0,30,0,0,0,0,23,20241007,박천음,0/0/0/0/0/0/0,2,,,,이론실습,Y,"월1,2,3,4",산업정보관(616),보기,,,,,4.0,기본전공
일반,,COME210014,2025200936,오픈소스SW프로그래밍,컴퓨터공학과,Y,0428211141,전선,3.0,주,02,N,절대,30,0,30,0,0,0,0,23,20241007,박천음,0/0/0/0/0/0/0,2,,,,이론실습,Y,"월6,7,8,9",산업정보관(616),보기,,,,,4.0,기본전공
일반,,GUID200002,2025200927,진로설계2(진로탐색과 자기계발),컴퓨터공학과,Y,0428211141,특필,1.0,주,01,N,절대,40,0,38,1,1,0,0,39,20231008,장수영,0/0/0/0/0/0/0,2,,,,이론,N,화5,산업정보관(603),보기,,,,,1.0,
일반,,COME3201,2025200946,네트워크프로그래밍,컴퓨터공학과,Y,0428211141,심선,3.0,주,01,N,상대,40,0,0,35,5,0,0,39,20071062,황경호,0/0/0/0/0/0/0,3,Y,,,이론실습,Y,"금1,2,3,4",자동화관(408),보기,,,,,4.0,
일반,,COME3201,2025200947,네트워크프로그래밍,컴퓨터공학과,Y,0428211141,심선,3.0,주,02,N,상대,40,0,0,35,5,0,0,39,20071062,황경호,0/0/0/0/0/0/0,3,,,,이론실습,Y,"금6,7,8,9",자동화관(408),보기,,,,,4.0,
일반,,COME3202,2025200944,데이터베이스프로그래밍,컴퓨터공학과,Y,0428211141,심선,3.0,주,01,N,상대,38,0,0,35,3,0,0,23,19981012,김영찬,0/0/0/0/0/0/0,3,,,,이론실습,Y,"수1,2,3,4",자동화관(408),보기,,,,,4.0,
일반,,COME3202,2025200945,데이터베이스프로그래밍,컴퓨터공학과,Y,0428211141,심선,3.0,주,02,N,상대,38,0,0,35,3,0,0,32,19981012,김영찬,0/0/0/0/0/0/0,3,,,,이론실습,Y,"수6,7,8,9",자동화관(408),보기,,,,,4.0,
일반,,COME320006,2025200950,사물인터넷,컴퓨터공학과,Y,0428211141,심선,3.0,주,01,N,상대,40,0,0,40,0,0,0,39,20251020,우성필,0/0/0/0/0/0/0,3,,,,이론실습,Y,"금1,2,3,4",산업정보관(601),보기,컴퓨터공학과 신임교수 예정,,,,4.0,
일반,,COME320006,2025200951,사물인터넷,컴퓨터공학과,Y,0428211141,심선,3.0,주,02,N,상대,40,0,0,40,0,0,0,33,20251020,우성필,0/0/0/0/0/0/0,3,,,,이론실습,Y,"금6,7,8,9",산업정보관(601),보기,컴퓨터공학과 신임교수 예정,,,,4.0,
일반,,COME2201,2025200942,소프트웨어설계,컴퓨터공학과,Y,0428211141,심선,3.0,주,01,N,절대,38,0,0,35,3,0,0,24,20211001,최창범,0/0/0/0/0/0/0,3,,,,이론실습,Y,"월6,7,8,9",경상학관(303),보기,,,,,4.0,
일반,,COME3204,2025200940,정보보호,컴퓨터공학과,Y,0428211141,심선,3.0,주,01,N,상대,43,0,0,38,2,3,3,43,20231020,이상금,0/0/0/0/0/0/0,3,,,,이론,Y,"목2,3,4",산업정보관(616),보기,,,,,3.0,
일반,,COME3204,2025200941,정보보호,컴퓨터공학과,Y,0428211141,심선,3.0,주,02,N,상대,43,0,0,38,2,3,3,43,20231020,이상금,0/0/0/0/0/0/0,3,,,,이론,Y,"목6,7,8",산업정보관(616),보기,,,,,3.0,
일반,,GUID300002,2025200939,진로설계3(진로설정과 경력개발),컴퓨터공학과,Y,0428211141,특필,1.0,주,01,N,절대,43,0,0,38,2,3,3,43,20231020,이상금,0/0/0/0/0/0/0,3,,,,이론,N,화5,산업정보관(616),보기,,,,,1.0,
일반,,COME4210,2025200948,컴퓨터비젼,컴퓨터공학과,Y,0428211141,심선,3.0,주,01,N,절대,35,0,0,28,2,5,5,29,20201204,장한얼,0/0/0/0/0/0/0,3,,,,이론실습,Y,"화1,2,3,4",산업정보관(601),보기,,,,,4.0,
일반,,COME4210,2025200949,컴퓨터비젼,컴퓨터공학과,Y,0428211141,심선,3.0,주,02,N,절대,35,0,0,28,2,5,5,22,20201204,장한얼,0/0/0/0/0/0/0,3,,,,이론실습,Y,"화6,7,8,9",산업정보관(601),보기,,,,,4.0,
일반,,COME4212,2025201245,강화학습,컴퓨터공학과,Y,0428211141,심선,3.0,주,01,N,절대,30,0,0,0,30,0,0,22,20231008,장수영,0/0/0/0/0/0/0,4,,,,이론실습,Y,"화1,2,3,4",산업정보관(603),보기,,,,,4.0,
일반,,COME4203,2025201241,빅데이터분석,컴퓨터공학과,Y,0428211141,심선,3.0,주,01,N,상대,40,0,0,0,40,0,0,38,20231020,이상금,0/0/0/0/0/0/0,4,,,,이론실습,Y,"금1,2,3,4",산업정보관(603),보기,,,,,4.0,
일반,,COME4215,2025201242,인간과 컴퓨터 상호작용,컴퓨터공학과,Y,0428211141,심선,3.0,주,01,N,절대,30,0,0,5,25,0,0,10,20231007,이정,0/0/0/0/0/0/0,4,,,,이론,Y,"목6,7,8",산업정보관(615),보기,,,,,3.0,
일반,,COME4206,2025201244,임베디드시스템응용,컴퓨터공학과,Y,0428211141,심선,3.0,주,01,N,절대,25,0,0,2,20,3,3,21,20111023,이현빈,0/0/0/0/0/0/0,4,,,,이론실습,Y,"화6,7,8,9",산업정보관(418),보기,,,,,4.0,
일반,,COME4207,2025201243,자연어처리,컴퓨터공학과,Y,0428211141,심선,3.0,주,01,N,절대,30,0,0,0,30,0,0,9,20241007,박천음,0/0/0/0/0/0/0,4,,,,이론실습,Y,"목1,2,3,4",산업정보관(615),보기,,,,,4.0,
일반,,GUID400002,2025201240,진로설계4(취업전략과 실전취업),컴퓨터공학과,Y,0428211141,특필,1.0,주,01,N,절대,35,0,0,0,35,0,0,31,20231007,이정,0/0/0/0/0/0/0,4,,,,이론,N,화5,자동화관(408),보기,,,,,1.0,
일반,,COME4211,2025201255,캡스톤디자인II,컴퓨터공학과,Y,0428211141,심필,3.0,주,01,N,절대,10,0,0,0,10,0,0,9,"19981012,20241007","김영찬,박천음",,4,,,,실습,N,"월3,4,토1,2,3,4","자동화관(407),자동화관(407)",,,,,,6.0,
일반,,COME4211,2025201256,캡스톤디자인II,컴퓨터공학과,Y,0428211141,심필,3.0,주,02,N,절대,10,0,0,0,10,0,0,9,"20071062,20251020","황경호,우성필",0/0/0/0/0/0/0,4,,,,실습,N,"월3,4,토1,2,3,4","산업정보관(615),산업정보관(615)",보기,,,,,6.0,
일반,,COME4211,2025201257,캡스톤디자인II,컴퓨터공학과,Y,0428211141,심필,3.0,주,03,N,절대,10,0,0,0,10,0,0,10,"20201026,20111023","김태훈,이현빈",0/0/0/0/0/0/0,4,,,,실습,N,"월3,4,토1,2,3,4","산업정보관(119),산업정보관(119)",보기,,,,,6.0,
일반,,COME4211,2025201258,캡스톤디자인II,컴퓨터공학과,Y,0428211141,심필,3.0,주,04,N,절대,10,0,0,0,10,0,0,10,"20201204,19981012,20071062","장한얼,김영찬,황경호",0/0/0/0/0/0/0,4,,,,실습,N,"월3,4,토1,2,토3,4","산업정보관(316),산업정보관(316),산업정보관(316)",보기,,,,,6.0,
일반,,COME4211,2025201259,캡스톤디자인II,컴퓨터공학과,Y,0428211141,심필,3.0,주,05,N,절대,10,0,0,0,10,0,0,10,"20211001,20201026,20231007","최창범,김태훈,이정",0/0/0/0/0/0/0,4,,,,실습,N,"월3,4,토1,2,토3,4","산업정보관(420),산업정보관(420),산업정보관(420)",보기,,,,,6.0,
일반,,COME4211,2025201260,캡스톤디자인II,컴퓨터공학과,Y,0428211141,심필,3.0,주,06,N,절대,10,0,0,0,10,0,0,9,"20231007,20201204,20231008","이정,장한얼,장수영",0/0/0/0/0/0/0,4,,,,실습,N,"월3,4,토1,2,토3,4","산업정보관(603),산업정보관(603),산업정보관(520)",보기,,,,,6.0,
일반,,COME4211,2025201261,캡스톤디자인II,컴퓨터공학과,Y,0428211141,심필,3.0,주,07,N,절대,10,0,0,0,10,0,0,10,"20231008,20211001,20231020","장수영,최창범,이상금",0/0/0/0/0/0/0,4,,,,실습,N,"월3,4,토1,2,토3,4","자동화관(408),자동화관(408),자동화관(408)",보기,,,,,6.0,
일반,,COME4211,2025201262,캡스톤디자인II,컴퓨터공학과,Y,0428211141,심필,3.0,주,08,N,절대,10,0,0,0,10,0,0,10,"20231020,20231008,20201204","이상금,장수영,장한얼",0/0/0/0/0/0/0,4,,,,실습,Y,"월3,4,토1,2,토3,4","경상학관(303),경상학관(303),경상학관(303)",보기,,,,,6.0,
일반,,INFO2104,2025200405,고급C프로그래밍,정보통신공학과,Y,1197,전선,3.0,주,01,N,상대,40,36,4,0,0,0,0,38,20235067,에런스노버거,0/0/0/0/0/0/0,1,,,Y,이론실습,N,"화6,7,8,9",산업정보관(420),보기,,,,,4.0,기본전공
일반,,INFO1105,2025200406,기초공학수학,정보통신공학과,Y,1197,전선,3.0,주,01,N,절대,40,36,4,0,0,0,0,40,20001004,이연승,0/0/0/0/0/0/0,1,,,Y,이론,N,"월6,7,8",자동화관(401),보기,,,,,3.0,기본전공
일반,,INFO1103,2025200407,논리회로,정보통신공학과,Y,1197,전선,3.0,주,01,N,상대,40,36,4,0,0,0,0,40,20031005,유광기,0/0/0/0/0/0/0,1,,,Y,이론실습,N,"화1,2,3,4",산업정보관(302),보기,,,,,4.0,기본전공
일반,,INFO1102,2025200408,이산수학,정보통신공학과,Y,1197,전선,3.0,주,01,N,상대,40,36,4,0,0,0,0,37,20251018,노현호,0/0/0/0/0/0/0,1,,,Y,이론,N,"수2,3,4",산업정보관(501),보기,,,,,3.0,기본전공
일반,,GUID100002,2025200410,진로설계1(자기이해와 대학생활),정보통신공학과,Y,1197,특필,1.0,주,01,N,절대,40,36,4,0,0,0,0,32,19951009,김은기,0/0/0/0/0/0/0,1,,,Y,이론,N,수5,자동화관(401),보기,정보통신공학과 학생만 수강가능,,,,1.0,
일반,,INFO3102,2025200411,JAVA프로그래밍,정보통신공학과,Y,1197,전선,3.0,주,01,N,절대,40,3,34,3,0,0,0,25,20001003,이충호,0/0/0/0/0/0/0,2,,,Y,이론실습,N,"수1,2,3,4",산업정보관(420),보기,,,,,4.0,기본전공
일반,,INFO3105,2025200412,데이터통신,정보통신공학과,Y,1197,전선,3.0,주,01,N,상대,50,0,0,0,0,50,50,49,19951009,김은기,0/0/0/0/0/0/0,2,,블,Y,이론,N,"수6,7,8",자동화관(401),보기,,,,,3.0,기본전공
일반,,INFO210022,2025200413,반도체소자공학,정보통신공학과,Y,1197,전선,3.0,주,01,N,절대,40,3,34,3,0,0,0,36,20001004,이연승,0/0/0/0/0/0/0,2,,,Y,이론,N,"화2,3,4",자동화관(401),보기,,,,,3.0,기본전공
일반,,INFO2110,2025200414,신호및시스템,정보통신공학과,Y,1197,전선,3.0,주,01,N,상대,40,3,34,3,0,0,0,39,20251018,노현호,0/0/0/0/0/0/0,2,,,Y,이론,N,"화6,7,8",산업정보관(501),보기,,,,,3.0,기본전공
일반,,INFO2120,2025200415,오픈소스프로그래밍,정보통신공학과,Y,1197,전선,3.0,주,01,N,상대,40,3,34,3,0,0,0,40,20254055,허진우,0/0/0/0/0/0/0,2,,,Y,이론실습,N,"금6,7,8,9",산업정보관(420),보기,,,,,4.0,기본전공
일반,,INFO2114,2025200416,컴퓨터구조,정보통신공학과,Y,1197,전선,3.0,주,01,N,상대,40,3,34,3,0,0,0,38,20031005,유광기,0/0/0/0/0/0/0,2,,,Y,이론,N,"목2,3,4",산업정보관(302),보기,,,,,3.0,기본전공
일반,,INFO2117,2025200417,회로이론,정보통신공학과,Y,1197,전선,3.0,주,01,N,상대,40,3,34,3,0,0,0,40,20255040,이현승,0/0/0/0/0/0/0,2,,,Y,이론,N,"금2,3,4",자동화관(401),보기,,,,,3.0,기본전공
일반,,INFO3210,2025200418,딥러닝응용,정보통신공학과,Y,1197,심선,3.0,주,01,N,상대,35,0,2,31,2,0,0,35,20255023,이주경,0/0/0/0/0/0/0,3,,,Y,이론실습,N,"월1,2,3,4",산업정보관(314),보기,,,,,4.0,
일반,,INFO4209,2025200419,시스템프로그래밍,정보통신공학과,Y,1197,심선,3.0,주,01,N,상대,35,0,2,31,2,0,0,29,20245057,신영숙,0/0/0/0/0/0/0,3,,,Y,이론실습,N,"금1,2,3,4",산업정보관(314),보기,,,,,4.0,
일반,,INFO4209,2025200420,시스템프로그래밍,정보통신공학과,Y,1197,심선,3.0,주,02,N,상대,35,0,2,31,2,0,0,13,20245057,신영숙,0/0/0/0/0/0/0,3,,,Y,이론실습,N,"금6,7,8,9",산업정보관(314),보기,,,,,4.0,
일반,,INFO3203,2025200421,안테나공학,정보통신공학과,Y,1197,심선,3.0,주,01,N,상대,80,0,4,72,4,0,0,56,20131002,표성민,0/0/0/0/0/0/0,3,,온,Y,이론,N,"월6,7,8",산업정보관(DH301),보기,,,,,3.0,
일반,,INFO4227,2025200422,암호화칩설계,정보통신공학과,Y,1197,심선,3.0,주,01,N,상대,30,0,0,0,0,30,30,14,20245025,안효근,0/0/0/0/0/0/0,3,,,Y,이론실습,N,"목1,2,3,4",산업정보관(518),보기,,,,,4.0,
일반,,INFO4227,2025200423,암호화칩설계,정보통신공학과,Y,1197,심선,3.0,주,02,N,상대,30,0,0,0,0,30,30,26,20245025,안효근,0/0/0/0/0/0/0,3,,,Y,이론실습,N,"목6,7,8,9",산업정보관(518),보기,,,,,4.0,
일반,,INFO3205,2025200424,전자회로 II,정보통신공학과,Y,1197,심선,3.0,주,01,N,상대,25,0,0,0,0,25,25,21,20255002,구회우,0/0/0/0/0/0/0,3,,,Y,이론실습,N,"금6,7,8,9",산업정보관(316),보기,,,,,4.0,
일반,,INFO3205,2025200425,전자회로 II,정보통신공학과,Y,1197,심선,3.0,주,02,N,상대,25,0,0,0,0,25,25,15,20255002,구회우,0/0/0/0/0/0/0,3,,,Y,이론실습,N,"금1,2,3,4",산업정보관(316),보기,,,,,4.0,
일반,,GUID300002,2025200428,진로설계3(진로설정과 경력개발),정보통신공학과,Y,1197,특필,1.0,주,01,N,절대,80,0,4,72,4,0,0,77,20001003,이충호,0/0/0/0/0/0/0,3,,,Y,이론,N,화5,산업정보관(DH101),보기,정보통신공학과 학생만 수강가능,,,,1.0,
일반,,INFO4230,2025200426,통신이론,정보통신공학과,Y,1197,심선,3.0,주,01,N,상대,40,0,3,34,3,0,0,30,20251018,노현호,0/0/0/0/0/0/0,3,,,Y,이론,N,"목6,7,8",산업정보관(305),보기,,,,,3.0,
일반,,INFO4230,2025200427,통신이론,정보통신공학과,Y,1197,심선,3.0,주,02,N,상대,40,0,3,34,3,0,0,35,20251018,노현호,0/0/0/0/0/0/0,3,,,Y,이론,N,"목2,3,4",산업정보관(305),보기,,,,,3.0,
일반,,INFO4223,2025200440,빅데이터프로그래밍,정보통신공학과,Y,1197,심선,3.0,주,01,N,절대,40,0,0,4,36,0,0,16,20001003,이충호,0/0/0/0/0/0/0,4,,,Y,이론실습,N,"화1,2,3,4",산업정보관(420),보기,,,,,4.0,
일반,,INFO4224,2025200441,스마트센서공학,정보통신공학과,Y,1197,심선,3.0,주,01,N,절대,40,0,0,4,36,0,0,17,20254050,지현배,0/0/0/0/0/0/0,4,,,Y,이론,N,"금2,3,4",산업정보관(302),보기,,,,,3.0,
일반,,INFO4226,2025200442,암호프로그래밍,정보통신공학과,Y,1197,심선,3.0,주,01,N,절대,30,0,0,0,0,30,30,28,20235001,강정하,0/0/0/0/0/0/0,4,,,Y,이론,N,"목2,3,4",산업정보관(316),보기,,,,,3.0,
일반,,INFO4226,2025200443,암호프로그래밍,정보통신공학과,Y,1197,심선,3.0,주,02,N,절대,30,0,0,0,0,30,30,8,20235001,강정하,0/0/0/0/0/0/0,4,,,Y,이론,N,"목6,7,8",산업정보관(316),보기,,,,,3.0,
일반,,INFO4228,2025200444,우주통신공학,정보통신공학과,Y,1197,심선,3.0,주,01,N,상대,80,0,0,8,72,0,0,16,20254047,이형권,0/0/0/0/0/0/0,4,,,Y,이론,N,"금6,7,8",산업정보관(616),보기,,,,,3.0,
일반,,INFO4219,2025200430,캡스톤디자인Ⅱ,정보통신공학과,Y,1197,심필,3.0,주,01,N,절대,120,0,0,0,0,120,120,12,"19951009,20031005","김은기,유광기",0/0/0/0/0/0/0,4,,,Y,실습,N,"월1,2,토1,2,토3,4","산업정보관(302),산업정보관(302),산업정보관(302)",보기,캡스톤은 01반으로 신청 후 분반예정,,,,6.0,
일반,,INFO4219,2025200431,캡스톤디자인Ⅱ,정보통신공학과,Y,1197,심필,3.0,주,02,N,절대,20,0,0,0,0,20,20,9,"20001003,20131002","이충호,표성민",0/0/0/0/0/0/0,4,,,Y,실습,N,"월1,2,토1,2,토3,4","산업정보관(303),산업정보관(303),산업정보관(303)",보기,,,,,6.0,
일반,,INFO4219,2025200432,캡스톤디자인Ⅱ,정보통신공학과,Y,1197,심필,3.0,주,03,N,절대,20,0,0,0,0,20,20,9,"20001004,20131002","이연승,표성민",0/0/0/0/0/0/0,4,,,Y,실습,N,"월1,2,화10,11,12,13","산업정보관(501),산업정보관(501)",보기,,,,,6.0,
일반,,INFO4219,2025200433,캡스톤디자인Ⅱ,정보통신공학과,Y,1197,심필,3.0,주,04,N,절대,20,0,0,0,0,20,20,9,"20031005,20061057,20101004","유광기,안은영,최해철",0/0/0/0/0/0/0,4,,,Y,실습,N,"월1,2,토1,2,토3,4","산업정보관(119),산업정보관(616),산업정보관(616)",보기,,,,,6.0,
일반,,INFO4219,2025200434,캡스톤디자인Ⅱ,정보통신공학과,Y,1197,심필,3.0,주,05,N,절대,20,0,0,0,0,20,20,9,"20001005,20061057","김진수,안은영",0/0/0/0/0/0/0,4,,,Y,실습,N,"월1,2,토1,2,3,4","산업정보관(305),산업정보관(305)",보기,,,,,6.0,
일반,,INFO4219,2025200435,캡스톤디자인Ⅱ,정보통신공학과,Y,1197,심필,3.0,주,06,N,절대,20,0,0,0,0,20,20,9,"20001006,20101004","이시웅,최해철",0/0/0/0/0/0/0,4,,,Y,실습,N,"월1,2,토1,2,3,4","자동화관(401),자동화관(401)",보기,,,,,6.0,
일반,,INFO4219,2025200436,캡스톤디자인Ⅱ,정보통신공학과,Y,1197,심필,3.0,주,07,N,절대,20,0,0,0,0,20,20,10,"19981005,20221002","이창석,문지환",0/0/0/0/0/0/0,4,,,Y,실습,N,"월1,2,토1,2,토3,4","산업정보관(518),산업정보관(518),산업정보관(518)",보기,,,,,6.0,
일반,,INFO4219,2025200437,캡스톤디자인Ⅱ,정보통신공학과,Y,1197,심필,3.0,주,08,N,절대,20,0,0,0,0,20,20,9,"19981007,19981005","박현주,이창석",0/0/0/0/0/0/0,4,,,Y,실습,N,"월1,2,토1,2,3,4","산업정보관(520),산업정보관(520)",보기,,,,,6.0,
일반,,INFO4219,2025200438,캡스톤디자인Ⅱ,정보통신공학과,Y,1197,심필,3.0,주,09,N,절대,20,0,0,0,0,20,20,9,"20041054,20021013","정혁구,박종권",0/0/0/0/0/0/0,4,,,Y,실습,N,"월1,2,토1,2,토3,4","자동화관(301),자동화관(301),자동화관(301)",보기,,,,,6.0,
일반,,INFO4219,2025200439,캡스톤디자인Ⅱ,정보통신공학과,Y,1197,심필,3.0,주,10,N,절대,20,0,0,0,0,20,20,9,"20101007,20021013","이동호,박종권",0/0/0/0/0/0/0,4,,,Y,실습,N,"월1,2,토1,2,3,4","산업정보관(601),산업정보관(420)",보기,,,,,6.0,
일반,,PROJ1008,2025200103,공학설계입문,전자공학과,Y,"8211129,1165",특필,3.0,주,01,N,상대,40,0,0,0,0,40,40,30,20251017,조유철,0/0/0/0/0/0/0,1,,,Y,이론,N,"월6,7,8",자동화관(304),보기,"전자공학과 재학생만 수강 가능(단, 자율전공학부 및 정보기술학부 재학생은 전체학년 수강일에 선착순 승인예정)",,,,3.0,기본전공
일반,,PROJ1008,2025200104,공학설계입문,전자공학과,Y,"8211129,1165",특필,3.0,주,02,N,상대,40,0,0,0,0,40,40,26,20231006,노고산,0/0/0/0/0/0/0,1,,블,Y,이론,N,"화6,7,8",전기전자관(501),보기,"전자공학과 재학생만 수강 가능(단, 자율전공학부 및 정보기술학부 재학생은 전체학년 수강일에 선착순 승인예정)",,,,3.0,기본전공
일반,,PROJ1008,2025200105,공학설계입문,전자공학과,Y,"8211129,1165",특필,3.0,주,03,N,상대,40,0,0,0,0,40,40,39,20251017,조유철,0/0/0/0/0/0/0,1,,,Y,이론,N,"수2,3,4",자동화관(106),보기,"전자공학과 재학생만 수강 가능(단, 자율전공학부 및 정보기술학부 재학생은 전체학년 수강일에 선착순 승인예정)",,,,3.0,기본전공
일반,,PROJ1008,2025200106,공학설계입문,전자공학과,Y,"8211129,1165",특필,3.0,주,04,N,상대,40,0,0,0,0,40,40,39,20221009,지영우,0/0/0/0/0/0/0,1,,,Y,이론,N,"목6,7,8",자동화관(304),보기,"전자공학과 재학생만 수강 가능(단, 자율전공학부 및 정보기술학부 재학생은 전체학년 수강일에 선착순 승인예정)",,,,3.0,기본전공
일반,,PROJ1008,2025200107,공학설계입문,전자공학과,Y,"8211129,1165",특필,3.0,주,05,N,상대,40,0,0,0,0,40,40,24,20251017,조유철,0/0/0/0/0/0/0,1,,,Y,이론,N,"금2,3,4",자동화관(106),보기,"전자공학과 재학생만 수강 가능(단, 자율전공학부 및 정보기술학부 재학생은 전체학년 수강일에 선착순 승인예정)",,,,3.0,기본전공
일반,,ELEC110001,2025200102,전자공학개론,전자공학과,Y,"8211129,1165",전선,3.0,주,01,N,상대,40,0,0,0,0,40,40,30,20221009,지영우,0/0/0/0/0/0/0,1,,,Y,이론,N,"화6,7,8",자동화관(106),보기,융합자율대학 소속 학생에 한함.,,,,3.0,기본전공
일반,,GUID100002,2025200108,진로설계1(자기이해와 대학생활),전자공학과,Y,"8211129,1165",특필,1.0,주,01,N,절대,70,0,0,0,0,70,70,61,20151011,이병희,0/0/0/0/0/0/0,1,,,Y,이론,N,수5,산업정보관(DH101),보기,전자공학과 재학생만 수강 가능,,,,1.0,
일반,,ELEC2101,2025200109,C++언어프로그래밍,전자공학과,Y,"8211129,1165",전필,3.0,주,01,N,상대,35,0,0,0,0,35,35,31,19941003,이승호,0/0/0/0/0/0/0,2,,,Y,이론실습,N,"수1,2,수3,4","전기전자관(409),전기전자관(405)",보기,,,,,4.0,기본전공
일반,,ELEC2101,2025200110,C++언어프로그래밍,전자공학과,Y,8211129.1165,전필,3.0,주,02,N,상대,35,0,0,0,0,35,35,32,20111008,곽수영,0/0/0/0/0/0/0,2,,,Y,이론실습,N,"화6,7,8,9",자동화관(304),보기,,,,,4.0,기본전공
일반,,ELEC2101,2025200111,C++언어프로그래밍,전자공학과,Y,"8211129,1165",전필,3.0,주,03,N,상대,35,0,0,0,0,35,35,30,20111008,곽수영,0/0/0/0/0/0/0,2,,,Y,이론실습,N,"월1,2,월3,4","자동화관(304),자동화관(202)",보기,,,,,4.0,기본전공
일반,,ELEC2101,2025200112,C++언어프로그래밍,전자공학과,Y,"8211129,1165",전필,3.0,주,04,N,상대,35,0,0,0,0,35,35,34,20221008,한정규,0/0/0/0/0/0/0,2,,,Y,이론실습,N,"금1,2,금3,4","자동화관(103),자동화관(204)",보기,,,,,4.0,기본전공
일반,,ELEC2101,2025200113,C++언어프로그래밍,전자공학과,Y,"8211129,1165",전필,3.0,주,05,N,상대,35,0,0,0,0,35,35,28,19941003,이승호,0/0/0/0/0/0/0,2,,,Y,이론실습,N,"목6,7,목8,9","전기전자관(409),전기전자관(405)",보기,,,,,4.0,기본전공
일반,,ELEC2201,2025200129,MEMS기초,전자공학과,Y,"8211129,1165",심선,3.0,주,01,N,상대,40,0,0,0,0,40,40,39,20101003,정연호,0/0/0/0/0/0/0,2,,,Y,이론,N,"수6,7,8",자동화관(202),보기,,,,,3.0,
일반,,ELEC2103,2025200114,공업수학(2),전자공학과,Y,"8211129,1165",전필,3.0,주,01,N,상대,40,0,0,0,0,40,40,27,20081001,김광수,0/0/0/0/0/0/0,2,,블,Y,이론,N,"목6,7,8",자동화관(202),보기,,,,,3.0,기본전공
일반,,ELEC2103,2025200115,공업수학(2),전자공학과,Y,"8211129,1165",전필,3.0,주,02,N,상대,40,0,0,0,0,40,40,29,20081001,김광수,0/0/0/0/0/0/0,2,,블,Y,이론,N,"수2,3,4",자동화관(202),보기,,,,,3.0,기본전공
일반,,ELEC2103,2025200116,공업수학(2),전자공학과,Y,"8211129,1165",전필,3.0,주,03,N,상대,40,0,0,0,0,40,40,35,20101002,최윤석,0/0/0/0/0/0/0,2,,블,Y,이론,N,"화6,7,8",전기전자관(509),보기,,,,,3.0,기본전공
일반,,ELEC2103,2025200117,공업수학(2),전자공학과,Y,"8211129,1165",전필,3.0,주,04,N,상대,40,0,0,0,0,40,40,31,20195186,정윤미,0/0/0/0/0/0/0,2,,,Y,이론,N,"월2,3,4",전기전자관(509),보기,,,,,3.0,기본전공
일반,,ELEC2103,2025200118,공업수학(2),전자공학과,Y,"8211129,1165",전필,3.0,주,05,N,상대,40,0,0,0,0,40,40,27,20195186,정윤미,0/0/0/0/0/0/0,2,,,Y,이론,N,"금2,3,4",전기전자관(509),보기,,,,,3.0,기본전공
일반,,ELEC2203,2025200130,반도체공학,전자공학과,Y,"8211129,1165",심선,3.0,주,01,N,상대,40,0,0,0,0,40,40,40,20071026,김성찬,0/0/0/0/0/0/0,2,,블,Y,이론,N,"수6,7,8",전기전자관(509),보기,,,,,3.0,
일반,,ELEC2204,2025200131,센서공학개론,전자공학과,Y,"8211129,1165",심선,3.0,주,01,N,상대,40,0,0,0,0,40,40,36,20151003,구치완,0/0/0/0/0/0/0,2,,,Y,이론,N,"금6,7,8",자동화관(106),보기,,,,,3.0,
일반,,ELEC2205,2025200132,시스템모델링및해석,전자공학과,Y,"8211129,1165",심선,3.0,주,01,N,상대,40,0,0,0,0,40,40,40,20241013,이성현,0/0/0/0/0/0/0,2,,,Y,이론,N,"목2,3,4",전기전자관(509),보기,,,,,3.0,
일반,,ELEC2105,2025200119,전자기학(2),전자공학과,Y,"8211129,1165",전필,3.0,주,01,N,상대,40,0,0,0,0,40,40,28,20111021,정영배,0/0/0/0/0/0/0,2,,블,Y,이론,N,"월2,3,4",전기전자관(401),보기,,,,,3.0,기본전공
일반,,ELEC2105,2025200120,전자기학(2),전자공학과,Y,"8211129,1165",전필,3.0,주,02,N,상대,40,0,0,0,0,40,40,30,20211711,전승배,0/0/0/0/0/0/0,2,,,Y,이론,N,"금2,3,4",전기전자관(401),보기,,,,,3.0,기본전공
일반,,ELEC2105,2025200121,전자기학(2),전자공학과,Y,"8211129,1165",전필,3.0,주,03,N,상대,40,0,0,0,0,40,40,31,20211711,전승배,0/0/0/0/0/0/0,2,,,Y,이론,N,"목6,7,8",전기전자관(401),보기,,,,,3.0,기본전공
일반,,ELEC2105,2025200122,전자기학(2),전자공학과,Y,"8211129,1165",전필,3.0,주,04,N,상대,40,0,0,0,0,40,40,31,20211711,전승배,0/0/0/0/0/0/0,2,,,Y,이론,N,"수2,3,4",전기전자관(301),보기,,,,,3.0,기본전공
일반,,ELEC2105,2025200123,전자기학(2),전자공학과,Y,"8211129,1165",전필,3.0,주,05,N,상대,40,0,0,0,0,40,40,27,20111021,정영배,0/0/0/0/0/0/0,2,,블,Y,이론,N,"화6,7,8",전기전자관(401),보기,,,,,3.0,기본전공
일반,,ELEC2206,2025200133,정보통신개론,전자공학과,Y,"8211129,1165",심선,3.0,주,01,N,상대,40,0,0,0,0,40,40,40,20245028,강병무,0/0/0/0/0/0/0,2,,,Y,이론,N,"목2,3,4",전기전자관(501),보기,,,,,3.0,
일반,,GUID200002,2025200135,진로설계2(진로탐색과 자기계발),전자공학과,Y,"8211129,1165",특필,1.0,주,01,N,절대,75,0,0,0,0,75,75,75,20241013,이성현,0/0/0/0/0/0/0,2,,,Y,이론,N,목5,전기전자관(409),보기,전자공학과 재학생만 수강 가능,,,,1.0,
일반,,ELEC2207,2025200134,확률 및 랜덤변수,전자공학과,Y,"8211129,1165",심선,3.0,주,01,N,상대,40,0,0,0,0,40,40,40,20231006,노고산,0/0/0/0/0/0/0,2,,,Y,이론,N,"화2,3,4",전기전자관(401),보기,,,,,3.0,
일반,,ELEC2107,2025200124,회로이론(2),전자공학과,Y,"8211129,1165",전필,3.0,주,01,N,상대,40,0,0,0,0,40,40,30,20151011,이병희,0/0/0/0/0/0/0,2,,블,Y,이론,N,"화6,7,8",자동화관(103),보기,,,,,3.0,기본전공
일반,,ELEC2107,2025200125,회로이론(2),전자공학과,Y,"8211129,1165",전필,3.0,주,02,N,상대,40,0,0,0,0,40,40,34,20151011,이병희,0/0/0/0/0/0/0,2,,블,Y,이론,N,"월2,3,4",자동화관(106),보기,,,,,3.0,기본전공
일반,,ELEC2107,2025200126,회로이론(2),전자공학과,Y,"8211129,1165",전필,3.0,주,03,N,상대,40,0,0,0,0,40,40,33,20071026,김성찬,0/0/0/0/0/0/0,2,,블,Y,이론,N,"금2,3,4",전기전자관(301),보기,,,,,3.0,기본전공
일반,,ELEC2107,2025200127,회로이론(2),전자공학과,Y,"8211129,1165",전필,3.0,주,04,N,상대,40,0,0,0,0,40,40,39,20071026,김성찬,0/0/0/0/0/0/0,2,,블,Y,이론,N,"목6,7,8",전기전자관(301),보기,,,,,3.0,기본전공
일반,,ELEC2107,2025200128,회로이론(2),전자공학과,Y,"8211129,1165",전필,3.0,주,05,N,상대,40,0,0,0,0,40,40,36,20151011,이병희,0/0/0/0/0/0/0,2,,블,Y,이론,N,"수2,3,4",자동화관(103),보기,,,,,3.0,기본전공
일반,,ELEC3201,2025200156,VLSI설계,전자공학과,Y,"8211129,1165",심선,3.0,주,01,N,상대,30,0,0,0,0,30,30,30,20215034,장의기,0/0/0/0/0/0/0,3,,,Y,이론,N,"금2,3,4",전기전자관(409),보기,,,,,3.0,
일반,,ELEC3202,2025200157,디스플레이광학,전자공학과,Y,"8211129,1165",심선,3.0,주,01,N,상대,40,0,0,0,0,40,40,40,20101002,최윤석,0/0/0/0/0/0/0,3,,블,Y,이론,N,"수2,3,4",전기전자관(509),보기,,,,,3.0,
일반,,ELEC3205,2025200159,로봇공학,전자공학과,Y,"8211129,1165",심선,3.0,주,01,N,상대,40,0,0,0,0,40,40,26,20021006,도태용,0/0/0/0/0/0/0,3,,,Y,이론,N,"금2,3,4",자동화관(202),보기,,,,,3.0,
일반,,ELEC3103,2025200136,마이크로프로세서,전자공학과,Y,"8211129,1165",전필,3.0,주,01,N,상대,35,0,0,0,0,35,35,29,20251016,백근우,0/0/0/0/0/0/0,3,,,Y,이론실습,N,"목1,2,목3,4","전기전자관(409),전기전자관(407)",보기,,,,,4.0,기본전공
일반,,ELEC3103,2025200137,마이크로프로세서,전자공학과,Y,"8211129,1165",전필,3.0,주,02,N,상대,35,0,0,0,0,35,35,30,20251016,백근우,0/0/0/0/0/0/0,3,,,Y,이론실습,N,"수6,7,8,9",전기전자관(407),보기,,,,,4.0,기본전공
일반,,ELEC3103,2025200138,마이크로프로세서,전자공학과,Y,"8211129,1165",전필,3.0,주,03,N,상대,35,0,0,0,0,35,35,30,20245030,김정태,0/0/0/0/0/0/0,3,,,Y,이론실습,N,"화1,2,화3,4","자동화관(308),자동화관(106)",보기,,,,,4.0,기본전공
일반,,ELEC3103,2025200139,마이크로프로세서,전자공학과,Y,"8211129,1165",전필,3.0,주,04,N,상대,35,0,0,0,0,35,35,29,20151003,구치완,0/0/0/0/0/0/0,3,,,Y,이론실습,N,"월6,7,월8,9","자동화관(308),자동화관(103)",보기,,,,,4.0,기본전공
일반,,ELEC3103,2025200140,마이크로프로세서,전자공학과,Y,"8211129,1165",전필,3.0,주,05,N,상대,35,0,0,0,0,35,35,28,20251016,백근우,0/0/0/0/0/0/0,3,,,Y,이론실습,N,"금6,7,금8,9","전기전자관(409),전기전자관(407)",보기,,,,,4.0,기본전공
일반,,ELEC3206,2025200160,모바일로봇및실습,전자공학과,Y,"8211129,1165",심선,3.0,주,01,N,절대,30,0,0,0,0,30,30,29,20081001,김광수,0/0/0/0/0/0/0,3,,,Y,이론실습,N,"화6,7,화8,9","자동화관(207),자동화관(202)",보기,,,,,4.0,
일반,,ELEC320015,2025200161,반도체 소자,전자공학과,Y,"8211129,1165",심선,3.0,주,01,N,상대,40,0,0,0,0,40,40,40,20211711,전승배,0/0/0/0/0/0/0,3,,,Y,이론,N,"화6,7,8",전기전자관(301),보기,,,,,3.0,
일반,,ELEC3210,2025200162,전력전자응용,전자공학과,Y,"8211129,1165",심선,3.0,주,01,N,상대,40,0,0,0,0,40,40,40,20254054,허대호,0/0/0/0/0/0/0,3,,,Y,이론,N,"목6,7,8",자동화관(106),보기,,,,,3.0,
일반,,ELEC3106,2025200141,전자회로(2),전자공학과,Y,"8211129,1165",전필,3.0,주,01,N,상대,40,0,0,0,0,40,40,37,20031006,류근관,0/0/0/0/0/0/0,3,,블,Y,이론,N,"수6,7,8",전기전자관(401),보기,,,,,3.0,기본전공
일반,,ELEC3106,2025200142,전자회로(2),전자공학과,Y,"8211129,1165",전필,3.0,주,02,N,상대,40,0,0,0,0,40,40,26,20101003,정연호,0/0/0/0/0/0/0,3,,,Y,이론,N,"화2,3,4",자동화관(202),보기,,,,,3.0,기본전공
일반,,ELEC3106,2025200143,전자회로(2),전자공학과,Y,"8211129,1165",전필,3.0,주,03,N,상대,40,0,0,0,0,40,40,28,20101003,정연호,0/0/0/0/0/0/0,3,,,Y,이론,N,"월6,7,8",자동화관(106),보기,,,,,3.0,기본전공
일반,,ELEC3106,2025200144,전자회로(2),전자공학과,Y,"8211129,1165",전필,3.0,주,04,N,상대,40,0,0,0,0,40,40,34,20031006,류근관,0/0/0/0/0/0/0,3,,블,Y,이론,N,"금6,7,8",전기전자관(401),보기,,,,,3.0,기본전공
일반,,ELEC3106,2025200145,전자회로(2),전자공학과,Y,"8211129,1165",전필,3.0,주,05,N,상대,40,0,0,0,0,40,40,35,20031006,류근관,0/0/0/0/0/0/0,3,,블,Y,이론,N,"목2,3,4",전기전자관(401),보기,,,,,3.0,기본전공
일반,,ELEC3213,2025200163,전자회로실험,전자공학과,Y,"8211129,1165",심선,3.0,주,01,N,상대,30,0,0,0,0,30,30,29,20245030,김정태,0/0/0/0/0/0/0,3,,,Y,이론실습,N,"목6,7,목8,9","전기전자관(509),전기전자관(303)",보기,,,,,4.0,
일반,,ELEC3108,2025200146,제어공학(2),전자공학과,Y,"8211129,1165",전필,3.0,주,01,N,상대,40,0,0,0,0,40,40,34,20021006,도태용,0/0/0/0/0/0/0,3,,,Y,이론,N,"월6,7,8",자동화관(202),보기,,,,,3.0,기본전공
일반,,ELEC3108,2025200147,제어공학(2),전자공학과,Y,"8211129,1165",전필,3.0,주,02,N,상대,40,0,0,0,0,40,40,27,20021006,도태용,0/0/0/0/0/0/0,3,,,Y,이론,N,"금6,7,8",자동화관(103),보기,,,,,3.0,기본전공
일반,,ELEC3108,2025200148,제어공학(2),전자공학과,Y,"8211129,1165",전필,3.0,주,03,N,상대,40,0,0,0,0,40,40,30,20021006,도태용,0/0/0/0/0/0/0,3,,,Y,이론,N,"목2,3,4",자동화관(202),보기,,,,,3.0,기본전공
일반,,ELEC3108,2025200149,제어공학(2),전자공학과,Y,"8211129,1165",전필,3.0,주,04,N,상대,40,0,0,0,0,40,40,40,20241013,이성현,0/0/0/0/0/0/0,3,,,Y,이론,N,"수6,7,8",전기전자관(501),보기,,,,,3.0,기본전공
일반,,ELEC3108,2025200150,제어공학(2),전자공학과,Y,"8211129,1165",전필,3.0,주,05,N,상대,40,0,0,0,0,40,40,40,20241013,이성현,0/0/0/0/0/0/0,3,,,Y,이론,N,"화2,3,4",전기전자관(301),보기,,,,,3.0,기본전공
일반,,GUID300002,2025200164,진로설계3(진로설정과 경력개발),전자공학과,Y,"8211129,1165",특필,1.0,주,01,N,절대,75,0,0,0,0,75,75,75,20101002,최윤석,0/0/0/0/0/0/0,3,,,Y,이론,N,화5,전기전자관(409),보기,전자공학과 재학생만 수강 가능,,,,1.0,
일반,,ELEC310010,2025200151,통신시스템(2),전자공학과,Y,"8211129,1165",전필,3.0,주,01,N,상대,40,0,0,0,0,40,40,29,20021005,김찬규,0/0/0/0/0/0/0,3,,블,Y,이론,N,"금6,7,8",전기전자관(301),보기,,,,,3.0,기본전공
일반,,ELEC310010,2025200152,통신시스템(2),전자공학과,Y,"8211129,1165",전필,3.0,주,02,N,상대,40,0,0,0,0,40,40,28,20021005,김찬규,0/0/0/0/0/0/0,3,,블,Y,이론,N,"목2,3,4",전기전자관(301),보기,,,,,3.0,기본전공
일반,,ELEC310010,2025200153,통신시스템(2),전자공학과,Y,"8211129,1165",전필,3.0,주,03,N,상대,40,0,0,0,0,40,40,32,20021005,김찬규,0/0/0/0/0/0/0,3,,블,Y,이론,N,"수6,7,8",전기전자관(301),보기,,,,,3.0,기본전공
일반,,ELEC310010,2025200154,통신시스템(2),전자공학과,Y,"8211129,1165",전필,3.0,주,04,N,상대,80,0,0,0,0,80,80,59,20231006,노고산,0/0/0/0/0/0/0,3,,온,Y,이론,N,"월2,3,4",전기전자관(409),보기,04반+05반 합반,,,,3.0,기본전공
일반,,ELEC4202,2025200165,머신러닝개론,전자공학과,Y,"8211129,1165",심선,3.0,주,01,N,절대,40,0,0,0,0,40,40,15,20111008,곽수영,0/0/0/0/0/0/0,4,,,Y,이론,N,"화2,3,4",자동화관(103),보기,,,,,3.0,
일반,,ELEC4206,2025200167,안테나공학,전자공학과,Y,"8211129,1165",심선,3.0,주,01,N,절대,40,0,0,0,0,40,40,8,20111021,정영배,0/0/0/0/0/0/0,4,,블,Y,이론,N,"월6,7,8",전기전자관(401),보기,,,,,3.0,
일반,,ELEC4210,2025200168,전력변환시스템 및 응용,전자공학과,Y,"8211129,1165",심선,3.0,주,01,N,절대,40,0,0,0,0,40,40,14,20221008,한정규,0/0/0/0/0/0/0,4,,,Y,이론,N,"목6,7,8",자동화관(103),보기,,,,,3.0,
일반,,ELEC4212,2025200169,지능로봇,전자공학과,Y,"8211129,1165",심선,3.0,주,01,N,절대,40,0,0,0,0,40,40,13,20235012,박재순,0/0/0/0/0/0/0,4,,,Y,이론,N,"금2,3,4",자동화관(308),보기,,,,,3.0,
일반,,GUID400002,2025200180,진로설계4(취업전략과 실전취업),전자공학과,Y,8211129/1165,특필,1.0,주,01,N,절대,75,0,0,0,0,75,75,65,19941003,이승호,0/0/0/0/0/0/0,4,,,Y,이론,N,수5,전기전자관(409),보기,전자공학과 재학생만 수강 가능,,,,1.0,
일반,,ELEC4214,2025200170,캡스톤디자인(2),전자공학과,Y,"8211129,1165",심선,3.0,주,01,N,절대,11,0,0,0,0,11,11,11,20111021,정영배,0/0/0/0/0/0/0,4,,,Y,이론,N,"토1,2,3",전기전자관(401),보기,25-1학기 이경재 교수님 담당,,,,3.0,
일반,,ELEC4214,2025200171,캡스톤디자인(2),전자공학과,Y,"8211129,1165",심선,3.0,주,02,N,절대,11,0,0,0,0,11,11,11,20151003,구치완,0/0/0/0/0/0/0,4,,,Y,이론,N,"토1,2,3",자동화관(202),보기,,,,,3.0,
일반,,ELEC4214,2025200172,캡스톤디자인(2),전자공학과,Y,"8211129,1165",심선,3.0,주,03,N,절대,10,0,0,0,0,10,10,10,20151011,이병희,0/0/0/0/0/0/0,4,,,Y,이론,N,"토1,2,3",자동화관(103),보기,,,,,3.0,
일반,,ELEC4214,2025200173,캡스톤디자인(2),전자공학과,Y,"8211129,1165",심선,3.0,주,04,N,절대,11,0,0,0,0,11,11,11,20211711,전승배,0/0/0/0/0/0/0,4,,,Y,이론,N,"토1,2,3",전기전자관(404),보기,,,,,3.0,
일반,,ELEC4214,2025200174,캡스톤디자인(2),전자공학과,Y,"8211129,1165",심선,3.0,주,05,N,절대,10,0,0,0,0,10,10,10,20221008,한정규,0/0/0/0/0/0/0,4,,,Y,이론,N,"토1,2,3",자동화관(106),보기,,,,,3.0,
일반,,ELEC4214,2025200175,캡스톤디자인(2),전자공학과,Y,"8211129,1165",심선,3.0,주,06,N,절대,10,0,0,0,0,10,10,10,20221009,지영우,0/0/0/0/0/0/0,4,,,Y,이론,N,"토1,2,3",자동화관(207),보기,,,,,3.0,
일반,,ELEC4214,2025200176,캡스톤디자인(2),전자공학과,Y,"8211129,1165",심선,3.0,주,07,N,절대,10,0,0,0,0,10,10,10,20241013,이성현,0/0/0/0/0/0/0,4,,,Y,이론,N,"토1,2,3",전기전자관(407),보기,,,,,3.0,
일반,,ELEC4214,2025200177,캡스톤디자인(2),전자공학과,Y,"8211129,1165",심선,3.0,주,08,N,절대,12,0,0,0,0,12,12,12,19941003,이승호,0/0/0/0/0/0/0,4,,,Y,이론,N,"토1,2,3",전기전자관(405),보기,,,,,3.0,
일반,,MOBL1101,2025200445,AI수학,모바일융합공학과,Y,0428211198,전선,3.0,주,01,N,상대,40,33,3,2,2,0,0,33,20021013,박종권,0/0/0/0/0/0/0,1,,,Y,이론,N,"화6,7,8",산업정보관(303),보기,,,,,3.0,기본전공
일반,,MOBL1102,2025200446,IoT기초실습,모바일융합공학과,Y,0428211198,전선,3.0,주,01,N,상대,40,33,3,2,2,0,0,32,20021013,박종권,0/0/0/0/0/0/0,1,,,Y,이론실습,N,"수6,7,8,9",산업정보관(303),보기,,,,,4.0,기본전공
일반,,MOBL110004,2025200447,모바일AI입문,모바일융합공학과,Y,0428211198,전선,3.0,주,01,N,절대,40,40,0,0,0,0,0,7,"20101007,20221002","이동호,문지환",0/0/0/0/0/0/0,1,Y,,Y,이론,N,"월6,월7.5","산업정보관(316),산업정보관(316)",보기,"융합자율대학(자율전공학부, 정보기술학부) 학생 우선 승인. 자리가 있으면 전체 학년 수강신청기간에 모바일융합공학과 및 타과 학생 신청 가능",,,,3.0,기본전공
일반,,MOBL1103,2025200448,임베디드프로그래밍,모바일융합공학과,Y,0428211198,전선,3.0,주,01,N,상대,40,33,3,2,2,0,0,30,20101007,이동호,0/0/0/0/0/0/0,1,,,Y,이론실습,N,"수1,2,3,4",산업정보관(316),보기,,,,,4.0,기본전공
일반,,MOBL2102,2025200449,IoT프로토콜,모바일융합공학과,Y,0428211198,전선,3.0,주,01,N,상대,40,2,34,2,2,0,0,23,19981005,이창석,0/0/0/0/0/0/0,2,,,Y,이론실습,N,"월6,7,8,9",자동화관(506),보기,,,,,4.0,기본전공
일반,,MOBL2103,2025200450,JAVA프로그래밍,모바일융합공학과,Y,0428211198,전선,3.0,주,01,N,상대,40,2,34,2,2,0,0,29,19981007,박현주,0/0/0/0/0/0/0,2,,,Y,이론실습,N,"수1,2,3,4",자동화관(506),보기,,,,,4.0,기본전공
일반,,MOBL2106,2025200451,디지털공학,모바일융합공학과,Y,0428211198,전선,3.0,주,01,N,상대,40,2,34,2,2,0,0,27,20101007,이동호,0/0/0/0/0/0/0,2,,,Y,이론실습,N,"화6,7,8,9",자동화관(506),보기,,,,,4.0,기본전공
일반,,MOBL2107,2025200452,디지털신호처리,모바일융합공학과,Y,0428211198,전선,3.0,주,01,N,상대,40,2,34,2,2,0,0,24,20221002,문지환,0/0/0/0/0/0/0,2,,,Y,이론,N,"수6,7,8",산업정보관(302),보기,,,,,3.0,기본전공
일반,,MOBL2110,2025200453,전자기장시뮬레이션,모바일융합공학과,Y,0428211198,전선,3.0,주,01,N,상대,40,2,34,2,2,0,0,17,20021013,박종권,0/0/0/0/0/0/0,2,,,Y,이론,N,"목6,7,8",산업정보관(303),보기,,,,,3.0,기본전공
일반,,MOBL2111,2025200454,확률및통계,모바일융합공학과,Y,0428211198,전선,3.0,주,01,N,상대,40,2,34,2,2,0,0,27,20041054,정혁구,0/0/0/0/0/0/0,2,,,Y,이론,N,"화2,3,4",산업정보관(305),보기,,,,,3.0,기본전공
일반,,MOBL3103,2025200455,데이터베이스Ⅰ,모바일융합공학과,Y,0428211198,전선,3.0,주,01,N,상대,40,5,5,25,5,0,0,16,19981007,박현주,0/0/0/0/0/0/0,3,,,Y,이론실습,N,"수6,7,8,9",자동화관(506),보기,,,,,4.0,기본전공
일반,,MOBL3201,2025200456,디지털통신Ⅱ,모바일융합공학과,Y,0428211198,심선,3.0,주,01,N,절대,40,5,5,25,5,0,0,8,20041054,정혁구,0/0/0/0/0/0/0,3,,,Y,이론,N,"수2,3,4",산업정보관(518),보기,,,,,3.0,
일반,,MOBL3202,2025200457,머신러닝Ⅱ,모바일융합공학과,Y,0428211198,심선,3.0,주,01,N,절대,40,5,5,25,5,0,0,11,20221002,문지환,0/0/0/0/0/0/0,3,,,Y,이론실습,N,"화6,7,8,9",산업정보관(316),보기,,,,,4.0,
일반,,MOBL3204,2025200458,알고리즘,모바일융합공학과,Y,0428211198,심선,3.0,주,01,N,상대,40,5,5,25,5,0,0,14,19981007,박현주,0/0/0/0/0/0/0,3,,,Y,이론실습,N,"목1,2,3,4",자동화관(506),보기,,,,,4.0,
일반,,MOBL3205,2025200459,웹프로그래밍,모바일융합공학과,Y,0428211198,심선,3.0,주,01,N,상대,40,5,5,25,5,0,0,11,19981005,이창석,0/0/0/0/0/0/0,3,,,Y,이론실습,N,"화1,2,3,4",자동화관(506),보기,,,,,4.0,
일반,,MOBL3206,2025200460,전자회로및시뮬레이션Ⅱ,모바일융합공학과,Y,0428211198,심선,3.0,주,01,N,절대,40,5,5,25,5,0,0,9,20101007,이동호,0/0/0/0/0/0/0,3,,,Y,이론실습,N,"목6,7,8,9",자동화관(506),보기,,,,,4.0,
일반,,MOBL4203,2025200462,딥러닝응용설계,모바일융합공학과,Y,0428211198,심선,3.0,주,01,N,절대,40,5,5,5,25,0,0,6,20221002,문지환,0/0/0/0/0/0/0,4,,,Y,이론실습,N,"화1,2,3,4",산업정보관(418),보기,,,,,4.0,
일반,,MOBL4204,2025200463,모바일웹프로그래밍,모바일융합공학과,Y,0428211198,심선,3.0,주,01,N,절대,28,2,2,2,22,0,0,8,20041054,정혁구,0/0/0/0/0/0/0,4,,,Y,이론실습,N,"월6,7,8,9",자동화관(301),보기,,,,,4.0,
일반,,MOBL4209,2025200461,캡스톤디자인Ⅱ,모바일융합공학과,Y,0428211198,심필,3.0,주,01,N,절대,40,0,0,10,30,0,0,14,"20041054,20101007,20221002","정혁구,이동호,문지환",0/0/0/0/0/0/0,4,,,Y,실습,N,"월1,2,토1,2,토3,4","자동화관(506),자동화관(506),자동화관(506)",보기,,,,,6.0,
일반,,AISW1101,2025201166,C언어프로그래밍,인공지능소프트웨어학과,Y,0448638450,전선,3.0,주,01,N,상대,42,42,0,0,0,0,0,36,20251015,김영동,0/0/0/0/0/0/0,1,,,Y,이론실습,N,"화6,7,8,9",세종(임대형)캠퍼스(219),보기,,,,,4.0,기본전공
일반,,AISW110007,2025201163,Python응용,인공지능소프트웨어학과,Y,0448638450,전선,3.0,주,01,N,상대,42,42,0,0,0,0,0,36,20231018,현장훈,0/0/0/0/0/0/0,1,,,Y,이론실습,N,"금6,7,8,9",세종(임대형)캠퍼스(219),보기,,,,,4.0,기본전공
일반,,AISW110008,2025201169,소프트웨어개론,인공지능소프트웨어학과,Y,0448638450,전선,3.0,주,01,N,상대,42,42,0,0,0,0,0,36,20211712,김은경,0/0/0/0/0/0/0,1,,,Y,이론,N,"수6,7,8",세종(임대형)캠퍼스(218),보기,,,,,3.0,기본전공
일반,,AISW110006,2025201175,인공지능과 이산수학,인공지능소프트웨어학과,Y,0448638450,전선,3.0,주,01,N,상대,42,42,0,0,0,0,0,37,20251005,이성민,0/0/0/0/0/0/0,1,,,Y,이론,N,"금2,3,4",세종(임대형)캠퍼스(218),보기,,,,,3.0,기본전공
일반,,AISW210015,2025201167,고급데이터마이닝,인공지능소프트웨어학과,Y,0448638450,전선,3.0,주,01,N,상대,42,0,42,0,0,0,0,37,20231005,전윤호,0/0/0/0/0/0/0,2,,,Y,이론실습,N,"화6,7,8,9",세종(임대형)캠퍼스(216),보기,,,,,4.0,기본전공
일반,,AISW2106,2025201160,디지털신호응용,인공지능소프트웨어학과,Y,0448638450,전선,3.0,주,01,N,절대,42,0,42,0,0,0,0,36,20091014,정의림,0/0/0/0/0/0/0,2,,,Y,이론,N,"월5,수2,3","세종(임대형)캠퍼스(217),세종(임대형)캠퍼스(217)",보기,,,,,3.0,기본전공
일반,,AISW2108,2025201164,알고리즘기초,인공지능소프트웨어학과,Y,0448638450,전선,3.0,주,01,N,상대,42,0,42,0,0,0,0,38,20211712,김은경,0/0/0/0/0/0/0,2,,,Y,이론실습,N,"월6,7,8,9",세종(임대형)캠퍼스(218),보기,,,,,4.0,기본전공
일반,,AISW2109,2025201176,오픈소스SW프로그래밍,인공지능소프트웨어학과,Y,0448638450,전선,3.0,주,01,N,상대,42,0,42,0,0,0,0,38,20231018,현장훈,0/0/0/0/0/0/0,2,,,Y,이론실습,N,"수6,7,8,9",세종(임대형)캠퍼스(216),보기,,,,,4.0,기본전공
일반,,AISW210014,2025201171,프로그래밍언어개념과응용,인공지능소프트웨어학과,Y,0448638450,전선,3.0,주,01,N,상대,42,0,42,0,0,0,0,42,20251005,이성민,0/0/0/0/0/0/0,2,,,Y,이론실습,N,"목6,7,8,9",세종(임대형)캠퍼스(219),보기,,,,,4.0,기본전공
일반,,AISW320007,2025202293,강화학습,인공지능소프트웨어학과,Y,0448638450,심선,3.0,주,01,N,상대,40,0,0,20,20,0,0,16,20251015,김영동,0/0/0/0/0/0/0,3,,,Y,이론실습,N,"금6,7,8,9",세종(임대형)캠퍼스(216),보기,,,,,4.0,
일반,,AISW320013,2025201179,고급컴퓨터비전,인공지능소프트웨어학과,Y,0448638450,심선,3.0,주,01,N,절대,20,0,0,20,0,0,0,18,20231018,현장훈,0/0/0/0/0/0/0,3,,,Y,이론실습,N,"목6,7,8,9",세종(임대형)캠퍼스(216),보기,,,,,4.0,
일반,,STAR3001,2025201249,기업가정신과 창업,인공지능소프트웨어학과,Y,0448638450,특필,1.0,주,01,N,절대,120,0,0,120,0,0,0,93,20201208,임종태,0/0/0/0/0/0/0,3,,온,Y,이론,N,목5,,보기,"건설환경공학과 수강 가능, 그 외 학과 수강불가",,,,1.0,
일반,,AISW320009,2025201173,디지털통신,인공지능소프트웨어학과,Y,0448638450,심선,3.0,주,01,N,절대,20,0,0,20,0,0,0,12,20091014,정의림,0/0/0/0/0/0/0,3,,,Y,이론,N,"수5,목2,3","세종(임대형)캠퍼스(317),세종(임대형)캠퍼스(317)",보기,,,,,3.0,
일반,,AISW3203,2025201165,심층신경망,인공지능소프트웨어학과,Y,0448638450,심선,3.0,주,01,N,상대,20,0,0,20,0,0,0,19,20231005,전윤호,0/0/0/0/0/0/0,3,,,Y,이론실습,N,"월6,7,8,9",세종(임대형)캠퍼스(319),보기,,,,,4.0,
일반,,AISW310007,2025201172,운영체제,인공지능소프트웨어학과,Y,0448638450,전선,3.0,주,01,N,절대,20,0,0,20,0,0,0,13,20231007,이정,0/0/0/0/0/0/0,3,,,Y,이론실습,N,"수1,2,3,4",세종(임대형)캠퍼스(317),보기,,,,,4.0,기본전공
일반,,AISW420009,2025201177,3D딥러닝,인공지능소프트웨어학과,Y,0448638450,심선,3.0,주,01,N,절대,20,0,0,0,20,0,0,8,20251005,이성민,0/0/0/0/0/0/0,4,,,Y,이론실습,N,"화6,7,8,9",세종(임대형)캠퍼스(319),보기,,,,,4.0,
일반,,AISW420011,2025201174,인공지능프로그래밍응용,인공지능소프트웨어학과,Y,0448638450,심선,3.0,주,01,N,절대,20,0,0,0,20,0,0,14,20251015,김영동,0/0/0/0/0/0/0,4,,,Y,이론실습,N,"수6,7,8,9",세종(임대형)캠퍼스(319),보기,,,,,4.0,
일반,,AISW4206,2025201168,자연어처리개념과응용,인공지능소프트웨어학과,Y,0448638450,심선,3.0,주,01,N,절대,20,0,0,0,20,0,0,7,20241007,박천음,0/0/0/0/0/0/0,4,,,Y,이론실습,N,"화1,2,3,4",세종(임대형)캠퍼스(319),보기,,,,,4.0,
일반,,AISW4208,2025201158,캡스톤디자인Ⅱ,인공지능소프트웨어학과,Y,0448638450,심필,3.0,주,01,N,절대,20,0,0,0,20,0,0,16,"20231018,20231005,20091014,20211712","현장훈,전윤호,정의림,김은경",0/0/0/0/0/0/0,4,,,Y,실습,N,"월1,2,월3,4,토1,토2","세종(임대형)캠퍼스(312),세종(임대형)캠퍼스(312),세종(임대형)캠퍼스(312),세종(임대형)캠퍼스(312)",보기,,,,,6.0,
일반,,INME110006,2025201264,기초프로그래밍,지능미디어공학과,Y,0428211196,전선,3.0,주,01,N,상대,40,34,2,2,2,0,0,33,20245005,신경아,0/0/0/0/0/0/0,1,,,Y,이론,N,"목6,7,8",산업정보관(420),보기,"실용파이썬프로그래밍 동일교과목/지능미디어공학과, 자율융합대학 수강가능",,,,3.0,기본전공
일반,,INME110007,2025201263,지능미디어공학개론,지능미디어공학과,Y,0428211196,전선,3.0,주,01,N,상대,40,34,2,2,2,0,0,27,20001006,이시웅,0/0/0/0/0/0/0,1,,,Y,이론,N,"목2,3,4",자동화관(401),보기,"인공지능개론및실습 동일교과목/지능미디어공학과, 융합자율대학 수강가능",,,,3.0,기본전공
일반,,INME2101,2025201268,JAVA프로그래밍,지능미디어공학과,Y,0428211196,전선,3.0,주,01,N,상대,40,2,34,2,2,0,0,22,20061057,안은영,0/0/0/0/0/0/0,2,,,Y,이론실습,N,"화6,7,8,9",산업정보관(302),보기,,,,,4.0,기본전공
일반,,INME2104,2025201266,디지털신호처리,지능미디어공학과,Y,0428211196,전선,3.0,주,01,N,상대,40,2,34,2,2,0,0,36,20001006,이시웅,0/0/0/0/0/0/0,2,,,Y,이론,N,"수2,3,4",산업정보관(301),보기,,,,,3.0,기본전공
일반,,INME2107,2025201270,알고리즘,지능미디어공학과,Y,0428211196,전선,3.0,주,01,N,상대,40,2,34,2,2,0,0,40,20101004,최해철,0/0/0/0/0/0/0,2,,,Y,이론실습,N,"월6,7,8,9",산업정보관(301),보기,,,,,4.0,기본전공
일반,,INME2110,2025201267,컴퓨터구조,지능미디어공학과,Y,0428211196,전선,3.0,주,01,N,상대,40,2,34,2,2,0,0,37,20001005,김진수,0/0/0/0/0/0/0,2,,,Y,이론,N,"목1,2,3",산업정보관(501),보기,,,,,3.0,기본전공
일반,,INME2111,2025201269,컴퓨터네트워크,지능미디어공학과,Y,0428211196,전선,3.0,주,01,N,상대,40,2,34,2,2,0,0,40,20254059,이우섭,0/0/0/0/0/0/0,2,,,Y,이론,N,"월2,3,4",산업정보관(301),보기,이우섭교수님 수업,,,,3.0,기본전공
일반,,INME1104,2025201265,확률및랜덤프로세스,지능미디어공학과,Y,0428211196,전선,3.0,주,01,N,상대,40,2,34,2,2,0,0,39,20255059,최미경,0/0/0/0/0/0/0,2,,,Y,이론,N,"수6,7,8",산업정보관(420),보기,,,,,3.0,기본전공
일반,,INME3201,2025201274,3D그래픽스프로그래밍,지능미디어공학과,Y,0428211196,심선,3.0,주,01,N,절대,40,2,2,34,2,0,0,8,20061057,안은영,0/0/0/0/0/0/0,3,,,Y,이론실습,N,"목1,2,3,4",산업정보관(301),보기,,,,,4.0,
일반,,INME3202,2025201276,UNIX시스템프로그래밍,지능미디어공학과,Y,0428211196,심선,3.0,주,01,N,상대,40,2,2,34,2,0,0,25,20251019,이아현,0/0/0/0/0/0/0,3,,,Y,이론실습,N,"화1,2,3,4",산업정보관(314),보기,,,,,4.0,
일반,,INME3204,2025201275,데이터베이스,지능미디어공학과,Y,0428211196,심선,3.0,주,01,N,상대,40,2,2,34,2,0,0,23,20061057,안은영,0/0/0/0/0/0/0,3,,,Y,이론,N,"목6,7,8",산업정보관(302),보기,,,,,3.0,
일반,,INME3205,2025201272,디지털시스템설계,지능미디어공학과,Y,0428211196,심선,3.0,주,01,N,절대,40,2,2,34,2,0,0,10,20001006,이시웅,0/0/0/0/0/0/0,3,,,Y,이론실습,N,"화6,7,8,9",산업정보관(615),보기,,,,,4.0,
일반,,INME3206,2025201273,딥러닝,지능미디어공학과,Y,0428211196,심선,3.0,주,01,N,상대,40,2,2,34,2,0,0,18,20101004,최해철,0/0/0/0/0/0/0,3,,,Y,이론실습,N,"수6,7,8,9",산업정보관(301),보기,,,,,4.0,
일반,,GUID300002,2025201277,진로설계3(진로설정과 경력개발),지능미디어공학과,Y,0428211196,특필,1.0,주,01,N,절대,40,2,2,34,2,0,0,21,20001006,이시웅,0/0/0/0/0/0/0,3,,,Y,이론,N,수5,산업정보관(301),보기,지능미디어공학과 수강가능,,,,1.0,
일반,,INME3207,2025201271,컴퓨터비전프로그래밍,지능미디어공학과,Y,0428211196,심선,3.0,주,01,N,절대,40,2,2,34,2,0,0,11,20001005,김진수,0/0/0/0/0/0/0,3,,,Y,이론실습,N,"월6,7,8,9",산업정보관(501),보기,,,,,4.0,
일반,,INME4202,2025201280,신기술특론,지능미디어공학과,Y,0428211196,심선,3.0,주,01,N,상대,40,2,2,2,34,0,0,17,20251019,이아현,0/0/0/0/0/0/0,4,,,Y,이론,N,"목2,3,4",산업정보관(303),보기,,,,,3.0,
일반,,INME4205,2025201279,인간컴퓨터상호작용,지능미디어공학과,Y,0428211196,심선,3.0,주,01,N,절대,40,2,2,2,34,0,0,11,20254059,이우섭,0/0/0/0/0/0/0,4,,,Y,이론,N,"화6,7,8",산업정보관(301),보기,이우섭교수님 수업,,,,3.0,
일반,,INME4208,2025201278,증강가상현실,지능미디어공학과,Y,0428211196,심선,3.0,주,01,N,상대,40,2,2,2,34,0,0,15,20251019,이아현,0/0/0/0/0/0/0,4,,,Y,이론,N,"월6,7,8",산업정보관(302),보기,,,,,3.0,
일반,,GUID400002,2025201281,진로설계4(취업전략과 실전취업),지능미디어공학과,Y,0428211196,특필,1.0,주,01,N,절대,40,2,2,2,34,0,0,18,20001006,이시웅,0/0/0/0/0/0/0,4,,,Y,이론,N,화5,산업정보관(301),보기,지능미디어공학과 수강가능,,,,1.0,
일반,,INME4210,2025201282,캡스톤디자인Ⅱ,지능미디어공학과,Y,0428211196,심필,3.0,주,01,N,절대,30,0,0,0,30,0,0,9,"20101004,20001005,20061057","최해철,김진수,안은영",0/0/0/0/0/0/0,4,,,Y,실습,N,"월1,2,토1,2,토3,4","산업정보관(316),산업정보관(314),산업정보관(314)",보기,지능미디어공학과 수강가능,,,,6.0,
일반,,INME4210,2025201283,캡스톤디자인Ⅱ,지능미디어공학과,Y,0428211196,심필,3.0,주,02,N,절대,10,0,0,0,0,10,10,9,"20001006,20251019","이시웅,이아현",0/0/0/0/0/0/0,4,,,Y,실습,N,"월1,2,토1,2,3,4","자동화관(501),자동화관(501)",보기,,,,,6.0,
일반,,SCSE120001,2025201087,C프로그래밍기초,반도체시스템공학과,Y,0428288820,전필,3.0,주,01,N,상대,30,30,0,0,0,0,0,23,20241006,정광현,0/0/0/0/0/0/0,1,,,Y,이론실습,N,"월5,6,7,8",소재관및공동실험실습관(103),보기,,,,,4.0,
일반,,PROJ120002,2025201088,공학설계입문,반도체시스템공학과,Y,0428288820,특필,3.0,주,01,N,상대,30,30,0,0,0,0,0,25,20251014,최소연,0/0/0/0/0/0/0,1,,,Y,이론실습,N,"화6,7,8,9",소재관및공동실험실습관(103),보기,,,,,4.0,
일반,,SCSE120003,2025201090,공학수학Ⅰ,반도체시스템공학과,Y,0428288820,전필,3.0,주,01,N,상대,30,30,0,0,0,0,0,23,20255017,최명진,0/0/0/0/0/0/0,1,,,Y,이론,N,"수6,7,8",소재관및공동실험실습관(101),보기,,,,,3.0,
일반,,SCSE120004,2025201086,논리회로,반도체시스템공학과,Y,0428288820,전필,3.0,주,01,N,상대,30,30,0,0,0,0,0,23,20031005,유광기,0/0/0/0/0/0/0,1,,,Y,이론실습,N,"금1,2,3,4",소재관및공동실험실습관(101),보기,,,,,4.0,
일반,,SCSE120007,2025201089,전자기학,반도체시스템공학과,Y,0428288820,전필,3.0,주,01,N,상대,35,30,0,0,0,5,5,29,20241006,정광현,0/0/0/0/0/0/0,1,,,Y,이론,N,"목5,6,7",소재관및공동실험실습관(101),보기,,,,,3.0,
일반,,SCSE220005,2025201095,신호및시스템,반도체시스템공학과,Y,0428288820,전필,3.0,주,01,N,상대,30,5,25,0,0,0,0,10,20251014,최소연,0/0/0/0/0/0/0,2,,,Y,이론,N,"월2,3,4",소재관및공동실험실습관(102),보기,,,,,3.0,
일반,,SCSE220007,2025201092,전자회로Ⅰ,반도체시스템공학과,Y,0428288820,전필,3.0,주,01,N,상대,32,5,25,0,0,2,2,10,20241006,정광현,0/0/0/0/0/0/0,2,,,Y,이론실습,N,"수5,6,7,8",소재관및공동실험실습관(102),보기,,,,,4.0,
일반,,SCSE220008,2025201093,컴퓨터구조,반도체시스템공학과,Y,0428288820,전필,3.0,주,01,N,상대,30,5,25,0,0,0,0,10,20251014,최소연,0/0/0/0/0/0/0,2,,,Y,이론,N,"수1,2,3",소재관및공동실험실습관(102),보기,,,,,3.0,
일반,,SCSE220010,2025201091,회로이론Ⅱ,반도체시스템공학과,Y,0428288820,전필,3.0,주,01,N,절대,32,5,25,0,0,2,2,10,20241006,정광현,0/0/0/0/0/0/0,2,,,Y,이론실습,N,"화5,6,7,8",소재관및공동실험실습관(102),보기,,,,,4.0,
일반(DSC),,POWR300008,2025202331,경량소재공학,친환경동력시스템전공,Y,8288726,복선,3.0,주,01,N,절대,30,0,0,0,0,30,30,0,20241013,이성현,,3,,온,Y,이론,N,,,,,,,,3.0,미선택
일반(DSC),,POWR2009,2025202329,친환경전력전자,친환경동력시스템전공,Y,8288726,복선,3.0,주,01,N,절대,30,0,0,0,0,30,30,0,20241013,이성현,,3,,온,Y,이론,N,,,,,,,,3.0,미선택
일반(DSC),,POWR400009,2025202385,모빌리티 리빙랩 캡스톤디자인,친환경동력시스템전공,Y,8288726,복선,3.0,주,01,N,절대,20,0,0,0,0,20,20,0,20241013,이성현,,4,,,Y,이론실습,N,,,,DSC공유대학,,,,5.0,
일반(DSC),,POWR2005,2025202330,모빌리티 설계 및 생산,친환경동력시스템전공,Y,8288726,복선,3.0,주,01,N,절대,30,0,0,0,0,30,30,0,20241013,이성현,,4,,온,Y,이론,N,,,,,,,,3.0,미선택
일반(DSC),,POWR400005,2025202332,모빌리티 캡스톤디자인 II,친환경동력시스템전공,Y,8288726,복선,3.0,주,01,N,절대,30,0,0,0,0,30,30,0,20241013,이성현,,4,,,Y,실습,N,,,,,,,,6.0,미선택
일반(DSC),,VECO2005,2025202333,생체데이터분석,지능형전장제어시스템전공,Y,8288726,복선,3.0,주,01,N,절대,30,0,0,0,0,30,30,0,20241013,이성현,,3,,온,Y,이론,N,,,,,,,,3.0,미선택
일반(DSC),,VECO3001,2025202335,XR ML-AGENT,지능형전장제어시스템전공,Y,8288726,복선,3.0,주,01,N,절대,30,0,0,0,0,30,30,0,20241013,이성현,,4,,온,Y,이론,N,,,,,,,,3.0,미선택
일반(DSC),,VECO400006,2025202336,미래모빌리티 친환경 구동시스템,지능형전장제어시스템전공,Y,8288726,복선,3.0,주,01,N,절대,30,0,0,0,0,30,30,0,20241013,이성현,,4,,온,Y,이론,N,,,,,,,,3.0,미선택
일반(DSC),,VECO3010,2025202334,지능형정밀 농업기계공학,지능형전장제어시스템전공,Y,8288726,복선,3.0,주,01,N,절대,30,0,0,0,0,30,30,0,20241013,이성현,,4,,온,Y,이론,N,,,,,,,,3.0,미선택
일반(DSC),,ASEN400008,2025202384,모빌리티 리빙랩 캡스톤디자인,첨단센서융합디바이스전공,Y,82888726,복선,3.0,주,01,N,절대,30,0,0,0,0,30,30,0,20241013,이성현,,4,,,Y,이론실습,N,,,,,,,,5.0,미선택
일반(DSC),,ASEN400009,2025202340,무선센서개론,첨단센서융합디바이스전공,Y,8288726,복선,3.0,주,01,N,절대,40,0,0,0,0,40,40,0,20111021,정영배,,4,,온,Y,이론,N,,,,,,,,3.0,미선택
일반(DSC),,ASEN3004,2025202338,센서 시스템 설계,첨단센서융합디바이스전공,Y,8288726,복선,3.0,주,01,N,절대,30,0,0,0,0,30,30,0,20241013,이성현,,4,,온,Y,이론실습,N,,,,,,,,4.0,미선택
일반(DSC),,ASEN400006,2025202339,인공지능 및 알고리즘,첨단센서융합디바이스전공,Y,8288726,복선,3.0,주,01,N,절대,40,0,0,0,0,40,40,0,20241013,이성현,,4,,온,Y,이론,N,,,,,,,,3.0,미선택
일반(DSC),,ASEN4002,2025202337,첨단센서융합 캡스톤디자인2,첨단센서융합디바이스전공,Y,8288726,복선,3.0,주,01,N,절대,30,0,0,0,0,30,30,0,20111008,곽수영,,4,,,Y,이론실습,N,,,,,,,,4.0,미선택
일반(DSC),,ASEN4002,2025202383,첨단센서융합 캡스톤디자인2,첨단센서융합디바이스전공,Y,8288726,복선,3.0,주,02,N,절대,30,0,0,0,0,30,30,0,20231006,노고산,,4,,,Y,이론실습,N,,,,,,,,4.0,미선택
일반(DSC),,DISP2011,2025202386,반도체장비 열유동해석,디스플레이-시스템반도체소부장전공,Y,8288726,복선,3.0,주,01,N,절대,30,0,0,0,0,30,30,0,20241013,이성현,,3,,온,Y,이론,N,,,,,,,,3.0,
일반(DSC),,DISP3009,2025202341,차세대 디스플레이 공학,디스플레이-시스템반도체소부장전공,Y,8288726,복선,3.0,주,01,N,절대,30,0,0,0,0,30,30,0,20241013,이성현,,4,,온,Y,이론,N,,,,,,,,3.0,미선택
일반(DSC),,AUMS300014,2025202342,자율주행 데이터 처리,자율주행시스템전공,Y,8288726,복선,3.0,주,01,N,절대,30,0,0,0,0,30,30,0,20091014,정의림,,3,,온,Y,이론,N,,,,,,,,3.0,미선택
일반(DSC),,AUMS300017,2025202343,차량동역학 및 제어,자율주행시스템전공,Y,8288726,복선,3.0,주,01,N,절대,30,0,0,0,0,30,30,0,20091014,정의림,,3,,온,Y,이론,N,,,,,,,,3.0,미선택
일반(DSC),,AUMS400017,2025202344,스마트모빌리티시스템 설계,자율주행시스템전공,Y,8288726,복선,3.0,주,01,N,절대,30,0,0,0,0,30,30,0,20091014,정의림,,4,,온,Y,이론,N,,,,,,,,3.0,미선택
일반(DSC),,SHID4003,2025202345,고급인터페이스공학,스마트휴먼인터페이스전공,Y,8288726,복선,3.0,주,01,N,절대,30,0,0,0,0,30,30,0,20091014,정의림,,4,,온,Y,이론,N,,,,,,,,3.0,미선택
일반(DSC),,NGCC4003,2025202346,V2X 통신시스템설계,차세대통신융합전공,Y,8288726,복선,3.0,주,01,N,절대,30,0,0,0,0,30,30,0,20091014,정의림,,4,,온,Y,이론,N,,,,,,,,3.0,미선택
일반(DSC),,NGCC4006,2025202347,모빌리티 RF시스템설계,차세대통신융합전공,Y,8288726,복선,3.0,주,01,N,절대,30,0,0,0,0,30,30,0,20091014,정의림,,4,,온,Y,이론,N,,,,,,,,3.0,미선택
일반(DSC),,NGCC400018,2025202352,모빌리티 리빙랩 캡스톤디자인,차세대통신융합전공,Y,8288726,복선,3.0,주,01,N,절대,30,0,0,0,0,30,30,0,20091014,정의림,,4,,,Y,이론실습,N,,,,,,,,5.0,미선택
일반(DSC),,MOSW4002,2025202348,로보틱스,모빌리티SW/AI융합전공,Y,8288726,복선,3.0,주,01,N,절대,30,0,0,0,0,30,30,0,20091014,정의림,,4,,온,Y,이론실습,N,,,,,,,,4.0,미선택
일반(DSC),,MOSW400013,2025202351,모빌리티 캡스톤디자인Ⅱ,모빌리티SW/AI융합전공,Y,8288726,복선,3.0,주,01,N,절대,30,0,0,0,0,30,30,0,20091014,정의림,,4,,,Y,실습,N,,,,,,,,6.0,미선택
일반(DSC),,MOSW4005,2025202350,모빌리티보안,모빌리티SW/AI융합전공,Y,8288726,복선,3.0,주,01,N,절대,30,0,0,0,0,30,30,0,20091014,정의림,,4,,온,Y,이론,N,,,,,,,,3.0,미선택
일반(DSC),,MOSW4009,2025202349,자율주행플랫폼,모빌리티SW/AI융합전공,Y,8288726,복선,3.0,주,01,N,절대,30,0,0,0,0,30,30,0,20091014,정의림,,4,,온,Y,이론,N,,,,,,,,3.0,미선택
일반,,APSW210003,2025201642,JAVA프로그래밍응용,응용소프트웨어학과,Y,0428288882,전선,3.0,야,01,Y,절대,30,0,0,0,0,30,30,13,20225004,김윤재,0/0/0/0/0/0/0,2,,,Y,이론실습,N,"수10,11,12,13",산업정보관(601),보기,,,,,4.0,
일반,,APSW210005,2025201643,데이터베이스,응용소프트웨어학과,Y,0428288882,전선,3.0,야,01,Y,절대,30,0,0,0,0,30,30,13,20225007,김형근,0/0/0/0/0/0/0,2,,,Y,이론실습,N,"화10,11,12,13",산업정보관(616),보기,,,,,4.0,
일반,,APSW210006,2025201644,소프트웨어공학,응용소프트웨어학과,Y,0428288882,전선,3.0,야,01,Y,절대,30,0,0,0,0,30,30,13,20245066,김시정,0/0/0/0/0/0/0,2,,,Y,이론,N,"목10,11,12",경상학관(303),보기,,,,,3.0,
일반,,APSW210007,2025201645,알고리즘,응용소프트웨어학과,Y,0428288882,전선,3.0,야,01,Y,절대,30,0,0,0,0,30,30,12,20235107,이지선,0/0/0/0/0/0/0,2,,,Y,이론실습,N,"월10,11,12,13",경상학관(303),보기,,,,,4.0,
일반,,APSW320001,2025201637,마이크로프로세서,응용소프트웨어학과,Y,0428288882,심선,3.0,야,01,Y,절대,30,0,0,0,0,30,30,9,20195224,이용우,0/0/0/0/0/0/0,3,,,Y,이론실습,N,"금10,11,12,13",산업정보관(603),보기,,,,,4.0,
일반,,APSW320002,2025201638,머신러닝응용,응용소프트웨어학과,Y,0428288882,심선,3.0,야,01,Y,절대,30,0,0,0,0,30,30,7,20205042,이돈오,0/0/0/0/0/0/0,3,,,Y,이론실습,N,"수10,11,12,13",산업정보관(603),보기,,,,,4.0,
일반,,APSW320003,2025201639,모바일프로그래밍응용,응용소프트웨어학과,Y,0428288882,심선,3.0,야,01,Y,절대,30,0,0,0,0,30,30,8,20235105,정성자,0/0/0/0/0/0/0,3,,,Y,이론실습,N,"화10,11,12,13",산업정보관(603),보기,,,,,4.0,
일반,,APSW320004,2025201640,빅데이터분석,응용소프트웨어학과,Y,0428288882,심선,3.0,야,01,Y,절대,30,0,0,0,0,30,30,8,20245079,박원주,0/0/0/0/0/0/0,3,,,Y,이론실습,N,"월10,11,12,13",산업정보관(603),보기,,,,,4.0,
일반,,APSW320005,2025201641,웹서버구축,응용소프트웨어학과,Y,0428288882,심선,3.0,야,01,Y,절대,30,0,0,0,0,30,30,8,20235105,정성자,0/0/0/0/0/0/0,3,,,Y,이론실습,N,"목10,11,12,13",산업정보관(603),보기,,,,,4.0,
일반,,ESYS1103,2025201609,공학수학,전기시스템공학과,Y,0428288882,전선,3.0,야,01,Y,절대,40,0,0,0,0,40,40,22,20195193,이현규,0/0/0/0/0/0/0,1,,,Y,이론,N,"목13,14,15",전기전자관(002),보기,,,,,3.0,기본전공
일반,,ESYS1104,2025201610,기술 마케팅론,전기시스템공학과,Y,0428288882,전선,3.0,야,01,Y,절대,40,0,0,0,0,40,40,20,20254019,손윤정,0/0/0/0/0/0/0,1,,온,Y,이론,N,"수10,11,12",그린에너지관(608),보기,,,,,3.0,기본전공
일반,,ESYS420021,2025201611,스마트전기시스템,전기시스템공학과,Y,0428288882,전선,3.0,야,01,Y,절대,40,0,0,0,0,40,40,31,20245067,서준혁,0/0/0/0/0/0/0,1,,블,Y,이론,N,"목10,11,12",전기전자관(202),보기,,,,,3.0,
일반,,ESYS1106,2025201612,전기공학입문,전기시스템공학과,Y,0428288882,전선,3.0,야,01,Y,절대,40,0,0,0,0,40,40,25,20191018,박영,0/0/0/0/0/0/0,1,Y,블,Y,이론,N,"월13,14,15",그린에너지관(415),보기,,,,,3.0,기본전공
일반,,ESYS110014,2025201613,전기산업 이해,전기시스템공학과,Y,0428288882,전선,3.0,야,01,Y,절대,40,0,0,0,0,40,40,28,20254063,박지호,0/0/0/0/0/0/0,1,,,Y,이론,N,"월10,11,12",그린에너지관(604),보기,,,,,3.0,기본전공
일반,,ESYS1108,2025201614,창의적공학설계 프로젝트,전기시스템공학과,Y,0428288882,전선,3.0,야,01,Y,절대,40,0,0,0,0,40,40,6,20235102,하준철,0/0/0/0/0/0/0,1,,,Y,이론실습,N,"화10,11,12,13",전기전자관(002),보기,,,,,4.0,기본전공
일반,,ESYS2116,2025201615,디지털공학(전기),전기시스템공학과,Y,0428288882,전선,3.0,야,01,Y,절대,40,0,0,0,0,40,40,18,20225006,김종희,0/0/0/0/0/0/0,2,,,Y,이론,N,"목10,11,12",전기전자관(001),보기,,,,,3.0,기본전공
일반,,ESYS2102,2025201616,반도체공학,전기시스템공학과,Y,0428288882,전선,3.0,야,01,Y,절대,40,0,0,0,0,40,40,15,20225001,권석훈,0/0/0/0/0/0/0,2,,,Y,이론,N,"목13,14,15",전기전자관(001),보기,,,,,3.0,기본전공
일반,,ESYS2103,2025201617,전기시스템 재료과학,전기시스템공학과,Y,0428288882,전선,3.0,야,01,Y,절대,40,0,0,0,0,40,40,10,20191019,최균석,0/0/0/0/0/0/0,2,,블,Y,이론,N,"화10,11,12",산학연협동관(415),보기,,,,,3.0,기본전공
일반,,ESYS2104,2025201618,전기시스템공학 문제해결,전기시스템공학과,Y,0428288882,전선,3.0,야,01,Y,절대,40,0,0,0,0,40,40,21,20201208,임종태,0/0/0/0/0/0/0,2,,온,Y,이론,N,"월10,11,12",그린에너지관(509),보기,,,,,3.0,기본전공
일반,,ESYS210019,2025201619,진로설계 실무,전기시스템공학과,Y,0428288882,전선,2.0,야,01,Y,절대,40,0,0,0,0,40,40,18,20205120,이대동,0/0/0/0/0/0/0,2,,,Y,이론,N,"수13,14",전기전자관(003),보기,,,,,2.0,기본전공
일반,,ESYS210021,2025201620,컴퓨터구조 및 아키텍처,전기시스템공학과,Y,0428288882,전선,3.0,야,01,Y,절대,40,0,0,0,0,40,40,40,20201208,임종태,0/0/0/0/0/0/0,2,,온,Y,이론,N,"월13,14,15",그린에너지관(509),보기,,,,,3.0,기본전공
일반,,ESYS210022,2025201621,프로그래밍 방법론 및 연습,전기시스템공학과,Y,0428288882,전선,3.0,야,01,Y,절대,40,0,0,0,0,40,40,13,20245080,김강민,0/0/0/0/0/0/0,2,,,Y,이론,N,"수10,11,12",전기전자관(105),보기,,,,,3.0,기본전공
일반,,ESYS3203,2025201622,3D프린팅 응용,전기시스템공학과,Y,0428288882,심선,3.0,야,01,Y,절대,40,0,0,0,0,40,40,14,20244014,윤석철,0/0/0/0/0/0/0,3,,,Y,이론실습,N,"수10,11,12,13",산학연협동관(106),보기,,,,,4.0,
,,DSLA100288,2025202382,광고조사방법론,전기시스템공학과,Y,0428288882,일선,3.0,야,01,N,절대,1,0,0,0,0,1,1,1,,,,3,,,Y,이론,N,,,,전적대학 학점인정 교과목,,,,0.0,
,,DSLA100282,2025202375,광고학입문,전기시스템공학과,Y,0428288882,일선,3.0,야,01,N,절대,1,0,0,0,0,1,1,1,,,,3,,,Y,이론,N,,,,전적대학 학점인정 교과목,,,,0.0,
,,DSLA100284,2025202377,디지털경제와소비자,전기시스템공학과,Y,0428288882,교선,3.0,야,01,N,절대,1,0,0,0,0,1,1,1,,,,3,,,Y,이론,N,,,,전적대학 학점인정 교과목,,,,0.0,
일반,,ESYS4206,2025201623,미래 철도공학,전기시스템공학과,Y,0428288882,심선,3.0,야,01,Y,절대,40,0,0,0,0,40,40,8,20245038,최태수,0/0/0/0/0/0/0,3,,,Y,이론실습,N,"월13,화10,11,12","그린에너지관(412),그린에너지관(415)",보기,,,,,4.0,
일반,,ESYS3206,2025201624,센서공학(전기),전기시스템공학과,Y,0428288882,심선,3.0,야,01,Y,절대,40,0,0,0,0,40,40,29,20191018,박영,0/0/0/0/0/0/0,3,,블,Y,이론,N,"월10,11,12",그린에너지관(415),보기,,,,,3.0,
일반,,ESYS3201,2025201625,송배전공학,전기시스템공학과,Y,0428288882,심선,3.0,야,01,Y,절대,40,0,0,0,0,40,40,34,20205120,이대동,0/0/0/0/0/0/0,3,,,Y,이론,N,"목10,11,12",전기전자관(003),보기,,,,,3.0,
일반,,ESYS3207,2025201626,신재생에너지 실습(전기),전기시스템공학과,Y,0428288882,심선,3.0,야,01,Y,절대,40,0,0,0,0,40,40,11,20225066,김은성,0/0/0/0/0/0/0,3,,,Y,이론실습,N,"금10,11,12,13",자동화관(106),보기,,,,,4.0,
,,DSLA100287,2025202381,인터넷활용,전기시스템공학과,Y,04282888821,교선,3.0,야,01,N,절대,1,0,0,0,0,1,1,1,,,,3,,,Y,이론,N,,,,전적대학 학점인정 교과목,,,,0.0,
,,DSLA100281,2025202374,초급일본어(1),전기시스템공학과,Y,0428288882,교선,3.0,야,01,N,절대,1,0,0,0,0,1,1,1,,,,3,,,Y,이론,N,,,,전적대학 학점인정 교과목,,,,0.0,
일반,,ESYS3213,2025201627,컨버터공학(전기),전기시스템공학과,Y,0428288882,심선,3.0,야,01,Y,절대,40,0,0,0,0,40,40,30,20205120,이대동,0/0/0/0/0/0/0,3,,,Y,이론,N,"목13,14,15",전기전자관(003),보기,,,,,3.0,
일반,,ESYS3215,2025201628,현장실무Ⅱ(전기),전기시스템공학과,Y,0428288882,심선,2.0,야,01,Y,절대,40,0,0,0,0,40,40,8,20244004,장형식,0/0/0/0/0/0/0,3,,,Y,실습,N,"월14,화13,14,15","전기전자관(114),전기전자관(114)",보기,,,,,4.0,
,,DSLA100283,2025202376,홍보학입문,전기시스템공학과,Y,0428288882,일선,3.0,야,01,N,절대,1,0,0,0,0,1,1,0,,,,3,,,Y,이론,N,,,,전적대학 학점인정 교과목,,,,0.0,
,,DSLA100289,2025202379,IT융합개론,전기시스템공학과,Y,0428288882,교선,3.0,야,01,N,절대,1,0,0,0,0,1,1,0,,,,4,,,Y,이론,N,,,,전적대학 학점인정 교과목,,,,0.0,
,,DSLA100285,2025202380,공학 윤리,전기시스템공학과,Y,0428288882,교선,3.0,야,01,N,절대,1,0,0,0,0,1,1,0,,,,4,,,Y,이론,N,,,,전적대학 학점인정 교과목,,,,0.0,
,,DSLA100286,2025202378,소방법규,전기시스템공학과,Y,0428288882,일선,3.0,야,01,N,절대,1,0,0,0,0,1,1,1,,,,4,,,Y,이론,N,,,,전적대학 학점인정 교과목,,,,0.0,
일반,,ESYS4201,2025201629,에너지변환공학,전기시스템공학과,Y,0428288882,심선,3.0,야,01,Y,절대,40,0,0,0,0,40,40,15,20225006,김종희,0/0/0/0/0/0/0,4,,,Y,이론,N,"화10,11,12",전기전자관(001),보기,,,,,3.0,
일반,,ESYS4203,2025201630,전기시스템 제품 개발론,전기시스템공학과,Y,0428288882,심선,3.0,야,01,Y,절대,40,0,0,0,0,40,40,8,20235102,하준철,0/0/0/0/0/0/0,4,,,Y,이론,N,"월10,11,12",그린에너지관(605),보기,,,,,3.0,
일반,,ESYS4218,2025201633,컴퓨터 구조 및 아키텍처(전기),전기시스템공학과,Y,0428288882,심선,3.0,야,01,Y,절대,40,0,0,0,0,40,40,5,20225001,권석훈,0/0/0/0/0/0/0,4,,,Y,이론실습,N,"금10,11,12,13",전기전자관(105),보기,,,,,4.0,
일반,,ITSY0216,2025201634,딥러닝응용,IT시스템공학과,Y,0428288882,심선,3.0,야,01,Y,절대,30,0,0,0,0,30,30,4,20195154,이병선,0/0/0/0/0/0/0,4,,,Y,이론실습,N,"화10,11,12,13",산업정보관(601),보기,,,,,4.0,
일반,,ITSY0221,2025201635,신기술특론,IT시스템공학과,Y,0428288882,심선,3.0,야,01,Y,절대,30,0,0,0,0,30,30,5,20225004,김윤재,0/0/0/0/0/0/0,4,,,Y,이론,N,"월10,11,12",산업정보관(601),보기,,,,,3.0,
일반,,ITSY0223,2025201636,응용소프트웨어구현,IT시스템공학과,Y,0428288882,심선,3.0,야,01,Y,절대,30,0,0,0,0,30,30,3,20225007,김형근,0/0/0/0/0/0/0,4,,,Y,이론실습,N,"목10,11,12,13",산업정보관(601),보기,,,,,4.0,
일반,,PROJ1105,2025201181,공학입문설계,건설환경공학과,Y,0428211842,특필,3.0,주,01,N,상대,35,34,0,0,0,1,1,35,20211708,이도연,0/0/0/0/0/0/0,1,,,Y,이론실습,N,"월2,3,4,5",화학환경관(402),보기,,,,Y,4.0,기본전공
일반,,PROJ1105,2025201182,공학입문설계,건설환경공학과,Y,0428211842,특필,3.0,주,02,N,상대,35,34,0,0,0,1,1,29,20231009,정상재,0/0/0/0/0/0/0,1,,,Y,이론실습,N,"목2,3,4,5",전기전자관(114),보기,,,,Y,4.0,기본전공
일반,,PROJ1105,2025201183,공학입문설계,건설환경공학과,Y,0428211842,특필,3.0,주,03,N,상대,35,34,0,0,0,1,1,34,20241008,장덕수,0/0/0/0/0/0/0,1,,,Y,이론실습,N,"월6,7,8,9",화학환경관(402),보기,,,,Y,4.0,기본전공
일반,,CEEN1101,2025200021,응용물리학,건설환경공학과,Y,0428211102,전선,3.0,주,01,N,상대,35,35,0,0,0,0,0,35,20235008,문영호,0/0/0/0/0/0/0,1,,,Y,이론,N,"금2,3,4",건설공학관(208),보기,,,,Y,3.0,기본전공
일반,,CEEN1101,2025200022,응용물리학,건설환경공학과,Y,0428211102,전선,3.0,주,02,N,상대,35,35,0,0,0,0,0,25,20235008,문영호,0/0/0/0/0/0/0,1,,,Y,이론,N,"금6,7,8",건설공학관(208),보기,,,,Y,3.0,기본전공
일반,,CEEN1101,2025200023,응용물리학,건설환경공학과,Y,0428211102,전선,3.0,주,03,N,상대,35,33,0,0,2,0,0,35,20235066,손호영,0/0/0/0/0/0/0,1,,,Y,이론,N,"월1,2,3",건설공학관(210),보기,,,,Y,3.0,기본전공
일반,,CEEN1102,2025201180,응용화학,건설환경공학과,Y,0428211842,전선,3.0,주,01,N,상대,120,117,1,1,1,0,0,91,"20231009,20241008,20251021","정상재,장덕수,이우람",0/0/0/0/0/0/0,1,,,Y,이론,N,"화6,7,8",경상학관(101),보기,,,,Y,3.0,기본전공
일반,,CEEN110003,2025201771,토목공학개론,건설환경공학과,Y,0428211102,전선,3.0,주,01,N,절대,40,40,0,0,0,0,0,8,20221004,김도현,0/0/0/0/0/0/0,1,,,Y,이론,N,"금1,2,3",건설공학관(209),보기,융합자율대학 학생만 수강신청 가능,,,,3.0,기본전공
일반,,CEEN110004,2025202078,환경공학개론,건설환경공학과,Y,0428211842,전선,3.0,주,01,N,절대,40,40,0,0,0,0,0,5,20234026,유병로,0/0/0/0/0/0/0,1,,,Y,이론,N,"화6,7,8",화학환경관(406),보기,융합자율대학 학생만 수강신청 가능,,,,3.0,기본전공
일반,,CEEN2101,2025200051,건설IT개론 및 실습,건설환경공학과,Y,0428211102,전선,2.0,주,01,N,절대,38,0,38,0,0,0,0,29,20161003,전해민,0/0/0/0/0/0/0,2,,,Y,이론실습,N,"목1,2,3",건설공학관(211),보기,2020~2024학번 토목트랙 기본전공 필수,,,Y,3.0,기본전공
일반,,CEEN2101,2025200053,건설IT개론 및 실습,건설환경공학과,Y,0428211102,전선,2.0,주,02,N,절대,38,0,38,0,0,0,0,38,20254031,김민섭,0/0/0/0/0/0/0,2,,,Y,이론실습,N,"금7,8,9",건설공학관(206),보기,2020~2024학번 토목트랙 기본전공 필수,,,Y,3.0,기본전공
일반,,CEEN2102,2025200055,건설관리,건설환경공학과,Y,0428211102,전선,3.0,주,01,N,상대,80,0,80,0,0,0,0,64,20041003,박희성,0/0/0/0/0/0/0,2,,,Y,이론,N,"월5,6,7",건설공학관(210),보기,,,,Y,3.0,기본전공
일반,,CEEN2116,2025201193,기초폐수처리공학,건설환경공학과,Y,0428211842,전선,3.0,주,02,N,상대,35,0,30,0,0,5,5,26,20251021,이우람,0/0/0/0/0/0/0,2,,,Y,이론,N,"목2,3,4",화학환경관(406),보기,,,,Y,3.0,기본전공
일반,,CEEN2116,2025201195,기초폐수처리공학,건설환경공학과,Y,0428211842,전선,3.0,주,03,N,상대,35,0,30,0,0,5,5,29,20251021,이우람,0/0/0/0/0/0/0,2,,,Y,이론,N,"화2,3,4",화학환경관(401),보기,,,,Y,3.0,기본전공
일반,,CEEN2107,2025200048,수문학,건설환경공학과,Y,0428211102,전선,3.0,주,01,N,상대,80,0,80,0,0,0,0,67,20254060,이종석,0/0/0/0/0/0/0,2,,,Y,이론,N,"금2,3,4",건설공학관(210),보기,2020~2024학번 토목트랙 기본전공 필수,,,Y,3.0,기본전공
일반,,CEEN210028,2025201197,수질분석실험실습,건설환경공학과,Y,0428211842,전선,2.0,주,02,N,절대,35,0,30,0,0,5,5,28,20241008,장덕수,0/0/0/0/0/0/0,2,,,Y,이론실습,N,"월2,3,4",화학환경관(302),보기,,,,Y,3.0,기본전공
일반,,CEEN210028,2025201198,수질분석실험실습,건설환경공학과,Y,0428211842,전선,2.0,주,03,N,절대,35,0,30,0,0,5,5,27,20241008,장덕수,0/0/0/0/0/0/0,2,,,Y,이론실습,N,"수6,7,8",화학환경관(302),보기,,,,Y,3.0,기본전공
일반,,CEEN2108,2025200024,수치해석및실습,건설환경공학과,Y,0428211102,전선,2.0,주,01,N,상대,80,0,80,0,0,0,0,40,20091066,이정호,0/0/0/0/0/0/0,2,,,Y,이론실습,N,"화1,2,3",건설공학관(211),보기,,,,Y,3.0,기본전공
일반,,CEEN210029,2025201190,스마트 수질관리공학,건설환경공학과,Y,0428211842,전선,3.0,주,02,N,상대,35,0,30,0,0,5,5,26,20255005,김준오,0/0/0/0/0/0/0,2,,,Y,이론,N,"수6,7,8",화학환경관(401),보기,,,,Y,3.0,기본전공
일반,,CEEN210029,2025201191,스마트 수질관리공학,건설환경공학과,Y,0428211842,전선,3.0,주,03,N,상대,35,0,30,0,0,5,5,28,20255005,김준오,0/0/0/0/0/0/0,2,,,Y,이론,N,"목6,7,8",화학환경관(401),보기,,,,Y,3.0,기본전공
일반,,CEEN2109,2025200049,유체역학및실험,건설환경공학과,Y,0428211102,전선,2.0,주,01,N,상대,80,0,80,0,0,0,0,17,20091011,정태화,0/0/0/0/0/0/0,2,,,Y,이론실습,N,"수5,6,7",건설공학관(208),보기,,,,Y,3.0,기본전공
일반,,CEEN2112,2025200032,토목재료및시험,건설환경공학과,Y,0428211102,전선,2.0,주,01,N,상대,80,0,80,0,0,0,0,51,20001011,이형준,0/0/0/0/0/0/0,2,,,Y,이론실습,N,"화5,6,수9","건설공학관(206),건설공학관(206)",보기,,,,Y,3.0,기본전공
일반,,CEEN2113,2025200027,토목전산프로그래밍,건설환경공학과,Y,0428211102,전선,2.0,주,01,N,상대,38,0,38,0,0,0,0,24,20091065,최병호,0/0/0/0/0/0/0,2,,,Y,이론,N,"화7,8",건설공학관(205),보기,,,,Y,2.0,기본전공
일반,,CEEN2113,2025200030,토목전산프로그래밍,건설환경공학과,Y,0428211102,전선,2.0,주,02,N,상대,38,0,38,0,0,0,0,34,20091065,최병호,0/0/0/0/0/0/0,2,,,Y,이론,N,"월8,9",건설공학관(205),보기,,,,Y,2.0,기본전공
일반,,CEEN2114,2025200045,토질역학및시험,건설환경공학과,Y,0428211102,전선,3.0,주,01,N,절대,38,0,38,0,0,0,0,29,20221004,김도현,0/0/0/0/0/0/0,2,,,Y,이론실습,N,"월1,2,3,4",건설공학관(211),보기,2020~2024학번 토목트랙 기본전공 필수,,,Y,4.0,기본전공
일반,,CEEN2114,2025200047,토질역학및시험,건설환경공학과,Y,0428211102,전선,3.0,주,02,N,절대,38,0,38,0,0,0,0,37,20221004,김도현,0/0/0/0/0/0/0,2,,,Y,이론실습,N,"수1,2,3,4",건설공학관(211),보기,2020~2024학번 토목트랙 기본전공 필수,,,Y,4.0,기본전공
일반,,CEEN3117,2025201199,폐기물처리공학,건설환경공학과,Y,0428211842,전선,3.0,주,02,N,상대,65,0,60,0,0,5,5,58,20211708,이도연,0/0/0/0/0/0/0,2,,,Y,이론,N,"월6,7,8",전기전자관(114),보기,,,,Y,3.0,기본전공
일반,,CEEN2122,2025201186,환경기기분석및실습,건설환경공학과,Y,0428211842,전선,2.0,주,02,N,상대,35,0,30,0,0,5,5,20,20141004,주진철,0/0/0/0/0/0/0,2,,,Y,이론실습,N,"화2,3,4",화학환경관(403),보기,,,,Y,3.0,기본전공
일반,,CEEN2122,2025201187,환경기기분석및실습,건설환경공학과,Y,0428211842,전선,2.0,주,03,N,상대,35,0,30,0,0,5,5,29,20141004,주진철,0/0/0/0/0/0/0,2,,,Y,이론실습,N,"화6,7,8",화학환경관(401),보기,,,,Y,3.0,기본전공
일반,,CEEN2126,2025201188,환경유체역학,건설환경공학과,Y,0428211842,전선,3.0,주,02,N,상대,35,0,30,0,0,5,5,28,20235015,신미수,0/0/0/0/0/0/0,2,,,Y,이론,N,"목6,7,8",화학환경관(402),보기,,,,Y,3.0,기본전공
일반,,CEEN2126,2025201189,환경유체역학,건설환경공학과,Y,0428211842,전선,3.0,주,03,N,상대,35,0,30,0,0,5,5,28,20235015,신미수,0/0/0/0/0/0/0,2,,,Y,이론,N,"목2,3,4",화학환경관(401),보기,,,,Y,3.0,기본전공
일반,,CEEN3301,2025200073,강구조및합성구조설계,건설환경공학과,Y,0428211102,심선,3.0,주,01,N,절대,85,0,0,85,0,0,0,72,20091065,최병호,0/0/0/0/0/0/0,3,,,Y,이론실습,N,"화3,수5,6,7","건설공학관(210),건설공학관(210)",보기,,,,Y,4.0,
일반,,CEEN310019,2025201200,고도상수처리공학 및 설계,건설환경공학과,Y,0428211842,전선,3.0,주,02,N,절대,30,0,0,25,0,5,5,15,20241008,장덕수,0/0/0/0/0/0/0,3,,,Y,이론실습,N,"목2,3,4,5",화학환경관(302),보기,,,,Y,4.0,기본전공
일반,,CEEN310019,2025201201,고도상수처리공학 및 설계,건설환경공학과,Y,0428211842,전선,3.0,주,03,N,절대,30,0,0,25,0,5,5,21,20241008,장덕수,0/0/0/0/0/0/0,3,,,Y,이론실습,N,"목6,7,8,9",화학환경관(302),보기,,,,Y,4.0,기본전공
일반,,CEEN3305,2025201210,대기오염방지시스템설계,건설환경공학과,Y,0428211842,심선,2.0,주,02,N,상대,30,0,0,25,0,5,5,17,19951001,엄태인,0/0/0/0/0/0/0,3,,,Y,이론실습,N,"월1,2,3",화학환경관(401),보기,,,,Y,3.0,
일반,,CEEN3305,2025201211,대기오염방지시스템설계,건설환경공학과,Y,0428211842,심선,2.0,주,03,N,상대,30,0,0,25,0,5,5,25,20235015,신미수,0/0/0/0/0/0/0,3,,,Y,이론실습,N,"월6,7,8",화학환경관(401),보기,,,,Y,3.0,
일반,,CEEN3302,2025200092,도로공학,건설환경공학과,Y,0428211102,심선,3.0,주,01,N,상대,85,0,0,85,0,0,0,63,20041003,박희성,0/0/0/0/0/0/0,3,,,Y,이론,N,"화5,6,7",건설공학관(210),보기,,,,Y,3.0,
일반,,CEEN310021,2025201205,물환경시스템관리 및 데이터 분석,건설환경공학과,Y,0428211842,전선,3.0,주,02,N,상대,40,0,0,35,0,5,5,21,20255005,김준오,0/0/0/0/0/0/0,3,,,Y,이론,N,"금6,7,8",화학환경관(402),보기,,,,Y,3.0,기본전공
일반,,CEEN3303,2025200078,상하수도관망설계,건설환경공학과,Y,0428211102,심선,3.0,주,01,N,상대,85,0,0,85,0,0,0,56,20091066,이정호,0/0/0/0/0/0/0,3,,,Y,이론실습,N,"월2,3,수2,3","건설공학관(206),건설공학관(206)",보기,,,,Y,4.0,
일반,,CEEN3104,2025200081,수공설계,건설환경공학과,Y,0428211102,전선,2.0,주,01,N,상대,40,0,0,40,0,0,0,35,20225026,김병찬,0/0/0/0/0/0/0,3,,,Y,이론실습,N,"금6,7,8",건설공학관(211),보기,,,,Y,3.0,기본전공
일반,,CEEN3104,2025201419,수공설계,건설환경공학과,Y,0428211102,전선,2.0,주,02,N,상대,45,0,0,40,0,5,5,41,20225026,김병찬,0/0/0/0/0/0/0,3,,,Y,이론실습,N,"금2,3,4",건설공학관(211),보기,,,,Y,3.0,기본전공
일반,,CEEN310022,2025201207,온실가스관리공학,건설환경공학과,Y,0428211842,전선,3.0,주,02,N,상대,45,0,0,40,0,5,5,33,20231009,정상재,0/0/0/0/0/0/0,3,,,Y,이론,N,"화2,3,4",화학환경관(402),보기,,,,Y,3.0,
일반,,GUID300002,2025200057,진로설계3(진로설정과 경력개발),건설환경공학과,Y,0428211102,특필,1.0,주,01,N,절대,41,0,0,40,0,1,1,41,20221004,김도현,0/0/0/0/0/0/0,3,,,Y,이론,N,금4,건설공학관(206),보기,"건설환경공학과 토목공학전공 학생만 신청 가능, 2019~2023학번 필수.",,,,1.0,
일반,,GUID300002,2025200059,진로설계3(진로설정과 경력개발),건설환경공학과,Y,0428211102,특필,1.0,주,02,N,절대,41,0,0,40,0,1,1,41,20221004,김도현,0/0/0/0/0/0/0,3,,,Y,이론,N,금5,건설공학관(206),보기,"건설환경공학과 토목공학전공 학생만 신청 가능, 2019~2023학번 필수.",,,,1.0,
일반,,GUID300002,2025200063,진로설계3(진로설정과 경력개발),건설환경공학과,Y,0428211842,특필,1.0,주,03,N,절대,50,0,0,45,0,5,5,38,20231009,정상재,0/0/0/0/0/0/0,3,,,Y,이론,N,월5,화학환경관(401),보기,"건설환경공학과 환경공학전공 학생만 신청 가능, 2019~2023학번 필수.",,,,1.0,
일반,,CEEN3109,2025200076,철근콘크리트구조설계,건설환경공학과,Y,0428211102,전선,3.0,주,01,N,상대,85,0,0,85,0,0,0,72,20001011,이형준,0/0/0/0/0/0/0,3,,,Y,이론실습,N,"월8,9,화8,9","건설공학관(210),건설공학관(210)",보기,,,,Y,4.0,기본전공
일반,,CEEN310023,2025201209,토양지하수오염 복원 및 위해성 평가,건설환경공학과,Y,0428211842,전선,3.0,주,02,N,상대,50,0,0,45,0,5,5,46,20141004,주진철,0/0/0/0/0/0/0,3,,,Y,이론,N,"수6,7,8",전기전자관(114),보기,,,,Y,3.0,기본전공
일반,,CEEN330009,2025201212,폐수관리 및 슬러지 처리공학,건설환경공학과,Y,0428211842,심선,3.0,주,02,N,상대,50,0,0,45,0,5,5,37,20251021,이우람,0/0/0/0/0/0/0,3,,,Y,이론,N,"수2,3,4",화학환경관(401),보기,,,,Y,3.0,
일반,,CEEN330011,2025200083,해안공학설계,건설환경공학과,Y,0428211102,심선,3.0,주,01,N,상대,85,0,0,85,0,0,0,50,20091011,정태화,0/0/0/0/0/0/0,3,,,Y,이론실습,N,"월5,6,7,수8","건설공학관(211),건설공학관(211)",보기,,,,Y,4.0,
일반,,CEEN4306,2025201214,ICT기반 물환경관리,건설환경공학과,Y,0428211842,심선,3.0,주,02,N,상대,40,0,0,0,40,0,0,30,20215056,배용현,0/0/0/0/0/0/0,4,,,Y,이론실습,N,"목2,3,4,5",화학환경관(402),보기,,,,Y,4.0,
일반,,CEEN4307,2025201215,유해가스처리공학,건설환경공학과,Y,0428211842,심선,3.0,주,02,N,상대,60,0,0,0,58,2,2,48,20231009,정상재,0/0/0/0/0/0/0,4,,,Y,이론,N,"월2,3,4",전기전자관(114),보기,,,,Y,3.0,
일반,,CEEN4303,2025200101,응용측량학,건설환경공학과,Y,0428211102,심선,3.0,주,01,N,상대,25,0,0,0,25,0,0,22,20161003,전해민,0/0/0/0/0/0/0,4,,,Y,이론,N,"목6,7,8",건설공학관(211),보기,"건설환경공학과 토목전공 4학년 우선신청, 3학년은 전체학년수강신청일정에 신청 가능.",,,Y,3.0,
일반,,CEEN4304,2025200100,전산구조해석 및 실습,건설환경공학과,Y,0428211102,심선,3.0,주,01,N,절대,70,0,0,0,70,0,0,48,20235066,손호영,0/0/0/0/0/0/0,4,,,Y,이론실습,N,"월5,6,7,8",건설공학관(206),보기,,,,Y,4.0,
일반,,GUID400002,2025200093,진로설계4(취업전략과 실전취업),건설환경공학과,Y,0428211102,특필,1.0,주,01,N,절대,34,0,0,0,34,0,0,34,20161003,전해민,0/0/0/0/0/0/0,4,,,Y,이론,N,화5,건설공학관(211),보기,"건설환경공학과 토목공학전공 학생만 신청 가능, 2019~2022학번 필수.",,,,1.0,
일반,,GUID400002,2025200094,진로설계4(취업전략과 실전취업),건설환경공학과,Y,0428211102,특필,1.0,주,02,N,절대,35,0,0,0,35,0,0,21,20161003,전해민,0/0/0/0/0/0/0,4,,,Y,이론,N,화6,건설공학관(211),보기,"건설환경공학과 토목공학전공 학생만 신청 가능, 2019~2022학번 필수.",,,,1.0,
일반,,GUID400002,2025200095,진로설계4(취업전략과 실전취업),건설환경공학과,Y,0428211842,특필,1.0,주,03,N,절대,60,0,0,0,60,0,0,57,20241008,장덕수,0/0/0/0/0/0/0,4,,,Y,이론,N,월5,전기전자관(114),보기,"건설환경공학과 환경공학전공 학생만 신청 가능, 2019~2022학번 필수.",,,,1.0,
일반,,PROJ4305,2025200097,캡스톤디자인2(토목),건설환경공학과,Y,0428211102,심선,3.0,주,01,N,절대,30,0,0,0,30,0,0,13,"20001011,20091065","이형준,최병호",0/0/0/0/0/0/0,4,,,Y,이론실습,N,"금6,7,금8,9","건설공학관(205),건설공학관(205)",보기,,,,Y,4.0,
일반,,PROJ4305,2025200098,캡스톤디자인2(토목),건설환경공학과,Y,0428211102,심선,3.0,주,02,N,절대,30,0,0,0,30,0,0,23,"20041003,20161003,20221004","박희성,전해민,김도현",0/0/0/0/0/0/0,4,,,Y,이론실습,N,"금6,금7,금8,9","건설공학관(210),건설공학관(210),건설공학관(210)",보기,,,,Y,4.0,
일반,,PROJ4305,2025200099,캡스톤디자인2(토목),건설환경공학과,Y,0428211102,심선,3.0,주,03,N,절대,30,0,0,0,30,0,0,18,"20091011,20091066,20254060","정태화,이정호,이종석",0/0/0/0/0/0/0,4,,,Y,이론실습,N,"금6,금7,금8,9","건설공학관(209),건설공학관(209),건설공학관(209)",보기,,,,Y,4.0,
일반,,PROJ4306,2025201216,캡스톤디자인2(환경),건설환경공학과,Y,0428211842,특선,3.0,주,04,N,절대,20,0,0,0,20,0,0,12,19951001,엄태인,0/0/0/0/0/0/0,4,,,Y,이론실습,N,"수1,2,3,4",화학환경관(403),보기,,,,Y,4.0,
일반,,PROJ4306,2025201217,캡스톤디자인2(환경),건설환경공학과,Y,0428211842,특선,3.0,주,05,N,절대,20,0,0,0,20,0,0,12,20141004,주진철,0/0/0/0/0/0/0,4,,,Y,이론실습,N,"수1,2,3,4",화학환경관(406),보기,,,,Y,4.0,
일반,,PROJ4306,2025201218,캡스톤디자인2(환경),건설환경공학과,Y,0428211842,특선,3.0,주,06,N,절대,20,0,0,0,20,0,0,10,20211708,이도연,0/0/0/0/0/0/0,4,,,Y,이론실습,N,"수1,2,3,4",전기전자관(114),보기,,,,Y,4.0,
일반,,PROJ4306,2025201219,캡스톤디자인2(환경),건설환경공학과,Y,0428211842,특선,3.0,주,07,N,절대,20,0,0,0,20,0,0,12,20231009,정상재,0/0/0/0/0/0/0,4,,,Y,이론실습,N,"수1,2,3,4",화학환경관(402),보기,,,,Y,4.0,
일반,,PROJ4306,2025201220,캡스톤디자인2(환경),건설환경공학과,Y,0428211842,특선,3.0,주,08,N,절대,20,0,0,0,20,0,0,11,20241008,장덕수,0/0/0/0/0/0/0,4,,,Y,이론실습,N,"수1,2,3,4",화학환경관(420),보기,,,,Y,4.0,
일반,,CEEN4106,2025201213,토양폐기물분석실험,건설환경공학과,Y,0428211842,전선,3.0,주,02,N,절대,40,0,0,0,35,5,5,9,20211708,이도연,0/0/0/0/0/0/0,4,,,Y,이론실습,N,"금6,7,8,9",화학환경관(302),보기,,,,Y,4.0,
일반,,URBE1101,2025200018,공간정보공학,도시공학과,Y,0428211843,전선,3.0,주,11,N,상대,40,35,1,1,1,2,2,38,20245037,최영락,0/0/0/0/0/0/0,1,,,,이론실습,N,"월6,7,8,9",건설공학관(507),보기,,,,,4.0,기본전공
일반,,URBE110008,2025200026,교통을말하다,도시공학과,Y,0428211843,전선,3.0,주,11,N,상대,40,40,0,0,0,0,0,20,20021007,도명식,0/0/0/0/0/0/0,1,,,Y,이론,N,"화6,7,8",건설공학관(505),보기,,,,,3.0,기본전공
일반,,URBE1103,2025200019,도시계획론,도시공학과,Y,0428211843,전선,3.0,주,11,N,상대,40,34,1,1,1,3,3,40,19951003,이상호,0/0/0/0/0/0/0,1,,,,이론,N,"수6,7,8",건설공학관(507),보기,,,,,3.0,기본전공
일반,,URBE110006,2025200020,도시설계의이해,도시공학과,Y,0428211843,전선,3.0,주,11,N,상대,40,35,1,1,1,2,2,38,20211205,양승호,0/0/0/0/0/0/0,1,,,,이론,N,"화1,2,3",건설공학관(507),보기,,,,,3.0,기본전공
일반,,URBE110010,2025200025,도시통계학,도시공학과,Y,0428211843,전선,3.0,주,11,N,상대,40,35,0,0,0,5,5,6,20151004,성찬용,0/0/0/0/0/0/0,1,,,,이론,N,"수1,2,3",건설공학관(504),보기,,,,,3.0,기본전공
일반,,URBE2104,2025200060,교통안전,도시공학과,Y,0428211843,전선,3.0,주,11,N,상대,40,3,30,2,2,3,3,39,20225030,변완희,0/0/0/0/0/0/0,2,,,Y,이론실습,N,"목6,7,8,9",건설공학관(505),보기,,,,,4.0,기본전공
일반,,URBE210016,2025200056,교통프로그래밍,도시공학과,Y,0428211843,전선,3.0,주,11,N,상대,40,4,30,1,1,4,4,19,20221010,김세헌,0/0/0/0/0/0/0,2,,,,이론실습,N,"월6,7,8,9",건설공학관(504),보기,,,,,4.0,기본전공
일반,,URBE2106,2025200062,단지설계,도시공학과,Y,0428211843,전필,3.0,주,11,N,상대,26,2,22,1,1,0,0,26,20195183,김영수,0/0/0/0/0/0/0,2,,,,이론실습,N,"금1,2,3,4",건설공학관(504),보기,,,,,4.0,기본전공
일반,,URBE2106,2025200064,단지설계,도시공학과,Y,0428211843,전필,3.0,주,12,N,상대,26,2,22,1,1,0,0,25,20195183,김영수,0/0/0/0/0/0/0,2,,,,이론실습,N,"금6,7,8,9",건설공학관(504),보기,,,,,4.0,기본전공
일반,,URBE2108,2025200061,도시주거학,도시공학과,Y,0428211843,전선,3.0,주,11,N,상대,40,4,30,1,1,4,4,40,20171007,이창효,0/0/0/0/0/0/0,2,,,,이론,N,"월1,2,3",건설공학관(507),보기,,,,,3.0,기본전공
일반,,URBE210020,2025200058,스마트도시계획,도시공학과,Y,0428211843,전필,3.0,주,11,N,상대,59,2,45,2,2,8,8,57,20231015,조성수,0/0/0/0/0/0/0,2,,,Y,이론실습,N,"수1,2,3,4",건설공학관(507),보기,필수인 학생만 승인,,,,4.0,기본전공
일반,,GUID200002,2025200050,진로설계2(진로탐색과 자기계발),도시공학과,Y,0428211843,특필,1.0,주,11,N,절대,26,2,20,2,2,0,0,26,20221010,김세헌,0/0/0/0/0/0/0,2,,,Y,이론,N,월5,건설공학관(504),보기,타 학과 학생은 수강 불가,,,,1.0,
일반,,GUID200002,2025200067,진로설계2(진로탐색과 자기계발),도시공학과,Y,0428211843,특필,1.0,주,12,N,절대,26,2,20,2,2,0,0,24,20221010,김세헌,0/0/0/0/0/0/0,2,,,Y,이론,N,화5,건설공학관(504),보기,타 학과 학생은 수강 불가,,,,1.0,
일반,,URBE320004,2025200072,교통운영시스템,도시공학과,Y,0428211843,심선,3.0,주,11,N,상대,40,0,1,36,1,2,2,35,20221010,김세헌,0/0/0/0/0/0/0,3,,,,이론실습,N,"화6,7,8,9",건설공학관(507),보기,,,,,4.0,
일반,,URBE3103,2025200080,국토및지역계획,도시공학과,Y,0428211843,전선,3.0,주,11,N,상대,40,0,1,36,1,2,2,15,20195159,백효진,0/0/0/0/0/0/0,3,,,,이론실습,N,"목1,2,3,4",건설공학관(507),보기,,,,,4.0,기본전공
일반,,URBE3202,2025200077,도시모델링,도시공학과,Y,0428211843,심필,3.0,주,11,N,상대,23,0,0,20,1,2,2,21,20235070,윤정중,0/0/0/0/0/0/0,3,,,,이론실습,N,"금6,7,8,9",건설공학관(507),보기,,,,,4.0,
일반,,URBE3202,2025200079,도시모델링,도시공학과,Y,0428211843,심필,3.0,주,12,N,상대,23,0,0,20,1,2,2,21,20235070,윤정중,0/0/0/0/0/0/0,3,,,,이론실습,N,"금1,2,3,4",건설공학관(507),보기,,,,,4.0,
일반,,URBE320005,2025200084,도시지리학,도시공학과,Y,0428211843,심선,3.0,주,11,N,상대,40,0,2,34,1,3,3,39,20171007,이창효,0/0/0/0/0/0/0,3,,,,이론,N,"수1,2,3",건설공학관(505),보기,,,,,3.0,
일반,,URBE3106,2025200074,종합설계(도시설계),도시공학과,Y,0428211843,전필,3.0,주,11,N,절대,20,0,0,17,1,2,2,15,20211205,양승호,0/0/0/0/0/0/0,3,,,Y,이론실습,N,"월6,7,8,9",건설공학관(505),보기,,,,,4.0,기본전공
일반,,URBE3106,2025200075,종합설계(도시설계),도시공학과,Y,0428211843,전필,3.0,주,12,N,절대,24,0,0,20,1,3,3,24,20211205,양승호,0/0/0/0/0/0/0,3,,,Y,이론실습,N,"월1,2,3,4",건설공학관(505),보기,,,,,4.0,기본전공
일반,,GUID300002,2025200069,진로설계3(진로설정과 경력개발),도시공학과,Y,0428211843,특필,1.0,주,11,N,절대,24,0,1,20,1,2,2,24,20151004,성찬용,0/0/0/0/0/0/0,3,,,Y,이론,N,월5,건설공학관(505),보기,타 학과 학생은 수강 불가,,,,1.0,
일반,,GUID300002,2025200071,진로설계3(진로설정과 경력개발),도시공학과,Y,0428211843,특필,1.0,주,12,N,절대,23,0,1,20,1,1,1,17,20151004,성찬용,0/0/0/0/0/0/0,3,,,Y,이론,N,화5,건설공학관(505),보기,타 학과 학생은 수강 불가,,,,1.0,
일반,,URBE3108,2025200082,환경계획론,도시공학과,Y,0428211843,전선,3.0,주,11,N,상대,40,0,2,34,2,2,2,19,20151004,성찬용,0/0/0/0/0/0/0,3,,,,이론,N,"화1,2,3",건설공학관(505),보기,,,,,3.0,
일반,,URBE4201,2025200088,도시방재시스템,도시공학과,Y,0428211843,심선,3.0,주,11,N,상대,40,0,0,2,35,3,3,22,20231015,조성수,0/0/0/0/0/0/0,4,,,,이론실습,N,"월1,2,3,4",건설공학관(504),보기,,,,,4.0,
일반,,URBE4204,2025200086,도시정보론,도시공학과,Y,0428211843,심선,3.0,주,11,N,상대,40,0,0,2,35,3,3,28,20215018,안영웅,0/0/0/0/0/0/0,4,,,,이론,N,"수6,7,8",건설공학관(505),보기,,,,,3.0,
일반,,URBE4205,2025200091,주거재생및정책,도시공학과,Y,0428211843,심필,3.0,주,11,N,상대,50,0,0,3,45,2,2,39,20171007,이창효,0/0/0/0/0/0/0,4,,,,이론실습,N,"목6,7,8,9",건설공학관(507),보기,,,,,4.0,
일반,,PROJ110014,2025200667,창의공학설계 및 구조,건축공학과,Y,0428211116,특필,3.0,주,01,N,절대,25,25,0,0,0,0,0,13,20051065,김승훈,0/0/0/0/0/0/0,1,,,Y,이론실습,N,"월1,2,3,4",건설공학관(305),보기,융합자율대학 학생만 수강신청 가능,,,,4.0,기본전공
일반,,PROJ110014,2025202142,창의공학설계 및 구조,건축공학과,Y,0428211116,특필,3.0,주,02,N,절대,24,24,0,0,0,0,0,23,20245064,정재원,0/0/0/0/0/0/0,1,,,,이론실습,Y,"월6,7,8,9",건설공학관(302),보기,,,,,4.0,기본전공
일반,,PROJ110014,2025202143,창의공학설계 및 구조,건축공학과,Y,0428211116,특필,3.0,주,03,N,절대,23,23,0,0,0,0,0,23,20235101,최진철,0/0/0/0/0/0/0,1,,,,이론실습,Y,"월1,2,3,4",건설공학관(302),보기,,,,,4.0,기본전공
일반,,ARCE2201,2025200603,CAD,건축공학과,Y,0428211116,심선,2.0,주,01,N,상대,30,0,30,0,0,0,0,26,20195194,손명희,0/0/0/0/0/0/0,2,,,Y,이론실습,Y,"목6,7,8",건설공학관(301),보기,,,,,3.0,
일반,,ARCE2201,2025200692,CAD,건축공학과,Y,0428211116,심선,2.0,주,02,N,상대,34,0,32,1,1,0,0,34,20235098,이루다,0/0/0/0/0/0/0,2,,,Y,이론실습,N,"화2,3,4",건설공학관(301),보기,,,,,3.0,
일반,,ARCE2102,2025200596,건축계획(Ⅱ),건축공학과,Y,0428211116,전필,2.0,주,01,N,상대,88,0,30,4,4,50,50,42,20041006,진경일,0/0/0/0/0/0/0,2,,블,Y,이론,Y,"수6,7",건설공학관(306),보기,,,,,2.0,기본전공
일반,,ARCE2102,2025200688,건축계획(Ⅱ),건축공학과,Y,0428211116,전필,2.0,주,02,N,상대,80,0,30,0,0,50,50,23,20041006,진경일,0/0/0/0/0/0/0,2,,블,Y,이론,Y,"수8,9",건설공학관(306),보기,,,,,2.0,기본전공
일반,,ARCE2104,2025200598,건축공학설계(Ⅰ),건축공학과,Y,0428211116,전필,2.0,주,01,N,상대,26,0,26,0,0,0,0,26,20205072,이형우,0/0/0/0/0/0/0,2,,,Y,이론실습,N,"목2,3,4",건설공학관(305),보기,,,,,3.0,기본전공
일반,,ARCE2104,2025200689,건축공학설계(Ⅰ),건축공학과,Y,0428211116,전필,2.0,주,02,N,상대,20,0,20,0,0,0,0,20,20195194,손명희,0/0/0/0/0/0/0,2,,,Y,이론실습,N,"목2,3,4",건설공학관(302),보기,,,,,3.0,기본전공
일반,,ARCE2104,2025200691,건축공학설계(Ⅰ),건축공학과,Y,0428211116,전필,2.0,주,03,N,상대,20,0,20,0,0,0,0,14,20205072,이형우,0/0/0/0/0/0/0,2,,,Y,이론실습,N,"목6,7,8",건설공학관(305),보기,,,,,3.0,기본전공
일반,,ARCE2105,2025200599,건축재료성능설계,건축공학과,Y,0428211116,전필,3.0,주,01,N,상대,82,0,70,6,6,0,0,70,20041005,이상수,0/0/0/0/0/0/0,2,,,Y,이론실습,Y,"월1,2,3,4",건설공학관(306),보기,,,,,4.0,기본전공
일반,,ARCE2108,2025200600,건축환경(Ⅱ),건축공학과,Y,0428211116,전필,3.0,주,01,N,상대,70,0,70,0,0,0,0,64,20001012,윤종호,0/0/0/0/0/0/0,2,,,Y,이론,Y,"월6,7,8",건설공학관(306),보기,,,,,3.0,기본전공
일반,,ARCE2109,2025200601,공학수학,건축공학과,Y,0428211116,전필,3.0,주,01,N,상대,52,0,46,3,3,0,0,52,20205070,이상윤,0/0/0/0/0/0/0,2,,,Y,이론,Y,"금2,3,4",건설공학관(306),보기,,,,,3.0,기본전공
일반,,ARCE2109,2025202145,공학수학,건축공학과,Y,0428211116,전필,3.0,주,02,N,상대,30,0,30,0,0,0,0,17,20205070,이상윤,0/0/0/0/0/0/0,2,,,Y,이론,Y,"금6,7,8",건설공학관(306),보기,,,,,3.0,기본전공
일반,,ARCE2111,2025200602,구조역학응용,건축공학과,Y,0428211116,전필,3.0,주,01,N,상대,30,0,30,0,0,0,0,24,20021008,이용택,0/0/0/0/0/0/0,2,,,Y,이론,Y,"화2,3,4",건설공학관(307),보기,,,,,3.0,기본전공
일반,,ARCE2111,2025202144,구조역학응용,건축공학과,Y,0428211116,전필,3.0,주,02,N,상대,42,0,34,4,4,0,0,42,20021008,이용택,0/0/0/0/0/0/0,2,,,Y,이론,Y,"화6,7,8",건설공학관(307),보기,,,,,3.0,기본전공
일반,,ARCE3102,2025200606,건설사업관리,건축공학과,Y,0428211116,전필,3.0,주,01,N,상대,54,0,0,52,2,0,0,30,20161008,이동훈,0/0/0/0/0/0/0,3,,,Y,이론,N,"월6,7,8",건설공학관(307),보기,,,,,3.0,기본전공
일반,,ARCE3102,2025200684,건설사업관리,건축공학과,Y,0428211116,전필,3.0,주,02,N,상대,27,0,0,26,1,0,0,27,20161008,이동훈,0/0/0/0/0/0/0,3,,,Y,이론,Y,"수6,7,8",건설공학관(307),보기,,,,,3.0,기본전공
일반,,ARCE3203,2025200607,건축구조시스템,건축공학과,Y,0428211116,심선,3.0,주,01,N,절대,25,0,0,25,0,0,0,9,20221011,박해용,0/0/0/0/0/0/0,3,,,Y,이론실습,Y,"화1,2,3,4",건설공학관(303),보기,,,,,4.0,
일반,,ARCE3203,2025200677,건축구조시스템,건축공학과,Y,0428211116,심선,3.0,주,02,N,상대,25,0,0,25,0,0,0,25,20221011,박해용,0/0/0/0/0/0/0,3,,,Y,이론실습,Y,"목2,3,4,5",건설공학관(308),보기,,,,,4.0,
일반,,ARCE3205,2025200608,건축법(Ⅱ),건축공학과,Y,0428211116,심선,2.0,주,01,N,상대,74,0,0,72,2,0,0,22,20235113,김이태,0/0/0/0/0/0/0,3,,,Y,이론,Y,"목8,9",건설공학관(307),보기,,,,,2.0,
일반,,ARCE3206,2025200678,건축설비시스템설계,건축공학과,Y,0428211116,심선,2.0,주,02,N,상대,27,0,0,26,1,0,0,23,20201209,김동수,0/0/0/0/0/0/0,3,,,Y,이론,Y,"목2,3",건설공학관(307),보기,,,,,2.0,
일반,,ARCE3207,2025200611,건축시공학(Ⅱ),건축공학과,Y,0428211116,심선,3.0,주,01,N,상대,29,0,0,27,2,0,0,20,20201205,김성진,0/0/0/0/0/0/0,3,,,Y,이론실습,Y,"수6,7,8,9",건설공학관(308),보기,,,,,4.0,
일반,,ARCE3207,2025200679,건축시공학(Ⅱ),건축공학과,Y,0428211116,심선,3.0,주,02,N,상대,25,0,0,25,0,0,0,22,20201205,김성진,0/0/0/0/0/0/0,3,,,Y,이론실습,Y,"화1,2,3,4",건설공학관(308),보기,,,,,4.0,
일반,,ARCE3208,2025200613,건축재료실험,건축공학과,Y,0428211116,심선,2.0,주,01,N,절대,40,0,0,40,0,0,0,24,20041005,이상수,0/0/0/0/0/0/0,3,,,Y,이론실습,Y,"화6,7,8",건설공학관(105),보기,,,,,3.0,
일반,,ARCE3209,2025200615,건축환경실험,건축공학과,Y,0428211116,심선,2.0,주,01,N,절대,35,0,0,35,0,0,0,15,20201209,김동수,0/0/0/0/0/0/0,3,,,Y,이론실습,Y,"화6,7,8",건설공학관(303),보기,,,,,3.0,
일반,,STAR3001,2025200682,기업가정신과 창업,건축공학과,Y,0428211116,특필,1.0,주,01,N,절대,82,0,0,1,1,80,80,69,20211213,서준석,0/0/0/0/0/0/0,3,,온,Y,이론,N,목1,건설공학관(306),보기,,,,,1.0,
일반,,GUID300002,2025200680,진로설계3(진로설정과 경력개발),건축공학과,Y,0428211116,특필,1.0,주,01,N,절대,29,0,0,28,1,0,0,27,20161008,이동훈,0/0/0/0/0/0/0,3,,,Y,이론,N,월9,건설공학관(307),보기,,,,,1.0,
일반,,GUID300002,2025200681,진로설계3(진로설정과 경력개발),건축공학과,Y,0428211116,특필,1.0,주,02,N,절대,29,0,0,29,0,0,0,28,20161008,이동훈,0/0/0/0/0/0/0,3,,,Y,이론,N,수9,건설공학관(307),보기,,,,,1.0,
일반,,ARCE3210,2025200616,철근콘크리트구조설계,건축공학과,Y,0428211116,심선,3.0,주,01,N,상대,70,0,0,70,0,0,0,24,20245064,정재원,0/0/0/0/0/0/0,3,,,Y,이론실습,Y,"월1,2,3,4",건설공학관(307),보기,,,,,4.0,
일반,,PROJ3203,2025200618,캡스톤디자인(Ⅰ),건축공학과,Y,0428211116,특필,3.0,주,01,N,절대,20,0,0,20,0,0,0,14,20001012,윤종호,0/0/0/0/0/0/0,3,,,Y,이론실습,N,"수1,2,3,4",건설공학관(314),보기,,,,,4.0,
일반,,PROJ3203,2025200619,캡스톤디자인(Ⅰ),건축공학과,Y,0428211116,특필,3.0,주,02,N,절대,28,0,0,28,0,0,0,28,20041005,이상수,0/0/0/0/0/0/0,3,,,Y,이론실습,N,"수1,2,3,4",건설공학관(307),보기,,,,,4.0,
일반,,PROJ3203,2025200621,캡스톤디자인(Ⅰ),건축공학과,Y,0428211116,특필,3.0,주,03,N,절대,20,0,0,20,0,0,0,14,20221011,박해용,0/0/0/0/0/0/0,3,,,Y,이론실습,N,"수1,2,3,4",건설공학관(304),보기,,,,,4.0,
일반,,ARCE4204,2025200649,건설안전관리,건축공학과,Y,0428211116,심선,3.0,주,01,N,상대,40,0,0,0,40,0,0,10,20255050,정경태,0/0/0/0/0/0/0,4,,,Y,이론,N,"월2,3,4",건설공학관(308),보기,,,,,3.0,
일반,,ARCE4213,2025200651,건축구조설계실무,건축공학과,Y,0428211116,심선,3.0,주,01,N,절대,40,0,0,0,40,0,0,6,20221011,박해용,0/0/0/0/0/0/0,4,,,Y,이론실습,Y,"월6,7,8,9",건설공학관(303),보기,,,,,4.0,
일반,,ARCE4214,2025200653,건축물 진단 및 유지관리,건축공학과,Y,0428211116,심선,2.0,주,01,N,절대,40,0,0,0,40,0,0,5,20021008,이용택,0/0/0/0/0/0/0,4,,,Y,이론실습,Y,"수1,2,3",건설공학관(308),보기,,,,,3.0,
일반,,ARCE4215,2025200654,생태건축응용,건축공학과,Y,0428211116,심선,3.0,주,01,N,절대,40,0,0,0,40,0,0,4,20235098,이루다,0/0/0/0/0/0/0,4,,,Y,이론실습,Y,"수6,7,8,9",건설공학관(303),보기,,,,,4.0,
일반,,GUID400002,2025200685,진로설계4(취업전략과 실전취업),건축공학과,Y,0428211116,특필,1.0,주,01,N,절대,32,0,0,0,32,0,0,24,20201205,김성진,0/0/0/0/0/0/0,4,,,Y,이론,N,월8,건설공학관(308),보기,,,,,1.0,
일반,,GUID400002,2025200687,진로설계4(취업전략과 실전취업),건축공학과,Y,0428211116,특필,1.0,주,02,N,절대,34,0,0,0,34,0,0,34,20201205,김성진,0/0/0/0/0/0/0,4,,,Y,이론,N,수4,건설공학관(308),보기,,,,,1.0,
일반,,ARCE4210,2025200638,캡스톤디자인(Ⅲ),건축공학과,Y,0428211116,심필,2.0,주,01,N,절대,20,0,0,0,20,0,0,16,20001012,윤종호,0/0/0/0/0/0/0,4,,,Y,이론실습,N,"화1,2,3",건설공학관(314),보기,,,,,3.0,
일반,,ARCE4210,2025200642,캡스톤디자인(Ⅲ),건축공학과,Y,0428211116,심필,2.0,주,02,N,절대,40,0,0,0,40,0,0,31,20161008,이동훈,0/0/0/0/0/0/0,4,,,Y,이론실습,N,"화1,2,3",건설공학관(306),보기,,,,,3.0,
일반,,ARCE4210,2025200645,캡스톤디자인(Ⅲ),건축공학과,Y,0428211116,심필,2.0,주,03,N,절대,20,0,0,0,20,0,0,12,20051065,김승훈,0/0/0/0/0/0/0,4,,,Y,이론실습,N,"화1,2,3",건설공학관(304),보기,,,,,3.0,
일반,,ARCE4211,2025200655,현대건축,건축공학과,Y,0428211116,심선,2.0,주,01,N,상대,80,0,0,10,70,0,0,21,20041006,진경일,0/0/0/0/0/0/0,4,,온,Y,이론,N,"화6,7",건설공학관(306),보기,,,,,2.0,
일반,,ARCH1103,2025200085,건축설계2(기초),건축학과(5년제),Y,0428211742,전필,4.0,주,01,N,절대,10,0,0,0,0,10,10,8,20021009,박수훈,0/0/0/0/0/0/0,1,,,,이론실습,N,"월5,6,7,목6,7,8,9","건설공학관(412),건설공학관(412)",보기,,,,,7.0,기본전공
일반,,ARCH1103,2025200087,건축설계2(기초),건축학과(5년제),Y,0428211742,전필,4.0,주,02,N,절대,10,0,0,0,0,10,10,8,20191016,김호영,0/0/0/0/0/0/0,1,,,,이론실습,N,"월5,6,7,목6,7,8,9","건설공학관(412),건설공학관(412)",보기,,,,,7.0,기본전공
일반,,ARCH1103,2025200090,건축설계2(기초),건축학과(5년제),Y,0428211742,전필,4.0,주,03,N,절대,10,0,0,0,0,10,10,7,20225089,이병기,0/0/0/0/0/0/0,1,,,,이론실습,N,"월5,6,7,목6,7,8,9","건설공학관(412),건설공학관(412)",보기,,,,,7.0,기본전공
일반,,ARCH2101,2025200359,건축과사회,건축학과(5년제),Y,0428211742,전필,3.0,주,01,N,상대,30,0,0,0,0,30,30,12,20041007,송복섭,0/0/0/0/0/0/0,2,,,,이론,N,"수2,3,4",건설공학관(406),보기,,,,,3.0,기본전공
일반,,ARCH2103,2025200360,건축설계4(기본),건축학과(5년제),Y,0428211742,전필,5.0,주,01,N,절대,10,0,0,0,0,10,10,8,20091013,박상현,0/0/0/0/0/0/0,2,,,,이론실습,N,"월5,6,7,8,9,목6,7,8,9","건설공학관(604),건설공학관(604)",보기,,,,,9.0,기본전공
일반,,ARCH2103,2025200361,건축설계4(기본),건축학과(5년제),Y,0428211742,전필,5.0,주,02,N,절대,10,0,0,0,0,10,10,7,20195172,최영재,0/0/0/0/0/0/0,2,,,,이론실습,N,"월5,6,7,8,9,목6,7,8,9","건설공학관(604),건설공학관(604)",보기,,,,,9.0,기본전공
일반,,ARCH2106,2025200362,건축환경,건축학과(5년제),Y,0428211472,전필,3.0,주,01,N,상대,30,0,0,0,0,30,30,15,20021009,박수훈,0/0/0/0/0/0/0,2,,,,이론,N,"화6,7,8",건설공학관(413),보기,,,,,3.0,기본전공
일반,,ARCH2109,2025200363,서양건축사,건축학과(5년제),Y,0428211742,전필,3.0,주,01,N,상대,30,0,0,0,0,30,30,13,20191016,김호영,0/0/0/0/0/0/0,2,,,,이론,N,"화2,3,4",건설공학관(413),보기,,,,,3.0,기본전공
일반,,GUID200002,2025200364,진로설계2(진로탐색과 자기계발),건축학과(5년제),Y,0428211742,특필,1.0,주,01,N,절대,30,0,0,0,0,30,30,12,20091013,박상현,0/0/0/0/0/0/0,2,,,Y,이론,N,목5,건설공학관(406),보기,건축학과 학생만 수강 가능,,,,1.0,
일반,,ARCH3112,2025200368,건축계획연구,건축학과(5년제),Y,0428211742,전필,2.0,주,01,N,상대,30,0,0,0,0,30,30,27,20091013,박상현,0/0/0/0/0/0/0,3,,,,이론,N,"수2,3",건설공학관(405),보기,,,,,2.0,기본전공
일반,,ARCH3103,2025200370,건축설계6(심화),건축학과(5년제),Y,0428211742,전필,5.0,주,01,N,절대,10,0,0,0,0,10,10,9,"20251007,20245054","장재우,박귀동",0/0/0/0/0/0/0,3,,,,이론실습,N,"월5,6,7,8,9,목6,7,8,9","건설공학관(603),건설공학관(603)",보기,,,,,9.0,기본전공
일반,,ARCH3103,2025200372,건축설계6(심화),건축학과(5년제),Y,0428211742,전필,5.0,주,02,N,절대,10,0,0,0,0,10,10,9,"20225055,20195162","류선용,이상헌",0/0/0/0/0/0/0,3,,,,이론실습,N,"월5,6,7,8,9,목6,7,8,9","건설공학관(603),건설공학관(603)",보기,,,,,9.0,기본전공
일반,,ARCH3103,2025200374,건축설계6(심화),건축학과(5년제),Y,0428211742,전필,5.0,주,03,N,절대,10,0,0,0,0,10,10,9,"20251007,20255031","장재우,백찬슬",0/0/0/0/0/0/0,3,,,,이론실습,N,"월5,6,7,8,9,목6,7,8,9","건설공학관(603),건설공학관(603)",보기,,,,,9.0,기본전공
일반,,ARCH3104,2025200376,건축재료,건축학과(5년제),Y,0428211742,전필,3.0,주,01,N,상대,30,0,0,0,0,30,30,26,20251007,장재우,0/0/0/0/0/0/0,3,,,,이론,N,"화2,3,4",건설공학관(406),보기,,,,,3.0,기본전공
일반,,STAR3001,2025200378,기업가정신과 창업,건축학과(5년제),Y,0428211742,특필,1.0,주,01,N,절대,30,0,0,0,0,30,30,25,20255029,오세구,0/0/0/0/0/0/0,3,,,Y,이론,N,화1,건설공학관(406),보기,건축학과 학생 우선 수강,,,,1.0,기본전공
일반,,ARCH3110,2025200379,한국건축사,건축학과(5년제),Y,0428211742,전필,3.0,주,01,N,상대,30,0,0,0,0,30,30,27,20021009,박수훈,0/0/0/0/0/0/0,3,,,,이론,N,"수7,8,9",건설공학관(413),보기,,,,,3.0,기본전공
일반,,ARCH3111,2025200380,현대건축,건축학과(5년제),Y,0428211742,전선,2.0,주,01,N,절대,30,0,0,0,0,30,30,12,20191016,김호영,0/0/0/0/0/0/0,3,,,,이론,N,"금2,3",건설공학관(413),보기,,,,,2.0,기본전공
일반,,ARCH4202,2025200381,건축법규,건축학과(5년제),Y,0428211742,심필,3.0,주,01,N,상대,36,0,0,0,0,36,36,35,20205098,윤창식,0/0/0/0/0/0/0,4,,,,이론,N,"금5,6,7",건설공학관(406),보기,,,,,3.0,
일반,,ARCH4204,2025200382,건축설계8(통합),건축학과(5년제),Y,0428211742,심필,5.0,주,01,N,절대,11,0,0,0,0,11,11,10,"20041007,20225094","송복섭,최정도",0/0/0/0/0/0/0,4,,,,이론실습,N,"월5,6,7,8,9,목6,7,8,9","건설공학관(601),건설공학관(601)",보기,,,,,9.0,
일반,,ARCH4204,2025200383,건축설계8(통합),건축학과(5년제),Y,0428211742,심필,5.0,주,02,N,절대,10,0,0,0,0,10,10,9,"20201003,20201011","조정화,조영선",0/0/0/0/0/0/0,4,,,,이론실습,N,"월5,6,7,8,9,목6,7,8,9","건설공학관(601),건설공학관(601)",보기,,,,,9.0,
일반,,ARCH4204,2025200384,건축설계8(통합),건축학과(5년제),Y,0428211742,심필,5.0,주,03,N,절대,10,0,0,0,0,10,10,10,"20041007,20225090","송복섭,이상대",0/0/0/0/0/0/0,4,,,,이론실습,N,"월5,6,7,8,9,목6,7,8,9","건설공학관(601),건설공학관(601)",보기,,,,,9.0,
일반,,ARCH4208,2025200385,건축실무도서,건축학과(5년제),Y,0428211742,심선,2.0,주,01,N,상대,30,0,0,0,0,30,30,25,20245056,박정수,0/0/0/0/0/0/0,4,,,,이론,N,"화5,6",건설공학관(406),보기,,,,,2.0,
일반,,ARCH4209,2025200386,건축이론과비평,건축학과(5년제),Y,0428211742,심선,3.0,주,01,N,상대,20,0,0,0,0,20,20,19,20245056,박정수,0/0/0/0/0/0/0,4,,,,이론,N,"화7,8,9",건설공학관(406),보기,,,,,3.0,
일반,,ARCH4211,2025201646,실내디자인,건축학과(5년제),Y,0428211742,심선,2.0,주,01,N,상대,20,0,0,0,0,20,20,15,20225055,류선용,0/0/0/0/0/0/0,4,,,,이론,N,"월2,3",건설공학관(406),보기,,,,,2.0,
일반,,GUID400002,2025200387,진로설계4(취업전략과 실전취업),건축학과(5년제),Y,0428211742,특필,1.0,주,01,N,절대,30,0,0,0,0,30,30,23,20061038,김덕수,0/0/0/0/0/0/0,4,,,Y,이론,N,목5,건설공학관(413),보기,건축학과 학생만 수강가능,,,,1.0,
일반,,ARCH4216,2025200388,환경친화건축,건축학과(5년제),Y,0428211742,심필,3.0,주,01,N,상대,34,0,0,0,0,34,34,33,20021009,박수훈,0/0/0/0/0/0/0,4,,,,이론,N,"수2,3,4",건설공학관(413),보기,,,,,3.0,
일반,,ARCH5202,2025200389,건축경영과실무,건축학과(5년제),Y,0428211742,심필,3.0,주,01,N,상대,30,0,0,0,0,30,30,21,20061038,김덕수,0/0/0/0/0/0/0,5,,,,이론,N,"화2,3,4",건설공학관(405),보기,,,,,3.0,
일반,,ARCH5209,2025200390,캡스톤디자인2(실무설계),건축학과(5년제),Y,0428211742,심필,5.0,주,01,N,절대,10,0,0,0,0,10,10,7,"20061038,20195141","김덕수,김원기",0/0/0/0/0/0/0,5,,,,이론실습,N,"월5,6,7,8,9,목6,7,8,9","건설공학관(402),건설공학관(402)",보기,,,,,9.0,
일반,,ARCH5209,2025200391,캡스톤디자인2(실무설계),건축학과(5년제),Y,0428211742,심필,5.0,주,02,N,절대,10,0,0,0,0,10,10,6,"20195207,20195119","주영민,박승준",0/0/0/0/0/0/0,5,,,,이론실습,N,"월5,6,7,8,9,목6,7,8,9","건설공학관(402),건설공학관(402)",보기,,,,,9.0,
일반,,ARCH5209,2025201603,캡스톤디자인2(실무설계),건축학과(5년제),Y,0428211742,심필,5.0,주,03,N,절대,10,0,0,0,0,10,10,8,"20061038,20076015","김덕수,이용호",0/0/0/0/0/0/0,5,,,,이론실습,N,"월5,6,7,8,9,목6,7,8,9","건설공학관(402),건설공학관(402)",보기,,,,,9.0,
계약,,KWAT2101,2025202122,공학수학,통합물관리학과,Y,8458,전선,3.0,야,01,N,상대,30,0,0,0,0,30,30,23,20151001,윤홍석,0/0/0/0/0/0/0,1,,,Y,이론,N,"금4,5,6",산학연협동관(416),보기,통합물관리학과생 외 수강 불가,,,,3.0,기본전공
계약,,KWAT1101,2025202121,기초상하수도공학,통합물관리학과,Y,8458,전선,3.0,야,01,N,상대,30,0,0,0,0,30,30,23,20215063,인영범,0/0/0/0/0/0/0,1,,,Y,이론,N,"금1,2,3",산학연협동관(416),보기,통합물관리학과생 외 수강 불가,,,,3.0,기본전공
계약,,KWAT1003,2025202128,비즈니스영어,통합물관리학과,Y,8458,교선,3.0,야,01,N,상대,80,0,0,0,0,80,80,23,20091016,김연만,0/30/20/10/30/10/0,1,,온,Y,이론,N,"수10,11,12",산학연협동관(416),보기,통합물관리학과생 외 수강 불가,,,,3.0,미선택
계약,,KWAT1005,2025202123,일반화학,통합물관리학과,Y,8458,교선,3.0,야,01,N,상대,30,0,0,0,0,30,30,23,20231009,정상재,0/0/50/50/0/0/0,1,,,Y,이론,N,"금7,8,9",산학연협동관(416),보기,통합물관리학과생 외 수강 불가,,,,3.0,미선택
계약,,KWAT1203,2025202127,현장과제Ⅰ,통합물관리학과,Y,8458,심선,3.0,야,01,N,절대,30,0,0,0,0,30,30,23,20224008,석관수,0/0/0/0/0/0/0,1,,,Y,실습,N,,,보기,통합물관리학과생 외 수강 불가,,,,6.0,
계약,,KWAT3202,2025202125,수도설비유지관리,통합물관리학과,Y,8458,심선,3.0,야,01,N,상대,30,0,0,0,0,30,30,22,20254017,이갑수,0/0/0/0/0/0/0,3,,,Y,이론,N,"월4,5,6",산학연협동관(416),보기,통합물관리학과생 외 수강 불가,,,,3.0,
계약,,KWAT3204,2025202126,수질오염분석,통합물관리학과,Y,8458,심선,3.0,야,01,N,상대,30,0,0,0,0,30,30,22,20141004,주진철,0/0/0/0/0/0/0,3,,,Y,이론실습,N,"월7,8,9,10",화학환경관(302-1),보기,통합물관리학과생 외 수강 불가,,,,4.0,
계약,,KWAT3208,2025202124,전기기기,통합물관리학과,Y,8458,심선,3.0,야,01,N,상대,30,0,0,0,0,30,30,22,20254064,강동형,0/0/0/0/0/0/0,3,,,Y,이론,N,"월1,2,3",산학연협동관(416),보기,통합물관리학과생 외 수강 불가,,,,3.0,
계약,,KWAT3209,2025202131,전기설비관리실무,통합물관리학과,Y,8458,심선,3.0,야,01,N,절대,30,0,0,0,0,30,30,22,20244002,최기선,0/0/0/0/0/0/0,3,,,Y,실습,N,,,보기,통합물관리학과생 외 수강 불가,,,,6.0,
계약,,KWAT3212,2025202130,현장과제Ⅳ,통합물관리학과,Y,8458,심선,3.0,야,01,N,절대,30,0,0,0,0,30,30,22,20234005,이종진,0/0/0/0/0/0/0,3,,,Y,실습,N,,,보기,통합물관리학과생 외 수강 불가,,,,6.0,
계약,,KWAT4101,2025202146,확률과 통계,통합물관리학과,Y,8458,전선,3.0,야,01,N,상대,80,0,0,0,0,80,80,22,20141004,주진철,0/0/0/0/0/0/0,4,,온,Y,이론,N,"화10,11,12",산학연협동관(416),보기,통합물관리학과생 외 수강 불가,,,,3.0,
일반,,INDE1101,2025201309,공간디자인론,산업디자인학과,Y,"0428211308,1863",전선,2.0,주,01,N,상대,35,35,0,0,0,0,0,19,20195176,김소연,0/0/0/0/0/0/0,1,,,Y,이론,N,"화11,12",디자인관(303),보기,산업디자인학과 학생만 신청가능,,,,2.0,기본전공
일반,,INDE1103,2025201303,디자인입문2,산업디자인학과,Y,"0428211308,1863",전필,3.0,주,01,N,상대,35,35,0,0,0,0,0,29,20151009,김승민,0/0/0/0/0/0/0,1,,,Y,이론실습,N,"화6,7,8,9",디자인관(303),보기,산업디자인학과 학생만 신청가능,,,,4.0,기본전공
일반,,INDE1103,2025201304,디자인입문2,산업디자인학과,Y,"0428211308,1863",전필,3.0,주,02,N,상대,35,35,0,0,0,0,0,32,20151009,김승민,0/0/0/0/0/0/0,1,,,Y,이론실습,N,"화1,2,3,4",디자인관(303),보기,산업디자인학과 학생만 신청가능,,,,4.0,기본전공
일반,,INDE1105,2025201310,산업디자인론,산업디자인학과,Y,"0428211308,1863",전선,2.0,주,01,N,상대,35,35,0,0,0,0,0,20,20201027,신창범,0/0/0/0/0/0/0,1,,,Y,이론,N,"수10,11",디자인관(303),보기,산업디자인학과 학생만 신청가능,,,,2.0,기본전공
일반,,INDE1107,2025201311,색채디자인2,산업디자인학과,Y,"0428211308,1863",전선,2.0,주,01,N,절대,35,35,0,0,0,0,0,10,20235062,남민정,0/0/0/0/0/0/0,1,,,Y,이론,N,"월6,7",디자인관(303),보기,산업디자인학과 학생만 신청가능,,,,2.0,기본전공
일반,,INDE1109,2025201305,입체디자인2,산업디자인학과,Y,"0428211308,1863",전필,3.0,주,01,N,절대,35,35,0,0,0,0,0,30,20031020,김장석,0/0/0/0/0/0/0,1,,,Y,이론실습,N,"수1,2,3,4",디자인관(303),보기,산업디자인학과 학생만 신청가능,,,,4.0,기본전공
일반,,INDE1109,2025201306,입체디자인2,산업디자인학과,Y,"0428211308,1863",전필,3.0,주,02,N,절대,35,35,0,0,0,0,0,31,20171002,김지현,0/0/0/0/0/0/0,1,,,Y,이론실습,N,"수6,7,8,9",디자인관(303),보기,산업디자인학과 학생만 신청가능,,,,4.0,기본전공
일반,,GUID100002,2025201302,진로설계1(자기이해와 대학생활),산업디자인학과,Y,"0428211308,1863",특필,1.0,주,01,N,절대,40,40,0,0,0,0,0,27,20231022,김도엽,0/0/0/0/0/0/0,1,,,Y,이론,N,목6,디자인관(303),보기,"산업디자인학과 학생만 신청가능, 타과생불가",,,,1.0,
일반,,INDE1112,2025201307,평면디자인2,산업디자인학과,Y,"0428211308,1863",전필,3.0,주,01,N,상대,35,35,0,0,0,0,0,31,"20131003,20195176","안세윤,김소연",0/0/0/0/0/0/0,1,,,Y,이론실습,N,"화2,3,화4,5","디자인관(308),디자인관(308)",보기,산업디자인학과 학생만 신청가능,,,,4.0,기본전공
일반,,INDE1112,2025201308,평면디자인2,산업디자인학과,Y,"0428211308,1863",전필,3.0,주,02,N,상대,35,35,0,0,0,0,0,33,"20131003,20195176","안세윤,김소연",0/0/0/0/0/0/0,1,,,Y,이론실습,N,"화6,7,화8,9","디자인관(308),디자인관(308)",보기,산업디자인학과 학생만 신청가능,,,,4.0,기본전공
일반,,INDE210021,2025201322,AI 기초디자인 2,산업디자인학과,Y,"0428211308,1863",전선,3.0,주,01,N,절대,35,0,35,0,0,0,0,17,20231022,김도엽,0/0/0/0/0/0/0,2,,,Y,이론실습,N,"월11,12,13,14",디자인관(304),보기,산업디자인학과 학생만 신청가능,,,,4.0,기본전공
일반,,INDE2109,2025201317,CAD2,산업디자인학과,Y,"0428211308,1863",전선,3.0,주,01,N,상대,35,0,35,0,0,0,0,20,20235023,임정화,0/0/0/0/0/0/0,2,,,Y,이론실습,N,"목6,7,8,9",디자인관(308),보기,산업디자인학과 학생만 신청가능,,,,4.0,기본전공
일반,,INDE2111,2025201323,공간디자인 기초2,산업디자인학과,Y,"0428211308,1863",전선,3.0,주,01,N,절대,35,0,35,0,0,0,0,14,20211206,박진호,0/0/0/0/0/0/0,2,,,Y,이론실습,N,"화6,7,8,9",디자인관(304),보기,산업디자인학과 학생만 신청가능,,,,4.0,기본전공
일반,,INDE2104,2025201314,디자인재료학,산업디자인학과,Y,"0428211308,1863",전선,2.0,주,01,N,상대,35,0,35,0,0,0,0,15,20231022,김도엽,0/0/0/0/0/0/0,2,,,Y,이론,N,"목4,5",디자인관(304),보기,산업디자인학과 학생만 신청가능,,,,2.0,기본전공
일반,,INDE2115,2025201319,산업디자인 기초2,산업디자인학과,Y,"0428211308,1863",전선,3.0,주,01,N,절대,35,0,35,0,0,0,0,17,20215001,조은환,0/0/0/0/0/0/0,2,,,Y,이론실습,N,"금1,2,3,4",디자인관(304),보기,산업디자인학과 학생만 신청가능,,,,4.0,기본전공
일반,,INDE2106,2025201315,스케치렌더링Ⅱ,산업디자인학과,Y,"0428211308,1863",전선,3.0,주,01,N,절대,35,0,26,7,2,0,0,32,20235013,석상원,0/0/0/0/0/0/0,2,,,Y,이론실습,N,"금6,7,8,9",디자인관(304),보기,산업디자인학과 학생만 신청가능,,,,4.0,기본전공
일반,,INDE2116,2025201320,인터페이스 디자인,산업디자인학과,Y,"0428211308,1863",전선,3.0,주,01,N,절대,35,0,35,0,0,0,0,23,20151009,김승민,0/0/0/0/0/0/0,2,,,Y,이론실습,N,"수1,2,3,4",디자인관(308),보기,산업디자인학과 학생만 신청가능,,,,4.0,기본전공
일반,,INDE2117,2025201318,전시디자인 스튜디오,산업디자인학과,Y,"0428211308,1863",전선,3.0,주,01,N,절대,35,0,35,0,0,0,0,16,20211206,박진호,0/0/0/0/0/0/0,2,,,Y,이론실습,N,"화2,3,4,5",디자인관(304),보기,산업디자인학과 학생만 신청가능,,,,4.0,기본전공
일반,,GUID200002,2025201312,진로설계2(진로탐색과 자기계발),산업디자인학과,Y,"0428211308,1863",특필,1.0,주,01,N,절대,40,0,40,0,0,0,0,12,20201027,신창범,0/0/0/0/0/0/0,2,,,Y,이론,N,수6,디자인관(304),보기,"산업디자인학과 학생만 신청가능, 타과생불가",,,,1.0,
일반,,INDE2119,2025201321,컴퓨터그래픽스 기초2,산업디자인학과,Y,"0428211308,1863",전선,3.0,주,01,N,절대,35,0,35,0,0,0,0,27,20091059,강현준,0/0/0/0/0/0/0,2,,,Y,이론실습,N,"목6,7,8,9",소재관및공동실험실습관(302),보기,산업디자인학과 학생만 신청가능,,,,4.0,기본전공
일반,,INDE2107,2025201316,프리젠테이션기법,산업디자인학과,Y,"0428211308,1863",전선,2.0,주,01,N,절대,35,0,35,0,0,0,0,21,20201027,신창범,0/0/0/0/0/0/0,2,,,Y,이론실습,N,"수7,8,9",디자인관(304),보기,산업디자인학과 학생만 신청가능,,,,3.0,기본전공
일반,,INDE310009,2025201333,3D 이미지표현,산업디자인학과,Y,"0428211308,1863",전선,3.0,주,01,N,상대,35,0,0,35,0,0,0,17,20231022,김도엽,0/0/0/0/0/0/0,3,,,Y,이론실습,N,"화11,12,13,14",디자인관(308),보기,산업디자인학과 학생만 신청가능,,,,4.0,기본전공
일반,,INDE310011,2025201334,AI 심화디자인 2,산업디자인학과,Y,"0428211308,1863",전선,3.0,주,01,N,절대,35,0,0,35,0,0,0,8,20231022,김도엽,0/0/0/0/0/0/0,3,,,Y,이론실습,N,"수11,12,13,14",디자인관(405),보기,산업디자인학과 학생만 신청가능,,,,4.0,기본전공
일반,,INDE3302,2025201327,UX디자인 스튜디오2,산업디자인학과,Y,"0428211308,1863",심필,3.0,주,01,N,절대,35,0,0,35,0,0,0,30,20151009,김승민,0/0/0/0/0/0/0,3,,,Y,이론실습,N,"목1,2,3,4",디자인관(405),보기,산업디자인학과 학생만 신청가능,,,,4.0,
일반,,INDE3303,2025201335,UX프로토타이핑,산업디자인학과,Y,"0428211308,1863",심선,3.0,주,01,N,절대,35,0,0,35,0,0,0,20,20245058,우병수,0/0/0/0/0/0/0,3,,,Y,이론실습,N,"수1,2,3,4",디자인관(405),보기,산업디자인학과 학생만 신청가능,,,,4.0,
일반,,INDE3305,2025201331,공간 디지털 모델링 2,산업디자인학과,Y,"0428211308,1863",심선,3.0,주,01,N,상대,35,0,0,35,0,0,0,18,20215013,정석환,0/0/0/0/0/0/0,3,,,Y,이론실습,N,"금6,7,8,9",디자인관(308),보기,산업디자인학과 학생만 신청가능,,,,4.0,
일반,,PROJ3304,2025201332,공간 캡스톤 디자인2,산업디자인학과,Y,"0428211308,1863",특선,3.0,주,01,N,절대,35,0,0,35,0,0,0,29,20131003,안세윤,0/0/0/0/0/0/0,3,,,Y,이론실습,N,"수2,3,4,5",디자인관(406),보기,산업디자인학과 학생만 신청가능,,,,4.0,
일반,,INDE3307,2025201329,공공환경디자인 스튜디오 2,산업디자인학과,Y,"0428211308,1863",심필,3.0,주,01,N,절대,35,0,0,35,0,0,0,30,20171002,김지현,0/0/0/0/0/0/0,3,,,Y,이론실습,N,"화6,7,8,9",디자인관(406),보기,산업디자인학과 학생만 신청가능,,,,4.0,
일반,,INDE3102,2025201326,디자인교과교재 및 연구법,산업디자인학과,Y,"0428211308,1863",전선,3.0,주,01,N,절대,20,0,0,20,0,0,0,1,20195151,노현숙,0/0/0/0/0/0/0,3,,,Y,이론실습,N,"금6,7,8,9",디자인관(303),보기,산업디자인학과 교직이수학생만 신청가능,,,,4.0,기본전공
일반,,INDE3104,2025201325,디자인포트폴리오1,산업디자인학과,Y,"0428211308,1863",전선,2.0,주,01,N,상대,35,0,0,35,0,0,0,27,20235062,남민정,0/0/0/0/0/0/0,3,,,Y,이론실습,N,"월3,4,5",디자인관(405),보기,산업디자인학과 학생만 신청가능,,,,3.0,기본전공
일반,,INDE3309,2025201330,실내디자인 스튜디오 2,산업디자인학과,Y,"0428211308,1863",심필,3.0,주,01,N,절대,35,0,0,35,0,0,0,30,"20131003,20195176","안세윤,김소연",0/0/0/0/0/0/0,3,,,Y,이론실습,N,"수6,7,수8,9","디자인관(406),디자인관(406)",보기,산업디자인학과 학생만 신청가능,,,,4.0,
일반,,PROJ3302,2025201336,제품 캡스톤 디자인2,산업디자인학과,Y,"0428211308,1863",특선,3.0,주,01,N,절대,35,0,0,35,0,0,0,16,20091059,강현준,0/0/0/0/0/0/0,3,,,Y,이론실습,N,"금1,2,3,4",디자인관(405),보기,산업디자인학과 학생만 신청가능,,,,4.0,
일반,,INDE3312,2025201328,제품디자인 스튜디오2,산업디자인학과,Y,"0428211308,1863",심필,3.0,주,01,N,절대,35,0,0,35,0,0,0,30,20031020,김장석,0/0/0/0/0/0/0,3,,,Y,이론실습,N,"월6,7,8,9",디자인관(405),보기,산업디자인학과 학생만 신청가능,,,,4.0,
일반,,GUID300002,2025201324,진로설계3(진로설정과 경력개발),산업디자인학과,Y,"0428211308,1863",특필,1.0,주,01,N,절대,40,0,0,40,0,0,0,27,20171002,김지현,0/0/0/0/0/0/0,3,,,Y,이론,N,화5,디자인관(406),보기,"산업디자인학과 학생만 신청가능, 타과생불가",,,,1.0,
일반,,INDE430010,2025201341,UX/서비스시스템 졸업연구 2(캡스톤디자인),산업디자인학과,Y,"0428211308,1863",심선,3.0,주,01,N,절대,35,0,0,0,35,0,0,27,20201027,신창범,0/0/0/0/0/0/0,4,,,Y,이론실습,N,"월6,7,8,9",디자인관(305),보기,산업디자인학과 학생만 신청가능,,,,4.0,
일반,,INDE430014,2025201343,공공환경디자인 졸업연구 2(캡스톤디자인),산업디자인학과,Y,"0428211308,1863",심선,3.0,주,01,N,절대,35,0,0,0,35,0,0,22,20171002,김지현,0/0/0/0/0/0/0,4,,,Y,이론실습,N,"월2,3,4,5",디자인관(305),보기,산업디자인학과 학생만 신청가능,,,,4.0,
일반,,INDE4103,2025201339,디자인교과논리및논술,산업디자인학과,Y,"0428211308,1863",전선,3.0,주,01,N,절대,20,0,0,0,20,0,0,2,20195151,노현숙,0/0/0/0/0/0/0,4,,,Y,이론실습,N,"금2,3,4,5",디자인관(303),보기,산업디자인학과 교직이수학생만 신청가능,,,,4.0,기본전공
일반,,INDE430016,2025201342,실내디자인 졸업연구 2(캡스톤디자인),산업디자인학과,Y,"0428211308,1863",심선,3.0,주,01,N,절대,35,0,0,0,35,0,0,23,20211206,박진호,0/0/0/0/0/0/0,4,,,Y,이론실습,N,"수6,7,8,9",디자인관(305),보기,산업디자인학과 학생만 신청가능,,,,4.0,
일반,,INDE430012,2025201340,제품디자인 졸업연구 2(캡스톤디자인),산업디자인학과,Y,"0428211308,1863",심선,3.0,주,01,N,절대,35,0,0,0,35,0,0,28,20231022,김도엽,0/0/0/0/0/0/0,4,,,Y,이론실습,N,"목7,8,9,10",디자인관(305),보기,산업디자인학과 학생만 신청가능,,,,4.0,
일반,,GUID400002,2025201337,진로설계4(취업전략과 실전취업),산업디자인학과,Y,"0428211308,1863",특필,1.0,주,01,N,절대,40,0,0,0,40,0,0,17,20211206,박진호,0/0/0/0/0/0/0,4,,,Y,이론,N,월10,디자인관(305),보기,"산업디자인학과 학생만 신청가능, 타과생불가",,,,1.0,
일반,,INDE410005,2025201338,포트폴리오,산업디자인학과,Y,"0428211308,1863",전선,3.0,주,01,N,절대,35,0,0,0,35,0,0,20,20231022,김도엽,0/0/0/0/0/0/0,4,,,Y,이론실습,N,"화7,8,9,10",디자인관(305),보기,산업디자인학과 학생만 신청가능,,,,4.0,기본전공
일반,,VMDE110025,2025200263,AI와 창의적 디자인Ⅱ,시각 · 영상디자인학과,Y,"0428211862,1280",전선,3.0,주,01,Y,상대,32,0,0,0,0,32,32,28,20231023,박만기,0/0/0/0/0/0/0,1,,,Y,이론실습,N,"화1,2,3,4",디자인관(203),보기,타과생 수강불가,,,,4.0,기본전공
일반,,VMDE110025,2025200265,AI와 창의적 디자인Ⅱ,시각 · 영상디자인학과,Y,"0428211862,1280",전선,3.0,주,02,Y,상대,32,0,0,0,0,32,32,27,20071065,김용철,0/0/0/0/0/0/0,1,,,Y,이론실습,N,"화1,2,3,4",디자인관(205),보기,타과생 수강불가,,,,4.0,기본전공
일반,,VMDE110014,2025200266,디자인과 심리,시각 · 영상디자인학과,Y,"0428211862,1280",전선,2.0,주,01,Y,상대,48,0,0,0,0,48,48,48,20195171,홍제이,0/0/0/0/0/0/0,1,,,Y,이론,N,"금2,3",건설공학관(110),보기,타과생 수강불가,,,,2.0,기본전공
일반,,VMDE110016,2025200246,디자인드로잉Ⅱ,시각 · 영상디자인학과,Y,"0428211862,1280",전선,3.0,주,01,Y,절대,33,0,0,0,0,33,33,33,20161001,폴포추나토,0/0/0/0/0/0/0,1,,,Y,이론실습,N,"수1,2,3,4",디자인관(203),보기,타과생 수강불가,,,,4.0,기본전공
일반,,VMDE110016,2025200247,디자인드로잉Ⅱ,시각 · 영상디자인학과,Y,"0428211862,1280",전선,3.0,주,02,Y,절대,33,0,0,0,0,33,33,33,20161001,폴포추나토,0/0/0/0/0/0/0,1,,,Y,이론실습,N,"월1,2,3,4",디자인관(203),보기,타과생 수강불가,,,,4.0,기본전공
일반,,VMDE110020,2025200244,색채조형,시각 · 영상디자인학과,Y,"0428211862,1280",전선,3.0,주,01,Y,상대,32,0,0,0,0,32,32,29,20031007,홍미희,0/0/0/0/0/0/0,1,,,Y,이론실습,N,"월1,2,3,4",디자인관(205),보기,타과생 수강불가,,,,4.0,기본전공
일반,,VMDE110020,2025200245,색채조형,시각 · 영상디자인학과,Y,"0428211862,1280",전선,3.0,주,02,Y,상대,32,0,0,0,0,32,32,29,20031007,홍미희,0/0/0/0/0/0/0,1,,,Y,이론실습,N,"수1,2,3,4",디자인관(205),보기,타과생 수강불가,,,,4.0,기본전공
일반,,VMDE110022,2025200267,컴퓨터표현기법Ⅱ,시각 · 영상디자인학과,Y,"0428211862,1280",전선,3.0,주,01,Y,상대,23,0,0,0,0,23,23,23,20195196,조민영,0/0/0/0/0/0/0,1,,,Y,이론실습,N,"목6,7,8,9",디자인관(208),보기,타과생 수강불가,,,,4.0,기본전공
일반,,VMDE110022,2025200270,컴퓨터표현기법Ⅱ,시각 · 영상디자인학과,Y,"0428211862,1280",전선,3.0,주,02,Y,상대,21,0,0,0,0,21,21,21,20195164,백종찬,0/0/0/0/0/0/0,1,,,Y,이론실습,N,"목6,7,8,9",디자인관(408),보기,타과생 수강불가,,,,4.0,기본전공
일반,,VMDE110022,2025200272,컴퓨터표현기법Ⅱ,시각 · 영상디자인학과,Y,"0428211862,1280",전선,3.0,주,03,Y,상대,21,0,0,0,0,21,21,21,20195227,장윤정,0/0/0/0/0/0/0,1,,,Y,이론실습,N,"목6,7,8,9",디자인관(206-1),보기,타과생 수강불가,,,,4.0,기본전공
일반,,VMDE110023,2025200248,포토스튜디오,시각 · 영상디자인학과,Y,"0428211862,1280",전선,3.0,주,01,Y,상대,40,0,0,0,0,40,40,40,20195203,박성훈,0/0/0/0/0/0/0,1,,,Y,이론실습,N,"화6,7,8,9",디자인관(205),보기,타과생 수강불가,,,,4.0,기본전공
일반,,VMDE210030,2025200276,3D컴퓨터그래픽스,시각 · 영상디자인학과,Y,"0428211862,1280",전선,3.0,주,01,Y,상대,21,0,0,0,0,21,21,21,20191017,황민식,0/0/0/0/0/0/0,2,,,Y,이론실습,N,"수6,7,8,9",디자인관(208),보기,타과생 수강불가,,,,4.0,기본전공
일반,,VMDE210016,2025200279,기초시각디자인Ⅱ,시각 · 영상디자인학과,Y,"0428211862,1280",전선,3.0,주,01,Y,상대,27,0,0,0,0,27,27,27,20091019,노황우,0/0/0/0/0/0/0,2,,,Y,이론실습,N,"목1,2,3,4",디자인관(204),보기,타과생 수강불가,,,,4.0,기본전공
일반,,VMDE210017,2025200340,디자인교육론,시각 · 영상디자인학과,Y,"0428211862,1280",전선,2.0,주,01,Y,절대,1,0,0,0,0,1,1,1,20205113,최인혁,0/0/0/0/0/0/0,2,,,Y,이론,N,"수2,3",디자인관(222),보기,(교직이수자)타과생 수강불가,,,,2.0,기본전공
일반,,VMDE210031,2025200283,디자인스토리텔링,시각 · 영상디자인학과,Y,"0428211862,1280",전선,2.0,주,01,Y,상대,28,0,0,0,0,28,28,28,20231023,박만기,0/0/0/0/0/0/0,2,,,Y,이론,N,"월8,9",디자인관(205),보기,타과생 수강불가,,,,2.0,기본전공
일반,,VMDE210020,2025200275,사용자연구스튜디오,시각 · 영상디자인학과,Y,"0428211862,1280",전선,3.0,주,01,Y,상대,22,0,0,0,0,22,22,22,20141006,하광수,0/0/0/0/0/0/0,2,,,Y,이론실습,N,"월1,2,3,4",디자인관(204),보기,타과생 수강불가,,,,4.0,기본전공
일반,,VMDE210025,2025200285,일러스트레이션Ⅱ,시각 · 영상디자인학과,Y,"0428211862,1280",전선,3.0,주,01,Y,상대,20,0,0,0,0,20,20,18,20254038,서정화,0/0/0/0/0/0/0,2,,,Y,이론실습,N,"금1,2,3,4",디자인관(206-1),보기,타과생 수강불가,,,,4.0,기본전공
일반,,GUID200002,2025200286,진로설계2(진로탐색과 자기계발),시각 · 영상디자인학과,Y,"0428211862,1280",특필,1.0,주,01,Y,절대,22,0,0,0,0,22,22,22,20031007,홍미희,0/0/0/0/0/0/0,2,,,Y,이론,N,월6,디자인관(205),보기,타과생 수강불가,,,,1.0,
일반,,GUID200002,2025200288,진로설계2(진로탐색과 자기계발),시각 · 영상디자인학과,Y,"0428211862,1280",특필,1.0,주,02,Y,절대,22,0,0,0,0,22,22,22,20031007,홍미희,0/0/0/0/0/0/0,2,,,Y,이론,N,월7,디자인관(205),보기,타과생 수강불가,,,,1.0,
일반,,VMDE210027,2025200290,컴퓨터표현기법Ⅳ,시각 · 영상디자인학과,Y,"0428211862,1280",전선,3.0,주,01,Y,상대,16,0,0,0,0,16,16,16,20231023,박만기,0/0/0/0/0/0/0,2,,,Y,이론실습,N,"화6,7,8,9",디자인관(208),보기,(에펙)타과생 수강불가,,,,4.0,기본전공
일반,,VMDE210027,2025200291,컴퓨터표현기법Ⅳ,시각 · 영상디자인학과,Y,"0428211862,1280",전선,3.0,주,02,Y,상대,16,0,0,0,0,16,16,14,20116138,김수희,0/0/0/0/0/0/0,2,,,Y,이론실습,N,"화6,7,8,9",디자인관(408),보기,(드림)타과생 수강불가,,,,4.0,기본전공
일반,,VMDE210027,2025200299,컴퓨터표현기법Ⅳ,시각 · 영상디자인학과,Y,"0428211862,1280",전선,3.0,주,03,Y,상대,16,0,0,0,0,16,16,16,20195171,홍제이,0/0/0/0/0/0/0,2,,,Y,이론실습,N,"금6,7,8,9",디자인관(408),보기,(인디)타과생 수강불가,,,,4.0,기본전공
일반,,VMDE210029,2025200281,타이포그래피Ⅱ,시각 · 영상디자인학과,Y,"0428211862,1280",전선,3.0,주,01,Y,상대,21,0,0,0,0,21,21,20,20151005,백서영,0/0/0/0/0/0/0,2,,,Y,이론실습,N,"목6,7,8,9",디자인관(205),보기,타과생 수강불가,,,,4.0,기본전공
일반,,GUID300002,2025200300,진로설계3(진로설정과 경력개발),시각 · 영상디자인학과,Y,"0428211862,1280",특필,1.0,주,01,Y,절대,25,0,0,0,0,25,25,20,20091019,노황우,0/0/0/0/0/0/0,3,,,Y,이론,N,월3,디자인관(404),보기,타과생 수강불가,,,,1.0,
일반,,GUID300002,2025200301,진로설계3(진로설정과 경력개발),시각 · 영상디자인학과,Y,"0428211862,1280",특필,1.0,주,02,Y,절대,25,0,0,0,0,25,25,25,20091019,노황우,0/0/0/0/0/0/0,3,,,Y,이론,N,월4,디자인관(404),보기,타과생 수강불가,,,,1.0,
일반,,VMDE340041,2025200309,캡스톤디자인(GUI디자인Ⅱ),시각 · 영상디자인학과,Y,"0428211862,1280",심선,3.0,주,01,Y,절대,20,0,0,0,0,20,20,9,20141006,하광수,0/0/0/0/0/0/0,3,,,Y,이론실습,N,"금1,2,3,4",디자인관(404),보기,타과생 수강불가,,,,4.0,
일반,,VMDE340043,2025200311,캡스톤디자인(VFX스튜디오Ⅱ),시각 · 영상디자인학과,Y,"0428211862,1280",심선,3.0,주,01,Y,절대,20,0,0,0,0,20,20,18,20191017,황민식,0/0/0/0/0/0/0,3,,,Y,이론실습,N,"화1,2,3,4",디자인관(208),보기,타과생 수강불가,,,,4.0,
일반,,VMDE340032,2025200304,캡스톤디자인(광고디자인Ⅱ),시각 · 영상디자인학과,Y,"0428211862,1280",심선,3.0,주,01,Y,상대,25,0,0,0,0,25,25,23,20126041,김만수,0/0/0/0/0/0/0,3,,,Y,이론실습,N,"화6,7,8,9",디자인관(404),보기,타과생 수강불가,,,,4.0,
일반,,VMDE340034,2025200305,캡스톤디자인(아이덴티티Ⅱ),시각 · 영상디자인학과,Y,"0428211862,1280",심선,3.0,주,01,Y,상대,25,0,0,0,0,25,25,25,20245040,이예지,0/0/0/0/0/0/0,3,,,Y,이론실습,N,"수1,2,3,4",디자인관(404),보기,타과생 수강불가,,,,4.0,
일반,,VMDE340046,2025200306,캡스톤디자인(영상콘텐츠디자인Ⅱ),시각 · 영상디자인학과,Y,"0428211862,1280",심선,3.0,주,01,Y,절대,20,0,0,0,0,20,20,12,20231023,박만기,0/0/0/0/0/0/0,3,,,Y,이론실습,N,"수6,7,8,9",디자인관(206-1),보기,타과생 수강불가,,,,4.0,
일반,,VMDE340048,2025200307,캡스톤디자인(웹디자인스튜디오Ⅱ),시각 · 영상디자인학과,Y,"0428211862,1280",심선,3.0,주,01,Y,상대,20,0,0,0,0,20,20,17,20116138,김수희,0/0/0/0/0/0/0,3,,,Y,이론실습,N,"수6,7,8,9",디자인관(408),보기,타과생 수강불가,,,,4.0,
일반,,VMDE340030,2025200303,캡스톤디자인(인터랙션디자인Ⅲ),시각 · 영상디자인학과,Y,"0428211862,1280",심선,3.0,주,01,Y,절대,20,0,0,0,0,20,20,9,20141006,하광수,0/0/0/0/0/0/0,3,,,Y,이론실습,N,"화1,2,3,4",디자인관(404),보기,타과생 수강불가,,,,4.0,
일반,,VMDE340050,2025200310,캡스톤디자인(캐릭터애니메이션Ⅱ),시각 · 영상디자인학과,Y,"0428211862,1280",심선,3.0,주,01,Y,상대,20,0,0,0,0,20,20,18,20235052,전윤애,0/0/0/0/0/0/0,3,,,Y,이론실습,N,"금6,7,8,9",디자인관(208),보기,타과생 수강불가,,,,4.0,
일반,,VMDE340036,2025200302,캡스톤디자인(편집디자인Ⅱ),시각 · 영상디자인학과,Y,"0428211862,1280",심선,3.0,주,01,Y,절대,28,0,0,0,0,28,28,28,20151005,백서영,0/0/0/0/0/0/0,3,,,Y,이론실습,N,"월6,7,8,9",디자인관(404),보기,타과생 수강불가,,,,4.0,
일반,,VMDE340038,2025200308,캡스톤디자인(포장디자인Ⅱ),시각 · 영상디자인학과,Y,"0428211862,1280",심선,3.0,주,01,Y,절대,27,0,0,0,0,27,27,27,20091019,노황우,0/0/0/0/0/0/0,3,,,Y,이론실습,N,"목6,7,8,9",디자인관(404),보기,타과생 수강불가,,,,4.0,
일반,,VMDE4103,2025200316,캡스톤디자인(융합디자인스튜디오Ⅱ),시각 · 영상디자인학과,Y,"0428211862,1280",전선,3.0,주,01,Y,절대,20,0,0,0,0,20,20,10,20071065,김용철,0/0/0/0/0/0/0,4,,,Y,이론실습,N,"수6,7,8,9",디자인관(204),보기,(아이덴티티)타과생 수강불가,,,,4.0,
일반,,VMDE4104,2025200317,캡스톤디자인(융합디자인스튜디오Ⅲ),시각 · 영상디자인학과,Y,"0428211862,1280",전선,3.0,주,01,Y,절대,29,0,0,0,0,29,29,29,20091019,노황우,0/0/0/0/0/0/0,4,,,Y,이론실습,N,"화6,7,8,9",디자인관(204),보기,(포장)타과생 수강불가,,,,4.0,
일반,,VMDE4105,2025200318,캡스톤디자인(융합디자인스튜디오Ⅳ),시각 · 영상디자인학과,Y,"0428211862,1280",전선,3.0,주,01,Y,절대,20,0,0,0,0,20,20,20,20151005,백서영,0/0/0/0/0/0/0,4,,,Y,이론실습,N,"수1,2,3,4",디자인관(204),보기,(편집)타과생 수강불가,,,,4.0,
일반,,VMDE4106,2025200319,캡스톤디자인(융합디자인스튜디오Ⅴ),시각 · 영상디자인학과,Y,"0428211862,1280",전선,3.0,주,01,Y,절대,25,0,0,0,0,25,25,22,20141006,하광수,0/0/0/0/0/0/0,4,,,Y,이론실습,N,"목6,7,8,9",디자인관(204),보기,(UX디자인)타과생 수강불가,,,,4.0,
일반,,VMDE4107,2025200320,캡스톤디자인(융합디자인스튜디오Ⅵ),시각 · 영상디자인학과,Y,"0428211862,1280",전선,3.0,주,01,Y,절대,25,0,0,0,0,25,25,23,20191017,황민식,0/0/0/0/0/0/0,4,,,Y,이론실습,N,"금1,2,3,4",디자인관(208),보기,(영상애니메이션)타과생 수강불가,,,,4.0,
일반,,VMDE4108,2025200321,캡스톤디자인(융합디자인스튜디오Ⅶ),시각 · 영상디자인학과,Y,"0428211862,1280",전선,3.0,주,01,Y,절대,20,0,0,0,0,20,20,17,20231023,박만기,0/0/0/0/0/0/0,4,,,Y,이론실습,N,"목1,2,3,4",디자인관(208),보기,(광고영상)타과생 수강불가,,,,4.0,
일반,,PROJ400011,2025200312,캡스톤디자인(포트폴리오디자인),시각 · 영상디자인학과,Y,"0428211862,1280",특필,3.0,주,01,Y,절대,20,0,0,0,0,20,20,15,20245051,김정아,0/0/0/0/0/0/0,4,,,Y,이론실습,N,"월6,7,8,9",디자인관(206-1),보기,(그래픽)타과생 수강불가,,,,4.0,
일반,,PROJ400011,2025200313,캡스톤디자인(포트폴리오디자인),시각 · 영상디자인학과,Y,"0428211862,1280",특필,3.0,주,02,Y,절대,25,0,0,0,0,25,25,22,20141006,하광수,0/0/0/0/0/0/0,4,,,Y,이론실습,N,"월6,7,8,9",디자인관(204),보기,(인터랙션)타과생 수강불가,,,,4.0,
일반,,PROJ400011,2025200314,캡스톤디자인(포트폴리오디자인),시각 · 영상디자인학과,Y,"0428211862,1280",특필,3.0,주,03,Y,절대,25,0,0,0,0,25,25,23,20191017,황민식,0/0/0/0/0/0/0,4,,,Y,이론실습,N,"월6,7,8,9",디자인관(208),보기,(영상애니메이션)타과생 수강불가,,,,4.0,
일반,,CCDE2101,2025201505,디자인과 지식재산권,생활디자인학과,Y,0428288883,전선,3.0,야,01,Y,절대,40,0,0,0,0,40,40,13,20235097,윤대원,0/0/0/0/0/0/0,2,,,Y,이론,N,"화10,11,12",그린에너지관(606),보기,,,,,3.0,
일반,,CCDE210006,2025201587,융합시스템디자인,생활디자인학과,Y,0428288883,전선,3.0,야,01,Y,절대,20,0,0,0,0,20,20,13,20211710,공용택,0/0/0/0/0/0/0,2,,,Y,이론실습,N,"수10,11,12,13",그린에너지관(1001),보기,,,,,4.0,
일반,,CCDE210008,2025201589,캐리커처 디자인,생활디자인학과,Y,0428288883,전선,3.0,야,01,Y,절대,30,0,0,0,0,30,30,18,20255060,김동욱,0/0/0/0/0/0/0,2,,,Y,이론실습,N,"목10,11,12,13",그린에너지관(605),보기,,,,,4.0,
일반,,CCDE2104,2025201590,프러덕트디자인,생활디자인학과,Y,0428288883,전선,3.0,야,01,Y,절대,20,0,0,0,0,20,20,10,20255046,정안철,0/0/0/0/0/0/0,2,,,Y,이론실습,N,"금10,11,12,13",그린에너지관(606),보기,,,,,4.0,
일반,,CCDE3201,2025201592,리사이클링디자인,생활디자인학과,Y,0428288883,심선,3.0,야,01,Y,절대,20,0,0,0,0,20,20,5,20235042,손현지,0/0/0/0/0/0/0,3,,,Y,이론실습,N,"목10,11,12,13",그린에너지관(606),보기,,,,,4.0,
일반,,CCDE3101,2025201591,미국과 영국의 문화산업,생활디자인학과,Y,0428288883,전선,3.0,야,01,Y,절대,40,0,0,0,0,40,40,8,20255063,이지효,0/0/0/0/0/0/0,3,,,Y,이론,N,"수10,11,12",그린에너지관(605),보기,,,,,3.0,
일반,,CCDE3202,2025201593,패션주얼리 디자인,생활디자인학과,Y,0428288883,심선,3.0,야,01,Y,절대,20,0,0,0,0,20,20,7,20245085,한정숙,0/0/0/0/0/0/0,3,,블,Y,이론실습,N,"화10,11,12,13",그린에너지관(605),보기,,,,,4.0,
일반,,CCDE320008,2025201594,편집디자인,생활디자인학과,Y,0428288883,심선,3.0,야,01,Y,절대,20,0,0,0,0,20,20,7,20211710,공용택,0/0/0/0/0/0/0,3,,,Y,이론실습,N,"월10,11,12,13",그린에너지관(1001),보기,,,,,4.0,
일반,,CCDE4201,2025201595,SNS디자인,생활디자인학과,Y,0428288883,심선,3.0,야,01,Y,절대,20,0,0,0,0,20,20,7,20211710,공용택,0/0/0/0/0/0/0,4,,,Y,이론실습,N,"목10,11,12,13",그린에너지관(1001),보기,,,,,4.0,
일반,,CCDE4202,2025201596,디자인과 마케팅,생활디자인학과,Y,0428288883,심선,3.0,야,01,Y,절대,20,0,0,0,0,20,20,8,20211710,공용택,0/0/0/0/0/0/0,4,,,Y,이론실습,N,"화10,11,12,13",그린에너지관(1001),보기,,,,,4.0,
일반,,CCDE4204,2025201597,스페이스디자인,생활디자인학과,Y,0428288883,심선,3.0,야,01,Y,절대,20,0,0,0,0,20,20,8,20255062,강현정,0/0/0/0/0/0/0,4,,,Y,이론실습,N,"수10,11,12,13",그린에너지관(606),보기,,,,,4.0,
일반,,CCDE320007,2025201598,영상디자인,생활디자인학과,Y,0428288883,심선,3.0,야,01,Y,절대,20,0,0,0,0,20,20,11,20255056,김성광,0/0/0/0/0/0/0,4,,,Y,이론실습,N,"월10,11,12,13",도서관(505),보기,,,,,4.0,
일반,,COCS4103,2025201284,응용역학,융합건설시스템학과,Y,0428288883,전필,3.0,야,01,Y,절대,20,0,0,0,0,20,20,17,20254028,고채연,0/0/0/0/0/0/0,1,,,Y,이론,N,"화10,11,12",건설공학관(211),보기,,,,,3.0,기본전공
일반,,COCS2112,2025201292,컴퓨터활용설계,융합건설시스템학과,Y,0428288883,전필,3.0,야,01,Y,절대,20,0,0,0,0,20,20,17,20171112,변태근,0/0/0/0/0/0/0,1,,,Y,이론실습,N,"목10,11,12,13",소재관및공동실험실습관(301),보기,,,,,4.0,기본전공
일반,,COCS2101,2025201297,건축구조시스템,융합건설시스템학과,Y,0428288883,전필,3.0,야,01,Y,절대,20,0,0,0,0,20,20,11,20235101,최진철,0/0/0/0/0/0/0,2,,,Y,이론실습,N,"화10,11,12,13",소재관및공동실험실습관(301),보기,,,,,4.0,기본전공
일반,,COCS2103,2025201298,건축리모델링개론,융합건설시스템학과,Y,0428288883,전필,3.0,야,01,Y,절대,20,0,0,0,0,20,20,12,20235099,이은경,0/0/0/0/0/0/0,2,,,Y,이론,N,"금10,11,12",건설공학관(303),보기,,,,,3.0,기본전공
일반,,COCS2107,2025201293,방재학,융합건설시스템학과,Y,0428288883,전필,3.0,야,01,Y,절대,20,0,0,0,0,20,20,12,20231015,조성수,0/0/0/0/0/0/0,2,,,Y,이론,N,"월10,11,12",건설공학관(504),보기,,,,,3.0,기본전공
일반,,COCS3101,2025201287,수질오염관리,융합건설시스템학과,Y,0428288883,전필,3.0,야,01,Y,절대,20,0,0,0,0,20,20,11,20215063,인영범,0/0/0/0/0/0/0,2,,,Y,이론,N,"목10,11,12",화학환경관(401),보기,,,,,3.0,기본전공
일반,,COCS2108,2025201294,스마트시티론,융합건설시스템학과,Y,0428288883,전필,3.0,야,01,Y,절대,20,0,0,0,0,20,20,13,20254034,김희영,0/0/0/0/0/0/0,2,,,Y,이론,N,"월13,14,15",건설공학관(504),보기,,,,,3.0,기본전공
일반,,COCS4104,2025201285,토질역학,융합건설시스템학과,Y,0428288883,전필,3.0,야,01,Y,절대,20,0,0,0,0,20,20,12,20221004,김도현,0/0/0/0/0/0/0,2,,,Y,이론,N,"수10,11,12",건설공학관(211),보기,,,,,3.0,기본전공
일반,,COCS2105,2025201295,도시대중교통론,융합건설시스템학과,Y,0428288883,전필,3.0,야,01,Y,절대,20,0,0,0,0,20,20,13,20225030,변완희,0/0/0/0/0/0/0,3,,,Y,이론,N,"수10,11,12",건설공학관(504),보기,,,,,3.0,기본전공
일반,,COCS3206,2025201296,도시재개발,융합건설시스템학과,Y,0428288883,심선,3.0,야,01,Y,절대,20,0,0,0,0,20,20,13,20205149,정태일,0/0/0/0/0/0/0,3,,,Y,이론,N,"목10,11,12",건설공학관(505),보기,,,,,3.0,
일반,,COCS3208,2025201290,에너지공학,융합건설시스템학과,Y,0428288883,심선,3.0,야,01,Y,절대,20,0,0,0,0,20,20,12,20205066,이재희,0/0/0/0/0/0/0,3,,,Y,이론,N,"금10,11,12",화학환경관(401),보기,,,,,3.0,
일반,,COCS3102,2025201299,철근콘크리트 구조설계,융합건설시스템학과,Y,0428288883,전필,3.0,야,01,Y,절대,20,0,0,0,0,20,20,12,20051065,김승훈,0/0/0/0/0/0/0,3,,,Y,이론실습,N,"월10,11,12,13",건설공학관(303),보기,,,,,4.0,기본전공
일반,,COCS3104,2025201288,폐기물관리공학,융합건설시스템학과,Y,0428288883,전필,3.0,야,01,Y,절대,20,0,0,0,0,20,20,13,20211708,이도연,0/0/0/0/0/0/0,3,,,Y,이론,N,"화10,11,12",화학환경관(401),보기,,,,,3.0,기본전공
일반,,COCS3203,2025201291,기후변화개론,융합건설시스템학과,Y,0428288883,심선,2.0,야,01,Y,절대,30,0,0,0,0,30,30,4,20255045,권용휘,0/0/0/0/0/0/0,4,,,Y,이론,N,"수10,11",화학환경관(401),보기,,,,,2.0,
일반,,COCS3210,2025201301,융합건설시스템 캡스톤디자인2,융합건설시스템학과,Y,0428288883,심필,3.0,야,01,Y,절대,20,0,0,0,0,20,20,12,20051065,김승훈,0/0/0/0/0/0/0,4,,,Y,이론실습,N,"화10,11,12,13",건설공학관(303),보기,,,,,4.0,
일반,,ENGL1102,2025200356,영미단편소설,영어영문학과,Y,8211317,전선,3.0,주,01,N,상대,35,0,0,0,0,35,35,35,20251008,김다산,0/0/0/0/0/0/0,1,,,Y,이론,N,"수6,7,8",인문사회과학관(103),보기,타과생은 수강신청 정정기간에 신청 가능,,,,3.0,기본전공
일반,,ENGL110006,2025200357,영어세계탐색,영어영문학과,Y,8211317,전선,3.0,주,01,N,절대,30,30,0,0,0,0,0,11,20231010,박상희,0/0/0/0/0/0/0,1,,,Y,이론,N,"수6,7,8",인문사회과학관(101),보기,,,,,3.0,기본전공
일반,,ENGL1103,2025200358,영어학개론,영어영문학과,Y,8211317,전선,3.0,주,01,N,상대,30,0,0,0,0,30,30,30,20235090,남은희,0/0/0/0/0/0/0,1,,,Y,이론,N,"화2,3,4",인문사회과학관(103),보기,타과생은 수강신청 정정기간에 신청 가능,,,,3.0,기본전공
일반,,ENGL1103,2025200891,영어학개론,영어영문학과,Y,8211317,전선,3.0,주,02,N,상대,30,0,0,0,0,30,30,28,20235090,남은희,0/0/0/0/0/0/0,1,,,Y,이론,N,"화6,7,8",인문사회과학관(101),보기,타과생은 수강신청 정정기간에 신청 가능,,,,3.0,기본전공
일반,,ENGL1105,2025200393,영어회화(2),영어영문학과,Y,8211317,전선,2.0,주,01,N,절대,20,0,0,0,0,20,20,16,20181601,크리스토퍼 갈랜드,0/0/0/0/0/0/0,1,,,Y,이론,N,"월6,7",인문사회과학관(304),보기,타과생 수강신청 불가,,,,2.0,기본전공
일반,,ENGL1105,2025200886,영어회화(2),영어영문학과,Y,8211317,전선,2.0,주,02,N,절대,20,0,0,0,0,20,20,7,20254062,겐즈메디슨로즈,0/0/0/0/0/0/0,1,,,Y,이론,N,"월6,7",인문사회과학관(102),보기,타과생 수강신청 불가,,,,2.0,기본전공
일반,,ENGL1105,2025200887,영어회화(2),영어영문학과,Y,8211317,전선,2.0,주,03,N,절대,20,0,0,0,0,20,20,12,20181601,크리스토퍼 갈랜드,0/0/0/0/0/0/0,1,,,Y,이론,N,"수2,3",인문사회과학관(103),보기,타과생 수강신청 불가,,,,2.0,기본전공
일반,,ENGL1105,2025200890,영어회화(2),영어영문학과,Y,8211317,전선,2.0,주,04,N,절대,20,0,0,0,0,20,20,3,20254062,겐즈메디슨로즈,0/0/0/0/0/0/0,1,,,Y,이론,N,"수2,3",인문사회과학관(101),보기,타과생 수강신청 불가,,,,2.0,기본전공
일반,,GUID100002,2025200884,진로설계1(자기이해와 대학생활),영어영문학과,Y,8211317,특필,1.0,주,01,N,절대,30,0,0,0,0,30,30,16,20131004,이영주,0/0/0/0/0/0/0,1,,,Y,이론,N,월8,인문사회과학관(304),보기,타과생 수강신청 불가,,,,1.0,
일반,,ENGL2201,2025200402,ESP영작문(2),영어영문학과,Y,8211317,심선,3.0,주,01,N,상대,30,0,0,0,0,30,30,29,20235031,최성,0/0/0/0/0/0/0,2,,,Y,이론,N,"월6,7,8",인문사회과학관(103),보기,타과생은 수강신청 정정기간에 신청 가능,,,,3.0,
일반,,ENGL2201,2025200898,ESP영작문(2),영어영문학과,Y,8211317,심선,3.0,주,02,N,상대,25,0,0,0,0,25,25,10,20235031,최성,0/0/0/0/0/0/0,2,,,Y,이론,N,"금6,7,8",인문사회과학관(102),보기,타과생은 수강신청 정정기간에 신청 가능,,,,3.0,
일반,,ENGL2202,2025200403,미국문학사,영어영문학과,Y,8211317,심선,3.0,주,01,N,상대,40,0,0,0,0,40,40,28,20091016,김연만,0/0/0/0/0/0/0,2,,,Y,이론,N,"수1,2,3",인문사회과학관(304),보기,타과생은 수강신청 정정기간에 신청 가능,,,,3.0,
일반,,ENGL2104,2025200395,시사영어,영어영문학과,Y,8211317,전선,3.0,주,01,N,절대,30,0,0,0,0,30,30,30,20231010,박상희,0/0/0/0/0/0/0,2,,,Y,이론,N,"목2,3,4",인문사회과학관(102),보기,타과생은 수강신청 정정기간에 신청 가능,,,,3.0,기본전공
일반,,ENGL2105,2025200396,시청각영어(1),영어영문학과,Y,8211317,전선,2.0,주,01,N,상대,25,0,0,0,0,25,25,24,20181601,크리스토퍼 갈랜드,0/0/0/0/0/0/0,2,,,Y,이론,N,"월1,2",인문사회과학관(102),보기,타과생은 수강신청 정정기간에 신청 가능,,,,2.0,기본전공
일반,,ENGL2105,2025200897,시청각영어(1),영어영문학과,Y,8211317,전선,2.0,주,02,N,절대,25,0,0,0,0,25,25,9,20254062,겐즈메디슨로즈,0/0/0/0/0/0/0,2,,,Y,이론,N,"월1,2",인문사회과학관(101),보기,타과생 수강신청 불가,,,,2.0,기본전공
일반,,ENGL2107,2025200397,영국시,영어영문학과,Y,8211317,전선,3.0,주,01,N,상대,35,0,0,0,0,35,35,27,20254044,이난희,0/0/0/0/0/0/0,2,,,Y,이론,N,"수6,7,8",인문사회과학관(304),보기,타과생은 수강신청 정정기간에 신청 가능,,,,3.0,기본전공
일반,,ENGL2204,2025200404,영어문장연습,영어영문학과,Y,8211317,심선,3.0,주,01,N,절대,40,0,30,0,0,10,10,29,20131004,이영주,0/0/0/0/0/0/0,2,,블,Y,이론,N,"수6,7,8",인문사회과학관(102),보기,타과생 수강신청 불가,,,,3.0,
일반,,ENGL2113,2025200399,영어청해(2),영어영문학과,Y,8211317,전선,2.0,주,01,N,상대,25,0,0,0,0,25,25,24,20181601,크리스토퍼 갈랜드,0/0/0/0/0/0/0,2,,,Y,이론,N,"월3,4",인문사회과학관(102),보기,타과생 수강신청 불가,,,,2.0,기본전공
일반,,ENGL2113,2025200896,영어청해(2),영어영문학과,Y,8211317,전선,2.0,주,02,N,상대,25,0,0,0,0,25,25,23,20254062,겐즈메디슨로즈,0/0/0/0/0/0/0,2,,,Y,이론,N,"월3,4",인문사회과학관(101),보기,타과생 수강신청 불가,,,,2.0,기본전공
일반,,ENGL2115,2025200400,영어회화(4),영어영문학과,Y,8211317,전선,2.0,주,01,N,상대,15,0,0,0,0,15,15,14,20181601,크리스토퍼 갈랜드,0/0/0/0/0/0/0,2,,,Y,이론,N,"화2,3",인문사회과학관(304),보기,타과생 수강신청 불가,,,,2.0,기본전공
일반,,ENGL2115,2025200894,영어회화(4),영어영문학과,Y,8211317,전선,2.0,주,02,N,절대,15,0,0,0,0,15,15,8,20254062,겐즈메디슨로즈,0/0/0/0/0/0/0,2,,,Y,이론,N,"화2,3",인문사회과학관(101),보기,타과생 수강신청 불가,,,,2.0,기본전공
일반,,ENGL2115,2025200895,영어회화(4),영어영문학과,Y,8211317,전선,2.0,주,03,N,절대,15,0,0,0,0,15,15,8,20254062,겐즈메디슨로즈,0/0/0/0/0/0/0,2,,,Y,이론,N,"금2,3",인문사회과학관(102),보기,타과생 수강신청 불가,,,,2.0,기본전공
일반,,GUID200002,2025200893,진로설계2(진로탐색과 자기계발),영어영문학과,Y,8211317,특필,1.0,주,01,N,절대,30,0,0,0,0,30,30,21,20231010,박상희,0/0/0/0/0/0/0,2,,,Y,이론,N,수9,인문사회과학관(102),보기,타과생 수강신청 불가,,,,1.0,
일반,,STAR3001,2025200749,기업가정신과 창업,영어영문학과,Y,8211317,특필,1.0,주,01,N,절대,41,0,0,0,0,41,41,40,20245002,임형주,0/0/0/0/0/0/0,3,,,Y,이론,N,금9,인문사회과학관(102),보기,타과생 수강신청 불가,,,,1.0,기본전공
일반,,ENGL3201,2025200739,미국소설(1),영어영문학과,Y,8211317,심선,3.0,주,01,N,절대,40,0,0,0,0,40,40,30,20091016,김연만,0/0/0/0/0/0/0,3,,블,Y,이론,N,"금1,2,3",인문사회과학관(304),보기,타과생은 수강신청 정정기간에 신청 가능,,,,3.0,
일반,,ENGL3204,2025200742,영국문학사,영어영문학과,Y,8211317,심선,3.0,주,01,N,절대,40,0,0,0,0,40,40,30,20251008,김다산,0/0/0/0/0/0/0,3,,블,Y,이론,N,"목2,3,4",인문사회과학관(101),보기,타과생은 수강신청 정정기간에 신청 가능,,,,3.0,
일반,,ENGL3102,2025200728,영국소설(2),영어영문학과,Y,8211317,전선,3.0,주,01,N,상대,35,0,0,0,0,35,35,32,20215048,박경화,0/0/0/0/0/0/0,3,,,Y,이론,N,"화2,3,4",인문사회과학관(102),보기,타과생은 수강신청 정정기간에 신청 가능,,,,3.0,기본전공
일반,,ENGL3206,2025200744,영어교수법,영어영문학과,Y,8211317,심선,3.0,주,01,N,상대,80,0,0,40,0,40,40,30,20131004,이영주,0/0/0/0/0/0/0,3,,온,Y,이론,N,"수2,3,4",인문사회과학관(102),보기,타과생 수강신청 불가,,,,3.0,
일반,,ENGL3104,2025200734,영어사,영어영문학과,Y,8211317,전선,3.0,주,01,N,상대,37,0,0,0,0,37,37,37,20254036,박수진,0/0/0/0/0/0/0,3,,,Y,이론,N,"월6,7,8",인문사회과학관(101),보기,타과생은 수강신청 정정기간에 신청 가능,,,,3.0,기본전공
일반,,ENGL3106,2025200736,영어음운론,영어영문학과,Y,8211317,전선,3.0,주,01,N,상대,30,0,0,0,0,30,30,30,20231010,박상희,0/0/0/0/0/0/0,3,,,Y,이론,N,"목6,7,8",인문사회과학관(101),보기,타과생은 수강신청 정정기간에 신청 가능,,,,3.0,기본전공
일반,,ENGL3209,2025200746,영작문(4),영어영문학과,Y,8211317,심선,2.0,주,01,N,상대,20,0,0,0,0,20,20,16,20181601,크리스토퍼 갈랜드,0/0/0/0/0/0/0,3,,,Y,이론,N,"금6,7",인문사회과학관(101),보기,타과생 수강신청 불가,,,,2.0,
일반,,GUID300002,2025200756,진로설계3(진로설정과 경력개발),영어영문학과,Y,8211317,특필,1.0,주,01,N,절대,30,0,0,0,0,30,30,16,20091016,김연만,0/0/0/0/0/0/0,3,,,Y,이론,N,수5,인문사회과학관(304),보기,타과생 수강신청 불가,,,,1.0,
일반,,ENGL4202,2025200753,고급실용영어(2),영어영문학과,Y,8211317,심선,3.0,주,01,N,상대,35,0,0,0,0,35,35,32,20215042,김경혜,0/0/0/0/0/0/0,4,,,Y,이론,N,"목2,3,4",인문사회과학관(304),보기,타과생은 수강신청 정정기간에 신청 가능,,,,3.0,
일반,,ENGL4110,2025200751,영어화용론,영어영문학과,Y,8211317,전선,3.0,주,01,N,상대,35,0,0,0,0,35,35,35,20231010,박상희,0/0/0/0/0/0/0,4,,,Y,이론,N,"월2,3,4",인문사회과학관(304),보기,타과생은 수강신청 정정기간에 신청 가능,,,,3.0,기본전공
일반,,ENGL4208,2025200752,영화와영미문학,영어영문학과,Y,8211317,심선,3.0,주,01,N,상대,35,0,0,0,0,35,35,33,20195212,정귀훈,0/0/0/0/0/0/0,4,,,Y,이론,N,"화6,7,8",인문사회과학관(304),보기,타과생은 수강신청 정정기간에 신청 가능,,,,3.0,
일반,,GUID400002,2025200754,진로설계4(취업전략과 실전취업),영어영문학과,Y,8211317,특필,1.0,주,01,N,절대,30,0,0,0,0,30,30,18,20251008,김다산,0/0/0/0/0/0/0,4,,,Y,이론,N,수9,인문사회과학관(304),보기,타과생 수강신청 불가,,,,1.0,
일반,,CHIN110012,2025201982,아하 중국: 아무도 모르는 하이라이트 중국,중국어과,Y,1338,전선,2.0,주,01,N,절대,20,20,0,0,0,0,0,2,20205041,김민옥,0/0/0/0/0/0/0,1,,,Y,이론,N,"화5,6",인문사회과학관(505),보기,"융합자율대학 1학년 학생들만 수강 가능하며, 중국어과 학생은 수강 불허함.",,,,2.0,
일반,,CHIN110006,2025201576,초급중국어강독(2),중국어과,Y,1338,전선,3.0,주,01,N,상대,22,22,0,0,0,0,0,19,20021014,김난미,0/0/0/0/0/0/0,1,,,Y,이론,N,"월2,3,4",인문사회과학관(204),보기,1학년에게 우선 수강권을 부여한다. 2학년 이상은 방학 중 수강신청 기간에 신청할 수 없고 개강 후 수강정정 기간에 여석이 있으면 선착순으로 신청 가능하다.,,,,3.0,기본전공
일반,,CHIN110006,2025202034,초급중국어강독(2),중국어과,Y,1338,전선,3.0,주,02,N,상대,22,22,0,0,0,0,0,20,20205041,김민옥,0/0/0/0/0/0/0,1,,,Y,이론,N,"월2,3,4",인문사회과학관(203),보기,1학년에게 우선 수강권을 부여한다. 2학년 이상은 방학 중 수강신청 기간에 신청할 수 없고 개강 후 수강정정 기간에 여석이 있으면 선착순으로 신청 가능하다.,,,,3.0,기본전공
일반,,CHIN110008,2025201578,초급중국어문법,중국어과,Y,1338,전선,2.0,주,01,N,상대,22,22,0,0,0,0,0,21,20141005,임소정,0/0/0/0/0/0/0,1,,,Y,이론,N,"화6,7",인문사회과학관(204),보기,1학년에게 우선 수강권을 부여한다. 2학년 이상은 방학 중 수강신청 기간에 신청할 수 없고 개강 후 수강정정 기간에 여석이 있으면 선착순으로 신청 가능하다.,,,,2.0,기본전공
일반,,CHIN110008,2025202038,초급중국어문법,중국어과,Y,1338,전선,2.0,주,02,N,절대,26,22,0,0,0,4,4,24,20191028,정주영,0/0/0/0/0/0/0,1,,,Y,이론,N,"목2,3",인문사회과학관(505),보기,1학년에게 우선 수강권을 부여한다. 2학년 이상은 방학 중 수강신청 기간에 신청할 수 없고 개강 후 수강정정 기간에 여석이 있으면 선착순으로 신청 가능하다.,,,,2.0,기본전공
일반,,CHIN110010,2025201577,초급중국어회화(2),중국어과,Y,1338,전선,3.0,주,01,N,절대,16,16,0,0,0,0,0,15,20141005,임소정,0/0/0/0/0/0/0,1,,블,Y,이론,N,"수5,6,7",인문사회과학관(203),보기,1학년에게 우선 수강권을 부여한다. 2학년 이상은 방학 중 수강신청 기간에 신청할 수 없고 개강 후 수강정정 기간에 여석이 있으면 선착순으로 신청 가능하다.,,,,3.0,기본전공
일반,,CHIN110010,2025202036,초급중국어회화(2),중국어과,Y,1338,전선,3.0,주,02,N,절대,17,16,0,0,0,1,1,17,20171008,한서영,0/0/0/0/0/0/0,1,,,Y,이론,N,"수6,7,8",인문사회과학관(306),보기,1학년에게 우선 수강권을 부여한다. 2학년 이상은 방학 중 수강신청 기간에 신청할 수 없고 개강 후 수강정정 기간에 여석이 있으면 선착순으로 신청 가능하다.,,,,3.0,기본전공
일반,,CHIN110010,2025202037,초급중국어회화(2),중국어과,Y,1338,전선,3.0,주,03,N,절대,16,16,0,0,0,0,0,13,20191028,정주영,0/0/0/0/0/0/0,1,,,Y,이론,N,"수2,3,4",인문사회과학관(505),보기,1학년에게 우선 수강권을 부여한다. 2학년 이상은 방학 중 수강신청 기간에 신청할 수 없고 개강 후 수강정정 기간에 여석이 있으면 선착순으로 신청 가능하다.,,,,3.0,기본전공
일반,,CHIN210014,2025201580,스토리텔링중국어(2),중국어과,Y,1338,전선,2.0,주,01,N,절대,27,0,20,0,0,7,7,27,20121006,최영호,0/0/0/0/0/0/0,2,,,Y,이론,Y,"목7,8",인문사회과학관(306),보기,2학년에게 우선 수강권을 부여한다. 3학년 이상은 방학 중 수강신청기간에 신청할 수 없고 개강 후 수강정정기간에 여석이 남으면 학년 제한없이 신청 가능하다. ,,,,2.0,기본전공
일반,,CHIN2106,2025201579,중국어학개론(2)-음성학,중국어과,Y,1338,전선,3.0,주,01,N,절대,36,3,27,3,3,0,0,11,20171008,한서영,0/0/0/0/0/0/0,2,,,Y,이론,Y,"월6,7,8",인문사회과학관(327),보기,,,,,3.0,기본전공
일반,,CHIN210016,2025201581,중급중국어강독(2),중국어과,Y,1338,전선,3.0,주,01,N,절대,20,0,20,0,0,0,0,18,20021014,김난미,0/0/0/0/0/0/0,2,,,Y,이론,Y,"수6,7,8",인문사회과학관(204),보기,2학년에게 우선 수강권을 부여한다. 3학년 이상은 방학 중 수강신청기간에 신청할 수 없고 개강 후 수강정정기간에 여석이 남으면 학년 제한없이 신청 가능하다. ,,,,3.0,기본전공
일반,,CHIN210016,2025202042,중급중국어강독(2),중국어과,Y,1338,전선,3.0,주,02,N,절대,24,0,20,0,0,4,4,24,20121006,최영호,0/0/0/0/0/0/0,2,,,Y,이론,Y,"수2,3,4",인문사회과학관(306),보기,2학년에게 우선 수강권을 부여한다. 3학년 이상은 방학 중 수강신청기간에 신청할 수 없고 개강 후 수강정정기간에 여석이 남으면 학년 제한없이 신청 가능하다. ,,,,3.0,기본전공
일반,,CHIN210018,2025201582,중급중국어회화(2),중국어과,Y,1338,전선,3.0,주,01,N,절대,16,0,0,0,0,16,16,16,20141005,임소정,0/0/0/0/0/0/0,2,,블,Y,이론,Y,"목2,3,4",인문사회과학관(203),보기,"1, 2학년에게 우선 수강권을 부여한다. 3학년 이상은 방학 중 수강신청 기간에 신청할 수 없고 개강 후 수강정정 기간에 여석이 있으면 선착순으로 신청 가능하다.",,,,3.0,기본전공
일반,,CHIN210018,2025202039,중급중국어회화(2),중국어과,Y,1338,전선,3.0,주,02,N,절대,16,0,0,0,0,16,16,16,20171008,한서영,0/0/0/0/0/0/0,2,,,Y,이론,Y,"화6,7,8",인문사회과학관(306),보기,"1, 2학년에게 우선 수강권을 부여한다. 3학년 이상은 방학 중 수강신청 기간에 신청할 수 없고 개강 후 수강정정 기간에 여석이 있으면 선착순으로 신청 가능하다.",,,,3.0,기본전공
일반,,CHIN210018,2025202041,중급중국어회화(2),중국어과,Y,1338,전선,3.0,주,03,N,절대,16,0,0,0,0,16,16,16,20191028,정주영,0/0/0/0/0/0/0,2,,,Y,이론,Y,"월2,3,4",인문사회과학관(505),보기,"1, 2학년에게 우선 수강권을 부여한다. 3학년 이상은 방학 중 수강신청 기간에 신청할 수 없고 개강 후 수강정정 기간에 여석이 있으면 선착순으로 신청 가능하다.",,,,3.0,기본전공
일반,,GUID200002,2025201832,진로설계2(진로탐색과 자기계발),중국어과,Y,1338,특필,1.0,주,01,N,절대,34,0,0,0,0,34,34,34,20191028,정주영,0/0/0/0/0/0/0,2,,,Y,이론,N,수5,인문사회과학관(505),보기,타과생 수강신청 불가,,,,1.0,
일반,,CHIN2112,2025201583,한문강독(2),중국어과,Y,1338,전선,3.0,주,01,N,절대,25,0,0,0,0,25,25,13,20254009,오영식,0/0/0/0/0/0/0,2,,,,이론,Y,"화2,3,4",인문사회과학관(204),보기,,,,,3.0,기본전공
일반,,CHIN310017,2025201835,고급중국어강독(2),중국어과,Y,1338,전선,3.0,주,01,N,절대,30,0,0,0,0,30,30,13,20021014,김난미,0/0/0/0/0/0/0,3,Y,,,이론,Y,"월7,8,9",인문사회과학관(204),보기,,,,,3.0,기본전공
일반,,CHIN310019,2025201836,고급중국어회화(2),중국어과,Y,1338,전선,3.0,주,01,N,절대,20,0,0,0,0,20,20,15,20006274,전란옥,0/0/0/0/0/0/0,3,,,,이론,Y,"화2,3,4",인문사회과학관(505),보기,,,,,3.0,기본전공
일반,,CHIN310019,2025201989,고급중국어회화(2),중국어과,Y,1338,전선,3.0,주,02,N,절대,20,0,0,0,0,20,20,15,20006274,전란옥,0/0/0/0/0/0/0,3,Y,,,이론,Y,"목7,8,9",인문사회과학관(203),보기,,,,,3.0,기본전공
일반,,CHIN310021,2025201971,스토리텔링중국어(4),중국어과,Y,1338,전선,2.0,주,01,N,절대,20,0,0,0,0,20,20,19,20006274,전란옥,0/0/0/0/0/0/0,3,,,,이론,Y,"수6,7",인문사회과학관(104),보기,,,,,2.0,기본전공
일반,,CHIN3103,2025201977,중국문학개론(2),중국어과,Y,1338,심선,3.0,주,01,N,상대,30,0,0,0,0,30,30,22,20255051,홍성초,0/0/0/0/0/0/0,3,,,,이론,Y,"화7,8,9",인문사회과학관(203),보기,,,,,3.0,기본전공
일반,,CHIN3201,2025201837,중국어교과 교재 및 연구법,중국어과,Y,1338,심선,3.0,주,01,N,절대,30,0,0,0,0,30,30,15,20141005,임소정,0/0/0/0/0/0/0,3,,,,이론,Y,"수2,3,4",인문사회과학관(203),보기,,,,,3.0,
일반,,CHIN3107,2025201834,중국어문법(2),중국어과,Y,1338,전선,3.0,주,01,N,상대,30,0,0,0,0,30,30,29,20141005,임소정,0/0/0/0/0/0/0,3,,,,이론,Y,"화2,3,4",인문사회과학관(306),보기,,,,,3.0,기본전공
일반,,GUID300002,2025201984,진로설계3(진로설정과 경력개발),중국어과,Y,1338,특필,1.0,주,01,N,절대,30,0,0,0,0,30,30,22,19941006,김진곤,0/0/0/0/0/0/0,3,,,Y,이론,N,금5,인문사회과학관(203),보기,,,,,1.0,
일반,,CHIN3111,2025201586,캡스톤디자인(중국문화)(2),중국어과,Y,1338,전선,2.0,주,01,N,절대,20,0,0,0,0,20,20,16,19941006,김진곤,0/0/0/0/0/0/0,3,,,,이론,Y,"화5,6",인문사회과학관(203),보기,,,,,2.0,기본전공
일반,,CHIN4104,2025201985,고전산문 깊이 읽기,중국어과,Y,1338,전선,3.0,주,01,N,상대,20,0,0,0,0,20,20,17,20245001,양남,0/0/0/0/0/0/0,4,,,,이론,Y,"목2,3,4",인문사회과학관(204),보기,,,,,3.0,기본전공
일반,,CHIN420012,2025201972,비즈니스중국어(2),중국어과,Y,1338,심선,3.0,주,01,N,절대,20,0,0,0,0,20,20,11,20191028,정주영,0/0/0/0/0/0/0,4,,,,이론,Y,"화7,8,9",인문사회과학관(505),보기,,,,,3.0,
일반,,CHIN410014,2025201979,실전중국어회화(2),중국어과,Y,1338,심선,2.0,주,01,N,절대,20,0,0,0,0,20,20,12,20006274,전란옥,0/0/0/0/0/0/0,4,,,,이론,Y,"화5,6",인문사회과학관(104),보기,,,,,2.0,기본전공
일반,,CHIN410012,2025201986,연강중국어,중국어과,Y,1338,전선,3.0,주,01,N,절대,20,0,0,0,0,20,20,10,20245001,양남,0/0/0/0/0/0/0,4,,,,이론,Y,"목7,8,9",인문사회과학관(204),보기,,,,,3.0,기본전공
일반,,CHIN4203,2025201973,"중국 문학 작품 감상(2)-소설, 희곡",중국어과,Y,1338,심선,2.0,주,01,N,절대,20,0,0,0,0,20,20,19,20121006,최영호,0/0/0/0/0/0/0,4,,,,이론,Y,"월8,9",인문사회과학관(306),보기,,,,,2.0,
일반,,CHIN410013,2025201978,중국명작의현대적이해,중국어과,Y,1338,심선,3.0,주,01,N,절대,20,0,0,0,0,20,20,7,19941006,김진곤,0/0/0/0/0/0/0,4,,,,이론,Y,"금2,3,4",인문사회과학관(203),보기,,,,,3.0,
일반,,CHIN4205,2025201975,중국어교과교육론,중국어과,Y,1338,심선,3.0,주,01,N,절대,20,0,0,0,0,20,20,7,19941006,김진곤,0/0/0/0/0/0/0,4,Y,,,이론,Y,"화2,3,4",인문사회과학관(203),보기,,,,,3.0,
일반,,CHIN4206,2025201980,중국어작문(2),중국어과,Y,1338,심선,3.0,주,01,N,상대,20,0,0,0,0,20,20,18,20006274,전란옥,0/0/0/0/0/0/0,4,,,,이론,Y,"수2,3,4",인문사회과학관(204),보기,,,,,3.0,
일반,,GUID400002,2025201998,진로설계4(취업전략과 실전취업),중국어과,Y,1338,특필,1.0,주,01,N,절대,30,0,0,0,0,30,30,26,19941006,김진곤,0/0/0/0/0/0/0,4,,,Y,이론,N,금6,인문사회과학관(203),보기,,,,,1.0,
일반,,JPAN1102,2025200657,기초일본어(2),일본어과,Y,0428211349,전선,3.0,주,01,N,상대,25,25,0,0,0,0,0,25,20151006,김현주,0/0/0/0/0/0/0,1,,,Y,이론,N,"수6,7,8",인문사회과학관(205),보기,,,,,3.0,기본전공
일반,,JPAN1102,2025200658,기초일본어(2),일본어과,Y,0428211349,전선,3.0,주,02,N,상대,26,25,0,0,0,1,1,24,20151006,김현주,0/0/0/0/0/0/0,1,,,Y,이론,N,"목2,3,4",인문사회과학관(206),보기,,,,,3.0,기본전공
일반,,JPAN110008,2025200673,기초일본어한자,일본어과,Y,0428211349,전선,3.0,주,01,N,상대,26,25,0,0,0,1,1,25,20231024,신웅철,0/0/0/0/0/0/0,1,,,Y,이론,N,"화2,3,4",인문사회과학관(206),보기,,,,,3.0,기본전공
일반,,JPAN110008,2025200674,기초일본어한자,일본어과,Y,0428211349,전선,3.0,주,02,N,상대,25,24,1,0,0,0,0,16,20231024,신웅철,0/0/0/0/0/0/0,1,,,Y,이론,N,"화6,7,8",인문사회과학관(206),보기,,,,,3.0,기본전공
일반,,JPAN110010,2025200693,슬기로운 일본어 첫걸음,일본어과,Y,0428211349,전선,2.0,주,01,N,절대,20,20,0,0,0,0,0,13,20231024,신웅철,0/0/0/0/0/0/0,1,,,Y,이론,N,"목2,3",인문사회과학관(503),보기,"융합자율대학 학생 전용 과목, 타과생 수강불가",,,,2.0,
일반,,GUID100002,2025200721,진로설계1(자기이해와 대학생활),일본어과,Y,0428211349,특필,1.0,주,01,N,절대,30,30,0,0,0,0,0,15,20201207,박희영,0/0/0/0/0/0/0,1,,,Y,이론,N,목5,인문사회과학관(301),보기,타과생 신청불가,,,,1.0,
일반,,JPAN1105,2025200661,초급일본어강독(2),일본어과,Y,0428211349,전선,3.0,주,01,N,상대,25,25,0,0,0,0,0,23,19931014,박혜성,0/0/0/0/0/0/0,1,,,Y,이론,N,"수2,3,4",인문사회과학관(205),보기,,,,,3.0,기본전공
일반,,JPAN1105,2025200662,초급일본어강독(2),일본어과,Y,0428211349,전선,3.0,주,02,N,상대,25,25,0,0,0,0,0,25,20191029,김의영,0/0/0/0/0/0/0,1,,,Y,이론,N,"수2,3,4",인문사회과학관(202),보기,,,,,3.0,기본전공
일반,,JPAN1107,2025200694,초급일본어회화(2),일본어과,Y,0428211349,전선,2.0,주,01,N,절대,17,17,0,0,0,0,0,13,20224001,야스다 카나에,0/0/0/0/0/0/0,1,,,Y,이론,N,"월1,2",인문사회과학관(205),보기,,,,,2.0,기본전공
일반,,JPAN1107,2025200695,초급일본어회화(2),일본어과,Y,0428211349,전선,2.0,주,02,N,절대,17,17,0,0,0,0,0,16,20224001,야스다 카나에,0/0/0/0/0/0/0,1,,,Y,이론,N,"월6,7",인문사회과학관(205),보기,,,,,2.0,기본전공
일반,,JPAN1107,2025200696,초급일본어회화(2),일본어과,Y,0428211349,전선,2.0,주,03,N,절대,17,17,0,0,0,0,0,16,20244010,시바타 요코,0/0/0/0/0/0/0,1,,,Y,이론,N,"월6,7",인문사회과학관(202),보기,,,,,2.0,기본전공
일반,,JPAN2102,2025200648,일본어강독(2),일본어과,Y,0428211349,전선,3.0,주,01,N,상대,40,0,40,0,0,0,0,36,19961004,윤재석,0/0/0/0/0/0/0,2,,블,Y,이론,N,"수2,3,4",인문사회과학관(206),보기,,,,,3.0,기본전공
일반,,JPAN2202,2025200690,일본어문법(2),일본어과,Y,0428211349,심선,3.0,주,01,N,상대,36,0,29,1,1,5,5,35,20231024,신웅철,0/0/0/0/0/0/0,2,,,Y,이론,N,"수6,7,8",인문사회과학관(202),보기,,,,,3.0,
일반,,JPAN2104,2025200700,일본어문장연습(2),일본어과,Y,0428211349,전선,3.0,주,01,N,상대,25,0,25,0,0,0,0,17,20224001,야스다 카나에,0/0/0/0/0/0/0,2,,,Y,이론,N,"목6,7,8",인문사회과학관(205),보기,,,,,3.0,기본전공
일반,,JPAN2104,2025200701,일본어문장연습(2),일본어과,Y,0428211349,전선,3.0,주,02,N,상대,25,0,25,0,0,0,0,24,20244010,시바타 요코,0/0/0/0/0/0/0,2,,,Y,이론,N,"목6,7,8",인문사회과학관(202),보기,,,,,3.0,기본전공
일반,,JPAN1103,2025200659,일본어문형연습,일본어과,Y,0428211349,전선,3.0,주,01,N,상대,40,0,40,0,0,0,0,28,20151006,김현주,0/0/0/0/0/0/0,2,,블,Y,이론,N,"화6,7,8",인문사회과학관(202),보기,,,,,3.0,
일반,,JPAN2105,2025200652,일본어원서이해(1),일본어과,Y,0428211349,전선,3.0,주,01,N,상대,31,0,25,0,0,6,6,31,20195188,김윤영,0/0/0/0/0/0/0,2,,,Y,이론,N,"월6,7,8",인문사회과학관(206),보기,,,,,3.0,기본전공
일반,,JPAN2203,2025200663,일본어학개론,일본어과,Y,0428211349,심선,3.0,주,01,N,상대,31,0,29,1,0,1,1,29,20191029,김의영,0/0/0/0/0/0/0,2,,,Y,이론,N,"목2,3,4",인문사회과학관(202),보기,,,,,3.0,
일반,,JPAN2204,2025200669,일본학세미나,일본어과,Y,0428211349,심선,3.0,주,01,N,상대,30,0,30,0,0,0,0,26,20201207,박희영,0/0/0/0/0/0/0,2,,,Y,이론,N,"화2,3,4",인문사회과학관(202),보기,,,,,3.0,
일반,,JPAN2108,2025200697,중급일본어회화(2),일본어과,Y,0428211349,전선,2.0,주,01,N,절대,17,0,17,0,0,0,0,15,20244010,시바타 요코,0/0/0/0/0/0/0,2,,,Y,이론,N,"월1,2",인문사회과학관(202),보기,,,,,2.0,기본전공
일반,,JPAN2108,2025200698,중급일본어회화(2),일본어과,Y,0428211349,전선,2.0,주,02,N,절대,17,0,17,0,0,0,0,16,20224001,야스다 카나에,0/0/0/0/0/0/0,2,,,Y,이론,N,"월3,4",인문사회과학관(205),보기,,,,,2.0,기본전공
일반,,JPAN2108,2025200699,중급일본어회화(2),일본어과,Y,0428211349,전선,2.0,주,03,N,절대,17,0,17,0,0,0,0,17,20244010,시바타 요코,0/0/0/0/0/0/0,2,,,Y,이론,N,"월3,4",인문사회과학관(202),보기,,,,,2.0,기본전공
일반,,GUID200002,2025200723,진로설계2(진로탐색과 자기계발),일본어과,Y,0428211349,특필,1.0,주,01,N,절대,30,0,30,0,0,0,0,21,20231024,신웅철,0/0/0/0/0/0/0,2,,,Y,이론,N,목5,인문사회과학관(205),보기,타과생 신청불가,,,,1.0,
일반,,JPAN3201,2025200672,글로벌 캡스톤디자인(일본문화)(2),일본어과,Y,0428211349,심선,3.0,주,01,N,절대,12,0,0,12,0,0,0,12,20201207,박희영,0/0/0/0/0/0/0,3,,,Y,이론실습,N,"수6,7,8,9",인문사회과학관(301),보기,,,,,4.0,
일반,,JPAN3104,2025200702,실무일본어 문서작성(2),일본어과,Y,0428211349,전선,2.0,주,01,N,절대,20,0,0,20,0,0,0,10,20224001,야스다 카나에,0/0/0/0/0/0/0,3,,,Y,이론,N,"금2,3",인문사회과학관(205),보기,,,,,2.0,
일반,,JPAN3104,2025200703,실무일본어 문서작성(2),일본어과,Y,0428211349,전선,2.0,주,02,N,절대,20,0,0,20,0,0,0,12,20244010,시바타 요코,0/0/0/0/0/0/0,3,,,Y,이론,N,"금2,3",인문사회과학관(202),보기,,,,,2.0,
일반,,JPAN3106,2025200704,실무일본어(2),일본어과,Y,0428211349,전선,2.0,주,01,N,절대,20,0,0,20,0,0,0,11,20224001,야스다 카나에,0/0/0/0/0/0/0,3,,,Y,이론,N,"금6,7",인문사회과학관(205),보기,,,,,2.0,
일반,,JPAN3106,2025200705,실무일본어(2),일본어과,Y,0428211349,전선,2.0,주,02,N,절대,20,0,0,20,0,0,0,8,20244010,시바타 요코,0/0/0/0/0/0/0,3,,,Y,이론,N,"금6,7",인문사회과학관(202),보기,,,,,2.0,
일반,,JPAN3204,2025200637,일본문학개론(2),일본어과,Y,0428211349,심선,3.0,주,01,N,상대,30,0,0,30,0,0,0,19,19931014,박혜성,0/0/0/0/0/0/0,3,,,Y,이론,N,"화6,7,8",인문사회과학관(205),보기,,,,,3.0,
일반,,JPAN3206,2025200670,일본문화(2),일본어과,Y,0428211349,심선,3.0,주,01,N,절대,20,0,0,20,0,0,0,17,20201207,박희영,0/0/0/0/0/0/0,3,,,Y,이론,N,"수2,3,4",인문사회과학관(301),보기,,,,,3.0,
일반,,JPAN3206,2025200671,일본문화(2),일본어과,Y,0428211349,심선,3.0,주,02,N,절대,20,0,0,20,0,0,0,13,20201207,박희영,0/0/0/0/0/0/0,3,,,Y,이론,N,"목2,3,4",인문사회과학관(301),보기,,,,,3.0,
일반,,JPAN3207,2025200656,일본소설과스토리텔링,일본어과,Y,0428211349,심선,3.0,주,01,N,상대,40,0,0,40,0,0,0,35,19961004,윤재석,0/0/0/0/0/0/0,3,,블,Y,이론,N,"월2,3,4",인문사회과학관(206),보기,,,,,3.0,
일반,,JPAN3107,2025200706,일본어원서이해(2),일본어과,Y,0428211349,전선,3.0,주,01,N,절대,32,0,0,30,0,2,2,31,20205058,송미연,0/0/0/0/0/0/0,3,,,Y,이론,N,"목6,7,8",인문사회과학관(206),보기,,,,,3.0,기본전공
일반,,GUID300002,2025200724,진로설계3(진로설정과 경력개발),일본어과,Y,0428211349,특필,1.0,주,01,N,절대,30,0,0,30,0,0,0,22,20191029,김의영,0/0/0/0/0/0/0,3,,,Y,이론,N,목5,인문사회과학관(202),보기,타과생 신청불가,,,,1.0,
일반,,JPAN3210,2025200666,한일 이문화커뮤니케이션 교육(2),일본어과,Y,0428211349,심선,3.0,주,01,N,절대,21,0,0,20,0,1,1,18,20191029,김의영,0/0/0/0/0/0/0,3,,,Y,이론,N,"화2,3,4",인문사회과학관(205),보기,,,,,3.0,
일반,,JPAN4206,2025200641,일본어경어연습,일본어과,Y,0428211349,심선,3.0,주,01,N,상대,30,0,0,0,30,0,0,18,19931014,박혜성,0/0/0/0/0/0/0,4,,,Y,이론,N,"목2,3,4",인문사회과학관(205),보기,,,,,3.0,
일반,,JPAN4208,2025200660,일본어교과논리및논술,일본어과,Y,0428211349,심선,3.0,주,01,N,절대,40,0,0,0,40,0,0,13,20151006,김현주,0/0/0/0/0/0/0,4,,블,Y,이론,N,"목6,7,8",인문사회과학관(301),보기,,,,,3.0,
일반,,JPAN4209,2025200668,일본어교육론,일본어과,Y,0428211349,심선,3.0,주,01,N,절대,20,0,0,0,20,0,0,9,20191029,김의영,0/0/0/0/0/0/0,4,,,Y,이론,N,"수6,7,8",인문사회과학관(206),보기,,,,,3.0,
일반,,GUID400002,2025200725,진로설계4(취업전략과 실전취업),일본어과,Y,0428211349,특필,1.0,주,01,N,절대,30,0,0,0,30,0,0,15,19931014,박혜성,0/0/0/0/0/0/0,4,,,Y,이론,N,수5,인문사회과학관(205),보기,타과생 신청불가,,,,1.0,
일반,,PUBP1101,2025201111,민법Ⅰ,공공행정학과,Y,0428211966,전선,3.0,주,01,N,상대,43,30,0,0,0,13,13,43,20195089,홍진희,0/0/0/0/0/0/0,1,,,Y,이론,N,"화2,3,4",디자인관(501),보기,,,,,3.0,기본전공
일반,,PUBP1102,2025201350,법학개론,공공행정학과,Y,0428211966,전필,3.0,주,01,N,상대,50,0,0,0,0,50,50,43,20021015,김성호,0/0/0/0/0/0/0,1,,블,Y,이론,N,"목6,7,8",디자인관(403),보기,융합자율대학 학생 전용 강좌,,,,3.0,
일반,,PUBP1104,2025201117,지방자치론,공공행정학과,Y,0428211966,전선,3.0,주,01,N,상대,45,35,0,0,0,10,10,38,20255055,윤지경,0/0/0/0/0/0/0,1,,,Y,이론,N,"화7,8,9",디자인관(501),보기,,,,,3.0,기본전공
일반,,PUBP1105,2025201351,행정학개론,공공행정학과,Y,0428211966,전필,3.0,주,01,N,상대,50,0,0,0,0,50,50,40,20131007,권기석,0/0/0/0/0/0/0,1,,,Y,이론,N,"금1,2,3",디자인관(502),보기,융합자율대학 학생 전용 강좌,,,,3.0,
일반,,PUBP1107,2025201118,헌법Ⅰ,공공행정학과,Y,0428211966,전선,3.0,주,01,N,상대,51,35,0,0,0,16,16,51,20251022,김동균,0/0/0/0/0/0/0,1,,,Y,이론,N,"목2,3,4",디자인관(403),보기,,,,,3.0,기본전공
일반,,PUBP2102,2025201122,관료제도론,공공행정학과,Y,0428211966,전선,3.0,주,01,N,상대,40,0,30,0,0,10,10,20,20195152,이창율,0/0/0/0/0/0/0,2,,,Y,이론,N,"금2,3,4",디자인관(501),보기,,,,,3.0,기본전공
일반,,PUBP2104,2025201124,산업정책론,공공행정학과,Y,0428211966,전선,3.0,주,01,N,상대,40,0,30,0,0,10,10,30,20254043,이광희,0/0/0/0/0/0/0,2,,,Y,이론,N,"월2,3,4",디자인관(403),보기,,,,,3.0,기본전공
일반,,PUBP2107,2025201125,재무행정론,공공행정학과,Y,0428211966,전선,3.0,주,01,N,상대,40,0,30,0,0,10,10,32,20255047,김지희,0/0/0/0/0/0/0,2,,,Y,이론,N,"목6,7,8",디자인관(501),보기,,,,,3.0,기본전공
일반,,PUBP2108,2025201127,주식회사법 I,공공행정학과,Y,0428211966,전선,3.0,주,01,N,상대,47,0,30,0,0,17,17,47,20021015,김성호,0/0/0/0/0/0/0,2,,블,Y,이론,N,"수6,7,8",디자인관(403),보기,,,,,3.0,기본전공
일반,,PUBP2109,2025201129,지식재산법 I,공공행정학과,Y,0428211966,전선,3.0,주,01,N,상대,40,0,30,0,0,10,10,40,20151014,김창화,0/0/0/0/0/0/0,2,,블,Y,이론,N,"월6,7,8",디자인관(403),보기,,,,,3.0,기본전공
일반,,PUBP3105,2025201142,행정법Ⅱ,공공행정학과,Y,0428211966,전선,3.0,주,01,N,상대,40,0,30,0,0,10,10,39,20121012,김형섭,0/0/0/0/0/0/0,2,,블,Y,이론,N,"수2,3,4",디자인관(403),보기,,,,,3.0,기본전공
일반,,PUBP2205,2025201134,헌법Ⅲ,공공행정학과,Y,0428211966,심선,3.0,주,01,N,상대,44,0,30,0,0,14,14,44,20251022,김동균,0/0/0/0/0/0/0,2,,,Y,이론,N,"화2,3,4",디자인관(503),보기,,,,,3.0,
일반,,PUBP3203,2025201137,공기업론,공공행정학과,Y,0428211966,심선,3.0,주,01,N,상대,40,0,0,30,0,10,10,30,20195152,이창율,0/0/0/0/0/0/0,3,,,Y,이론,N,"금6,7,8",디자인관(501),보기,,,,,3.0,
일반,,PUBP3103,2025201136,디지털 저작권법,공공행정학과,Y,0428211966,전선,3.0,주,01,N,상대,80,0,0,0,0,80,80,61,20151014,김창화,0/0/0/0/0/0/0,3,,온,Y,이론,N,"수2,3,4",디자인관(501),보기,,,,,3.0,기본전공
일반,,GUID300002,2025201151,진로설계3(진로설정과 경력개발),공공행정학과,Y,0428211966,특필,1.0,주,01,N,절대,52,0,0,0,0,52,52,52,20251022,김동균,0/0/0/0/0/0/0,3,,,Y,이론,N,화9,디자인관(403),보기,,,,,1.0,
일반,,PUBP2204,2025201138,추리의 기법(추리논증),공공행정학과,Y,0428211966,심선,3.0,주,01,N,상대,44,0,0,30,0,14,14,44,20235034,고경선,0/0/0/0/0/0/0,3,,,Y,이론,N,"금2,3,4",디자인관(403),보기,,,,,3.0,
일반,,PUBP3214,2025201140,행정조직법,공공행정학과,Y,0428211966,심선,3.0,주,01,N,상대,46,0,0,30,0,16,16,46,20121012,김형섭,0/0/0/0/0/0/0,3,,블,Y,이론,N,"화2,3,4",디자인관(403),보기,,,,,3.0,
일반,,PUBP3210,2025201141,형법Ⅱ,공공행정학과,Y,0428211966,심선,3.0,주,01,N,상대,44,0,0,30,0,14,14,44,20195089,홍진희,0/0/0/0/0/0/0,3,,,Y,이론,N,"화6,7,8",디자인관(403),보기,,,,,3.0,
일반,,PUBP4216,2025201367,공법실무,공공행정학과,Y,0428211966,심선,3.0,주,01,N,절대,35,0,0,0,0,35,35,17,20251022,김동균,0/0/0/0/0/0/0,4,,,Y,이론,N,"수6,7,8",디자인관(501),보기,,,,,3.0,
일반,,PUBP4203,2025201144,기업법세미나,공공행정학과,Y,0428211966,심선,3.0,주,01,N,절대,80,0,0,0,80,0,0,32,20021015,김성호,0/0/0/0/0/0/0,4,,온,Y,이론,N,"화6,7,8",디자인관(503),보기,공공행정학과 4학년 전용 강좌,,,,3.0,
일반,,PUBP4205,2025201145,법정책학,공공행정학과,Y,0428211966,심선,3.0,주,01,N,절대,40,0,0,0,40,0,0,18,20121012,김형섭,0/0/0/0/0/0/0,4,,블,Y,이론,N,"목2,3,4",디자인관(501),보기,공공행정학과 4학년 전용 강좌,,,,3.0,
일반,,PUBP4210,2025201147,지식재산판례연구,공공행정학과,Y,0428211966,심선,3.0,주,01,N,절대,40,0,0,0,40,0,0,28,20151014,김창화,0/0/0/0/0/0/0,4,,블,Y,이론,N,"월2,3,4",디자인관(501),보기,,,,,3.0,
일반,,GUID400002,2025201152,진로설계4(취업전략과 실전취업),공공행정학과,Y,0428211966,특필,1.0,주,01,N,절대,41,0,0,0,0,41,41,41,20131007,권기석,0/0/0/0/0/0/0,4,,,Y,이론,N,월6,디자인관(501),보기,,,,,1.0,
일반,,ECON110004,2025201096,거시경제의 이해,경제학과,Y,0428211300 / 1865,전필,3.0,주,01,N,상대,39,0,0,0,0,39,39,38,20254010,조영탁,0/0/0/0/0/0/0,1,,,Y,이론,N,"월1,2,3",경상학관(711),보기,★경제학과 재학생 + 융합자율대학 신청 가능★,,,,3.0,기본전공
일반,,ECON110004,2025201098,거시경제의 이해,경제학과,Y,0428211300 / 1865,전필,3.0,주,02,N,상대,40,0,0,0,0,40,40,40,20254010,조영탁,0/0/0/0/0/0/0,1,,,Y,이론,N,"월6,7,8",경상학관(711),보기,★경제학과 재학생만 수강 가능(융합자율대학 불가)★,,,,3.0,기본전공
일반,,GUID100002,2025201100,진로설계1(자기이해와 대학생활),경제학과,Y,0428211300 / 1865,특필,1.0,주,01,N,절대,35,0,0,0,0,35,35,30,20101008,조필규,0/0/0/0/0/0/0,1,,,Y,이론,N,화8,경상학관(711),보기,,,,,1.0,
일반,,ECON2101,2025201101,거시경제학,경제학과,Y,0428211300 / 1865,전필,3.0,주,01,N,상대,35,0,0,0,0,35,35,31,20251009,유진영,0/0/0/0/0/0/0,2,,,Y,이론,N,"화1,2,3",경상학관(404),보기,,,,,3.0,기본전공
일반,,ECON2101,2025201102,거시경제학,경제학과,Y,0428211300 / 1865,전필,3.0,주,02,N,상대,37,0,0,0,0,37,37,36,20251009,유진영,0/0/0/0/0/0/0,2,,,Y,이론,N,"수1,2,3",경상학관(404),보기,,,,,3.0,기본전공
일반,,ECON2201,2025201106,경제사,경제학과,Y,0428211300 / 1865,심선,3.0,주,01,N,상대,38,0,0,0,0,38,38,38,20195200,박준우,0/0/0/0/0/0/0,2,,,Y,이론,N,"월6,7,8",경상학관(107),보기,,,,,3.0,
일반,,ECON1101,2025201097,경제수학,경제학과,Y,0428211300 / 1865,전필,3.0,주,01,N,상대,35,0,0,0,0,35,35,20,20101008,조필규,0/0/0/0/0/0/0,2,,,Y,이론,N,"화2,목2,3","경상학관(711),경상학관(711)",보기,,,,,3.0,
일반,,ECON2106,2025201108,부동산경제학,경제학과,Y,0428211300 / 1865,전선,3.0,주,01,N,상대,42,0,0,0,0,42,42,42,20191027,박종훈,0/0/0/0/0/0/0,2,,,Y,이론,N,"금2,3,4",경상학관(711),보기,,,,,3.0,기본전공
일반,,ECON2107,2025201104,산업경제학,경제학과,Y,0428211300 / 1865,전선,3.0,주,01,N,상대,35,0,0,0,0,35,35,13,20101008,조필규,0/0/0/0/0/0/0,2,,,Y,이론,N,"화7,목6,7","경상학관(107),경상학관(107)",보기,,,,,3.0,
일반,,GUID200002,2025201103,진로설계2(진로탐색과 자기계발),경제학과,Y,0428211300 / 1865,특필,1.0,주,01,N,절대,35,0,0,0,0,35,35,24,20101008,조필규,0/0/0/0/0/0/0,2,,,Y,이론,N,화9,경상학관(711),보기,,,,,1.0,
일반,,ECON2206,2025201109,창업과 벤처금융,경제학과,Y,0428211300 / 1865,심선,3.0,주,01,N,상대,35,0,0,0,0,35,35,35,20245031,김태우,0/0/0/0/0/0/0,2,,,Y,이론,N,"금6,7,8",경상학관(107),보기,,,,,3.0,
일반,,ECON2208,2025201107,취업영어Ⅱ,경제학과,Y,0428211300 / 1865,심선,3.0,주,01,N,상대,35,0,0,0,0,35,35,35,20195132,정경미,0/0/0/0/0/0/0,2,,,Y,이론,N,"목2,3,4",경상학관(107),보기,,,,,3.0,
일반,,ECON2209,2025201105,통계분석실습,경제학과,Y,0428211300 / 1865,심선,3.0,주,01,N,절대,25,0,0,0,0,25,25,25,20241009,신유식,0/0/0/0/0/0/0,2,,,Y,이론실습,N,"수6,7,8,9",경상학관(402),보기,"이론 S3동 710호, 실습 S3 402호 강의실 사용",,,,4.0,
일반,,ECON2111,2025201110,환경경제학,경제학과,Y,0428211300 / 1865,전선,3.0,주,01,N,상대,37,0,0,0,0,37,37,37,20251023,전승호,0/0/0/0/0/0/0,2,,,Y,이론,N,"월1,2,3",경상학관(710),보기,,,,,3.0,기본전공
일반,,ECON3101,2025201112,국제금융론,경제학과,Y,0428211300 / 1865,전필,3.0,주,01,N,상대,59,0,0,0,0,59,59,58,19931010,민경세,0/0/0/0/0/0/0,3,,,Y,이론,N,"월6,7,8",경상학관(404),보기,,,,,3.0,기본전공
일반,,ECON3206,2025201120,금융제도와 경제,경제학과,Y,0428211300 / 1865,심선,3.0,주,01,N,상대,38,0,0,0,0,38,38,38,20244009,조복현,0/0/0/0/0/0/0,3,,,Y,이론,N,"금1,2,3",경상학관(710),보기,,,,,3.0,
일반,,ECON3105,2025201121,노사관계론,경제학과,Y,0428211300 / 1865,전선,3.0,주,01,N,상대,35,0,0,0,0,35,35,27,19951010,남기곤,0/0/0/0/0/0/0,3,,,Y,이론,N,"수2,3,목9","경상학관(711),경상학관(711)",보기,,,,,3.0,기본전공
일반,,ECON3110,2025201119,지역경제론,경제학과,Y,0428211300 / 1865,전선,3.0,주,01,N,상대,42,0,0,0,0,42,42,42,20191027,박종훈,0/0/0/0/0/0/0,3,,,Y,이론,N,"목6,7,8",경상학관(711),보기,,,,,3.0,기본전공
일반,,GUID300002,2025201116,진로설계3(진로설정과 경력개발),경제학과,Y,0428211300 / 1865,특필,1.0,주,01,N,절대,39,0,0,0,0,39,39,38,20241009,신유식,0/0/0/0/0/0/0,3,,,Y,이론,N,목5,경상학관(402),보기,"이론 S3동 710호, 실습 S3 402호 강의실 사용",,,,1.0,
일반,,ECON3216,2025201126,캡스톤디자인(경제학),경제학과,Y,0428211300 / 1865,심선,3.0,주,01,N,절대,15,0,0,0,0,15,15,15,20241009,신유식,0/0/0/0/0/0/0,3,,,Y,이론실습,N,"금6,7,8,9",경상학관(402),보기,"이론 S3동 710호, 실습 S3 402호 강의실 사용",,,,4.0,
일반,,ECON3217,2025201123,후생경제학,경제학과,Y,0428211300 / 1865,심선,3.0,주,01,N,상대,38,0,0,0,0,38,38,38,20195200,박준우,0/0/0/0/0/0/0,3,,,Y,이론,N,"화6,7,8",경상학관(404),보기,,,,,3.0,
일반,,ECON4201,2025201133,경제분석세미나,경제학과,Y,0428211300 / 1865,심선,3.0,주,01,N,절대,35,0,0,0,0,35,35,17,20195165,권덕희,0/0/0/0/0/0/0,4,,,Y,이론,N,"월6,7,8",경상학관(710),보기,,,,,3.0,
일반,,ECON4205,2025201131,국제경제정책,경제학과,Y,0428211300 / 1865,심선,3.0,주,01,N,상대,38,0,0,0,0,38,38,33,20195138,김제금,0/0/0/0/0/0/0,4,,,Y,이론,N,"화2,3,4",경상학관(107),보기,,,,,3.0,
일반,,ECON420027,2025201763,실증미시경제학,경제학과,Y,0428211300 / 1865,심선,3.0,주,01,N,절대,13,0,0,0,0,13,13,12,20241009,신유식,0/0/0/0/0/0/0,4,,,Y,이론,N,"화6,7,8",경상학관(402),보기,"이론 S3동 710호, 실습 S3 402호 강의실 사용",,,,3.0,
일반,,ECON4217,2025201764,자산운용전략,경제학과,Y,0428211300 / 1865,심선,3.0,주,01,N,상대,35,0,0,0,0,35,35,17,20251009,유진영,0/0/0/0/0/0/0,4,,,Y,이론,N,"목2,3,4",경상학관(710),보기,,,,,3.0,
일반,,GUID400002,2025201128,진로설계4(취업전략과 실전취업),경제학과,Y,0428211300 / 1865,특필,1.0,주,01,N,절대,35,0,0,0,0,35,35,19,20241009,신유식,0/0/0/0/0/0/0,4,,,Y,이론,N,목6,경상학관(402),보기,"이론 S3동 710호, 실습 S3 402호 강의실 사용",,,,1.0,
계약,,CUFE3102,2025201251,국제금융론,협동조합금융학과,Y,1299,전선,3.0,야,01,N,절대,80,0,0,40,40,0,0,25,19931010,민경세,0/0/0/0/0/0/0,3,,온,Y,이론,N,"월10,11,12",경상학관(710),보기,타과생 수강 불가,,,,3.0,기본전공
계약,,CUFE4103,2025201605,금융경제특강,협동조합금융학과,Y,1299,전선,3.0,야,01,N,절대,25,0,0,9,16,0,0,25,20255013,이정걸,0/0/0/0/0/0/0,3,,,Y,이론,N,"토8,9,10",경상학관(710),보기,타과생 수강 불가,,,,3.0,기본전공
계약,,CUFE3109,2025201252,신협회계,협동조합금융학과,Y,1299,전선,3.0,야,01,N,절대,25,0,0,9,16,0,0,25,20255048,조봉주,0/0/0/0/0/0/0,3,,,Y,이론,N,"금10,11,12",경상학관(710),보기,타과생 수강 불가,,,,3.0,기본전공
계약,,CUFE4118,2025201254,중소기업금융,협동조합금융학과,Y,1299,전선,3.0,야,01,N,절대,25,0,0,9,16,0,0,25,20195200,박준우,0/0/0/0/0/0/0,3,,,Y,이론,N,"토1,2,3",경상학관(710),보기,타과생 수강 불가,,,,3.0,기본전공
계약,,CUFE3114,2025201253,채권관리,협동조합금융학과,Y,1299,전선,3.0,야,01,N,절대,25,0,0,9,16,0,0,25,20235071,이성용,0/0/0/0/0/0/0,3,,,Y,실습,N,"수10,11,12,목10,11,12","경상학관(710),경상학관(710)",보기,타과생 수강 불가,,,,6.0,기본전공
계약,,CUFE4120,2025202317,한국금융경제론,협동조합금융학과,Y,1299,전선,3.0,야,01,N,절대,25,0,0,9,16,0,0,25,20191027,박종훈,0/0/0/0/0/0/0,4,,,Y,이론,N,"토5,6,7",경상학관(710),보기,타과생 수강 불가,,,,3.0,기본전공
일반,,BIZA1101,2025201461,4차산업혁명과 정보기술,융합경영학과,Y,0428211864,전선,3.0,주,01,Y,상대,40,34,2,2,2,0,0,3,20111013,김건우,0/0/0/0/0/0/0,1,,,Y,이론실습,N,"화2,3,4,5",경상학관(611),보기,,,,,4.0,기본전공
일반,,BIZA1101,2025201462,4차산업혁명과 정보기술,융합경영학과,Y,0428211864,전선,3.0,주,02,Y,상대,40,34,2,2,2,0,0,7,20111013,김건우,0/0/0/0/0/0/0,1,,,Y,이론실습,N,"수2,3,4,5",경상학관(611),보기,,,,,4.0,기본전공
일반,,BIZA110008,2025201464,경영학콘서트,융합경영학과,Y,0428211864,전선,3.0,주,01,Y,절대,99,99,0,0,0,0,0,56,20131005,박정민,0/0/0/0/0/0/0,1,,,Y,이론,N,"월6,7,8",경상학관(302),보기,융합자율전공 교과목,,,,3.0,기본전공
일반,,GUID100002,2025201465,진로설계1(자기이해와 대학생활),융합경영학과,Y,0428211864,특필,1.0,주,01,Y,절대,40,28,4,4,4,0,0,20,20181006,최근호,0/0/0/0/0/0/0,1,,,Y,이론,N,수6,경상학관(401),보기,"융합경영학과, 경영회계학과 외 수강불가",,,,1.0,
일반,,BIZA1106,2025201459,회계학원론,융합경영학과,Y,0428211864,전필,3.0,주,01,Y,상대,75,30,4,4,3,34,34,74,20231012,김경혜,0/0/0/0/0/0/0,1,,블,Y,이론,N,"목2,3,4",경상학관(302),보기,"융합경영학과, 경영회계학과 우선 승인(타과생은 정정기간에 신청)",,,,3.0,기본전공
일반,,BIZA1106,2025201460,회계학원론,융합경영학과,Y,0428211864,전필,3.0,주,02,Y,상대,75,30,4,4,4,33,33,55,20231012,김경혜,0/0/0/0/0/0/0,1,,블,Y,이론,N,"목6,7,8",경상학관(302),보기,"융합경영학과, 경영회계학과 우선 승인(타과생은 정정기간에 신청)",,,,3.0,기본전공
일반,,BIZA2207,2025201470,브랜드관리,융합경영학과,Y,0428211864,심선,3.0,주,01,Y,절대,40,2,28,2,2,6,6,38,20171003,이성호,0/0/0/0/0/0/0,2,,,Y,이론,N,"화6,7,8",경상학관(305),보기,"융합경영학과, 경영회계학과 우선 승인(타과생은 정정기간에 신청)",,,,3.0,
일반,,BIZA2209,2025201471,서비스운영관리,융합경영학과,Y,0428211864,심선,3.0,주,01,Y,상대,40,2,34,2,2,0,0,40,20251025,김수연,0/0/0/0/0/0/0,2,,,Y,이론,N,"수2,3,4",경상학관(302),보기,"융합경영학과, 경영회계학과 우선 승인(타과생은 정정기간에 신청)",,,,3.0,
일반,,BIZA2210,2025201472,소비자행동론,융합경영학과,Y,0428211864,심선,3.0,주,01,Y,절대,80,5,45,20,10,0,0,36,20071030,지성구,0/0/0/0/0/0/0,2,,온,Y,이론,N,"화2,3,4",경상학관(406),보기,"융합경영학과, 경영회계학과 우선 승인(타과생은 정정기간에 신청)",,,,3.0,
일반,,BIZA2103,2025201466,재무관리,융합경영학과,Y,0428211864,전필,3.0,주,01,Y,상대,40,1,28,4,4,3,3,33,20131005,박정민,0/0/0/0/0/0/0,2,,블,Y,이론,N,"화6,7,8",경상학관(610),보기,"융합경영학과, 경영회계학과 우선 승인(타과생은 정정기간에 신청)",,,,3.0,기본전공
일반,,BIZA2103,2025201467,재무관리,융합경영학과,Y,0428211864,전필,3.0,주,02,Y,상대,41,4,28,5,4,0,0,40,20151015,백강,0/0/0/0/0/0/0,2,,블,Y,이론,N,"수6,7,8",경상학관(610),보기,"융합경영학과, 경영회계학과 우선 승인(타과생은 정정기간에 신청)",,,,3.0,기본전공
일반,,BIZA2104,2025201468,재무회계,융합경영학과,Y,0428211864,전필,3.0,주,01,Y,상대,40,4,28,4,0,4,4,37,20231012,김경혜,0/0/0/0/0/0/0,2,,블,Y,이론,N,"금2,3,4",경상학관(610),보기,"융합경영학과, 경영회계학과 우선 승인(타과생은 정정기간에 신청)",,,,3.0,
일반,,BIZA2104,2025201469,재무회계,융합경영학과,Y,0428211864,전필,3.0,주,02,Y,상대,40,2,28,4,2,4,4,36,20231012,김경혜,0/0/0/0/0/0/0,2,,블,Y,이론,N,"금6,7,8",경상학관(610),보기,"융합경영학과, 경영회계학과 우선 승인(타과생은 정정기간에 신청)",,,,3.0,
일반,,BIZA2211,2025201473,조직론,융합경영학과,Y,0428211864,심선,3.0,주,01,Y,절대,40,2,34,2,2,0,0,23,20195155,이원철,0/0/0/0/0/0/0,2,,,Y,이론,N,"목10,11,12",경상학관(406),보기,"융합경영학과, 경영회계학과 우선 승인(타과생은 정정기간에 신청)",,,,3.0,
일반,,GUID200002,2025201474,진로설계2(진로탐색과 자기계발),융합경영학과,Y,0428211864,특필,1.0,주,01,Y,절대,40,4,28,4,4,0,0,9,20171003,이성호,0/0/0/0/0/0/0,2,,,Y,이론,N,월6,경상학관(401),보기,"융합경영학과, 경영회계학과 외 수강불가",,,,1.0,
일반,,BIZA3101,2025201475,국제경영론,융합경영학과,Y,0428211864,전필,3.0,주,01,Y,상대,40,0,2,28,4,6,6,32,20251024,고경량,0/0/0/0/0/0/0,3,,,Y,이론,N,"월6,7,8",경상학관(610),보기,"융합경영학과, 경영회계학과 우선 승인(타과생은 정정기간에 신청)",,,,3.0,기본전공
일반,,BIZA3101,2025201476,국제경영론,융합경영학과,Y,0428211864,전필,3.0,주,02,Y,상대,40,4,4,28,4,0,0,37,20251024,고경량,0/0/0/0/0/0/0,3,,,Y,이론,N,"금2,3,4",경상학관(611),보기,"융합경영학과, 경영회계학과 우선 승인(타과생은 정정기간에 신청)",,,,3.0,기본전공
일반,,BIZA3206,2025201482,기계가 학습하는 법,융합경영학과,Y,0428211864,심선,3.0,주,01,Y,절대,40,2,2,34,2,0,0,25,20181006,최근호,0/0/0/0/0/0/0,3,,,Y,이론실습,N,"목6,7,8,9",경상학관(401),보기,"융합경영학과, 경영회계학과 우선 승인(타과생은 정정기간에 신청)",,,,4.0,
일반,,BIZA3102,2025201477,기술경영론,융합경영학과,Y,0428211864,전필,3.0,주,01,Y,절대,41,4,4,28,4,1,1,40,19991008,최종인,0/0/0/0/0/0/0,3,,블,Y,이론,N,"화2,3,4",경상학관(610),보기,"융합경영학과, 경영회계학과 우선 승인(타과생은 정정기간에 신청)",,,,3.0,기본전공
일반,,BIZA3102,2025201478,기술경영론,융합경영학과,Y,0428211864,전필,3.0,주,02,Y,절대,40,4,1,28,4,3,3,37,20121010,이원일,0/0/0/0/0/0/0,3,,블,Y,이론,N,"화6,7,8",경상학관(611),보기,"융합경영학과, 경영회계학과 우선 승인(타과생은 정정기간에 신청)",,,,3.0,기본전공
일반,,STAR3001,2025201488,기업가정신과 창업,융합경영학과,Y,0428211864,특필,1.0,주,01,Y,절대,40,4,4,28,4,0,0,40,20245002,임형주,0/0/0/0/0/0/0,3,,,Y,이론,N,금5,경상학관(302),보기,"융합경영학과, 경영회계학과 외 수강불가",,,,1.0,기본전공
일반,,STAR3001,2025201602,기업가정신과 창업,융합경영학과,Y,0428211864,특필,1.0,주,02,Y,절대,40,4,4,28,4,0,0,14,20245002,임형주,0/0/0/0/0/0/0,3,,,Y,이론,N,금6,경상학관(302),보기,"융합경영학과, 경영회계학과 외 수강불가",,,,1.0,기본전공
일반,,BIZA3212,2025201483,소매관리,융합경영학과,Y,0428211864,심선,3.0,주,01,Y,절대,40,0,3,28,5,4,4,22,20071030,지성구,0/0/0/0/0/0/0,3,,,Y,이론,N,"수2,3,4",경상학관(610),보기,"융합경영학과, 경영회계학과 우선 승인(타과생은 정정기간에 신청)",,,,3.0,
일반,,BIZA3214,2025201485,원가회계,융합경영학과,Y,0428211864,심선,3.0,주,01,Y,상대,80,3,12,45,20,0,0,60,20231012,김경혜,0/0/0/0/0/0/0,3,,온,Y,이론,N,"수6,7,8",경상학관(302),보기,"융합경영학과, 경영회계학과 우선 승인(타과생은 정정기간에 신청)",,,,3.0,
일반,,BIZA3215,2025201486,유통관리론,융합경영학과,Y,0428211864,심선,3.0,주,01,Y,절대,40,1,2,34,2,1,1,38,20171003,이성호,0/0/0/0/0/0/0,3,,,Y,이론,N,"목2,3,4",경상학관(611),보기,"융합경영학과, 경영회계학과 우선 승인(타과생은 정정기간에 신청)",,,,3.0,
일반,,GUID300002,2025201489,진로설계3(진로설정과 경력개발),융합경영학과,Y,0428211864,특필,1.0,주,01,Y,절대,40,4,4,28,4,0,0,23,20151015,백강,0/0/0/0/0/0/0,3,,,Y,이론,N,수5,경상학관(401),보기,"융합경영학과, 경영회계학과 외 수강불가",,,,1.0,
일반,,BIZA4201,2025201490,21세기첨단경영론,융합경영학과,Y,0428211864,심선,3.0,주,01,Y,절대,40,0,0,0,0,40,40,25,20254011,박준병,0/0/0/0/0/0/0,4,,,Y,이론,N,"월2,3,4",경상학관(611),보기,"융합경영학과, 경영회계학과 우선 승인(타과생은 정정기간에 신청)",,,,3.0,
일반,,BIZA4205,2025201493,국제마케팅,융합경영학과,Y,0428211864,심선,3.0,주,01,Y,절대,40,0,0,0,0,40,40,14,20254053,최진,0/0/0/0/0/0/0,4,,,Y,이론,N,"목2,3,4",경상학관(610),보기,"융합경영학과, 경영회계학과 우선 승인(타과생은 정정기간에 신청)",,,,3.0,
일반,,BIZA3205,2025201495,금융리스크관리,융합경영학과,Y,0428211864,심선,3.0,주,01,Y,상대,40,0,0,0,0,40,40,32,20151015,백강,0/0/0/0/0/0/0,4,,블,Y,이론,N,"화6,7,8",경상학관(406),보기,"융합경영학과, 경영회계학과 우선 승인(타과생은 정정기간에 신청)",,,,3.0,
일반,,BIZA4212,2025201497,노사관계론,융합경영학과,Y,0428211864,심선,3.0,주,01,Y,절대,40,0,0,0,0,40,40,15,20061039,이준우,0/0/0/0/0/0/0,4,,,Y,이론,N,"월6,7,8",경상학관(611),보기,"융합경영학과, 경영회계학과 우선 승인(타과생은 정정기간에 신청)",,,,3.0,
일반,,BIZA4213,2025201498,미래예측과 혁신전략,융합경영학과,Y,0428211864,심선,3.0,주,01,Y,절대,40,0,0,0,0,40,40,11,20121010,이원일,0/0/0/0/0/0/0,4,,블,Y,이론,N,"수6,7,8",경상학관(611),보기,"융합경영학과, 경영회계학과 우선 승인(타과생은 정정기간에 신청)",,,,3.0,
일반,,BIZA4221,2025201500,이문화관리와 협상,융합경영학과,Y,0428211864,심선,3.0,주,01,Y,상대,40,0,0,0,0,40,40,22,20254012,김응규,0/0/0/0/0/0/0,4,,,Y,이론,N,"수2,3,4",경상학관(406),보기,"융합경영학과, 경영회계학과 우선 승인(타과생은 정정기간에 신청)",,,,3.0,
일반,,GUID400002,2025201600,진로설계4(취업전략과 실전취업),융합경영학과,Y,0428211864,특필,1.0,주,01,Y,절대,40,0,0,0,0,40,40,16,20231012,김경혜,0/0/0/0/0/0/0,4,,,Y,이론,N,목5,경상학관(401),보기,"융합경영학과, 경영회계학과 외 수강불가",,,,1.0,
일반,,BIZA4229,2025201504,품질경영,융합경영학과,Y,0428211864,심선,3.0,주,01,Y,상대,40,0,0,0,0,40,40,12,20251025,김수연,0/0/0/0/0/0/0,4,,,Y,이론,N,"목6,7,8",경상학관(611),보기,"융합경영학과, 경영회계학과 우선 승인(타과생은 정정기간에 신청)",,,,3.0,
일반,,ACCT0203,2025201428,고급회계,회계학과,Y,1329,심선,3.0,주,01,N,절대,30,1,1,27,1,0,0,20,19931011,박성환,0/0/0/0/0/0/0,3,,,Y,이론,N,"수6,7,8",경상학관(511),보기,"타과생 수강 불가, 회계학과&경영회계학과 수강 가능",,,,3.0,
일반,,ACCT0206,2025201429,관리회계2,회계학과,Y,1329,심선,3.0,주,01,N,상대,30,1,1,27,1,0,0,25,20205026,왕현선,0/0/0/0/0/0/0,3,,,Y,이론,N,"목2,3,4",경상학관(511),보기,"타과생 수강 불가, 회계학과&경영회계학과 수강 가능",,,,3.0,
일반,,STAR3001,2025201433,기업가정신과 창업,회계학과,Y,1329,특필,1.0,주,01,N,절대,110,0,4,102,4,0,0,78,20201208,임종태,0/0/0/0/0/0/0,3,,온,Y,이론,N,금5,경상학관(101),보기,"타과생 수강 불가, 회계학과&경영회계학과, 건설환경공학과 수강 가능",,,,1.0,
일반,,ACCT0246,2025201430,기업법,회계학과,Y,1329,심선,3.0,주,01,N,절대,30,1,1,27,1,0,0,30,20211709,이동건,0/0/0/0/0/0/0,3,,,Y,이론,N,"화2,3,4",경상학관(105),보기,"타과생 수강 불가, 회계학과&경영회계학과 수강 가능",,,,3.0,
일반,,ACCT0122,2025201422,법인세법-2,회계학과,Y,1329,전필,3.0,주,01,N,상대,35,3,3,26,3,0,0,15,20101006,권기정,0/0/0/0/0/0/0,3,,,Y,이론,N,"수6,7,8",경상학관(510),보기,"타과생 수강 불가, 회계학과&경영회계학과 수강 가능",,,,3.0,
일반,,ACCT0122,2025201423,법인세법-2,회계학과,Y,1329,전필,3.0,주,02,N,상대,35,3,3,26,3,0,0,34,20101006,권기정,0/0/0/0/0/0/0,3,,,Y,이론,N,"목6,7,8",경상학관(511),보기,"타과생 수강 불가, 회계학과&경영회계학과 수강 가능",,,,3.0,
일반,,ACCT0112,2025201424,재무관리,회계학과,Y,1329,전필,3.0,주,01,N,상대,35,3,3,26,3,0,0,35,20245077,김원실,0/0/0/0/0/0/0,3,,,Y,이론,N,"금2,3,4",경상학관(511),보기,"타과생 수강 불가, 회계학과&경영회계학과 수강 가능",,,,3.0,
일반,,ACCT0112,2025201425,재무관리,회계학과,Y,1329,전필,3.0,주,02,N,상대,35,3,3,26,3,0,0,22,20245077,김원실,0/0/0/0/0/0/0,3,,,Y,이론,N,"금6,7,8",경상학관(511),보기,"타과생 수강 불가, 회계학과&경영회계학과 수강 가능",,,,3.0,
일반,,ACCT0226,2025201431,전산회계실습,회계학과,Y,1329,심선,3.0,주,01,N,상대,30,1,1,27,1,0,0,13,20195126,이하진,0/0/0/0/0/0/0,3,,,Y,이론실습,N,"수1,2,3,4",경상학관(401),보기,"타과생 수강 불가, 회계학과&경영회계학과 수강 가능",,,,4.0,
일반,,GUID300002,2025201434,진로설계3(진로설정과 경력개발),회계학과,Y,1329,특필,1.0,주,01,N,절대,35,3,3,26,3,0,0,10,20211709,이동건,0/0/0/0/0/0/0,3,,,Y,이론,N,수9,경상학관(401),보기,"타과생 수강 불가, 회계학과&경영회계학과 수강 가능",,,,1.0,
일반,,ACCT0117,2025201426,창업경영론,회계학과,Y,1329,전필,3.0,주,01,N,절대,35,3,3,26,3,0,0,18,20031021,송우용,0/0/0/0/0/0/0,3,,,Y,이론,N,"월6,7,8",경상학관(105),보기,"타과생 수강 불가, 회계학과&경영회계학과 수강 가능",,,,3.0,
일반,,ACCT0117,2025201427,창업경영론,회계학과,Y,1329,전필,3.0,주,02,N,절대,35,3,3,26,3,0,0,35,20031021,송우용,0/0/0/0/0/0/0,3,,,Y,이론,N,"화6,7,8",경상학관(511),보기,"타과생 수강 불가, 회계학과&경영회계학과 수강 가능",,,,3.0,
일반,,ACCT0240,2025201432,회계학연습,회계학과,Y,1329,심선,3.0,주,01,N,상대,30,1,1,27,1,0,0,22,20245074,김재욱,0/0/0/0/0/0/0,3,,,Y,이론,N,"월2,3,4",경상학관(405),보기,"타과생 수강 불가, 회계학과&경영회계학과 수강 가능",,,,3.0,
일반,,ACCT0243,2025201435,세무회계실무사례2,회계학과,Y,1329,심선,3.0,주,01,N,절대,30,0,0,0,0,30,30,12,20211709,이동건,0/0/0/0/0/0/0,4,,,Y,이론,N,"수2,3,4",경상학관(105),보기,"타과생 수강 불가, 회계학과&경영회계학과 수강 가능",,,,3.0,
일반,,ACCT0227,2025201436,정부 및 비영리회계,회계학과,Y,1329,심선,3.0,주,01,N,상대,30,0,0,0,0,30,30,18,20195156,이도희,0/0/0/0/0/0/0,4,,,Y,이론,N,"월2,3,4",경상학관(510),보기,"타과생 수강 불가, 회계학과&경영회계학과 수강 가능",,,,3.0,
일반,,ACTX210002,2025201440,경영통계학,회계세무학과,Y,1329,전필,3.0,주,01,N,상대,40,26,3,3,3,5,5,39,19971001,임재학,0/0/0/0/0/0/0,1,,,Y,이론,N,"수2,3,4",경상학관(405),보기,"융합자율대학&회계세무학과&회계학과&경영회계학과 수강 가능, 그 외 타과생 수강 불가 ",,,,3.0,
일반,,ACTX110002,2025201444,경제학원론,회계세무학과,Y,1329,전선,3.0,주,01,N,상대,30,27,1,1,1,0,0,16,20205099,육소영,0/0/0/0/0/0/0,1,,,Y,이론,N,"월2,3,4",경상학관(105),보기,"타과생 수강 불가, 회계세무학과&회계학과&경영회계학과 수강 가능",,,,3.0,기본전공
일반,,ACTX210005,2025201446,세법개론,회계세무학과,Y,1329,전선,3.0,주,01,N,상대,30,27,1,1,1,0,0,26,20101006,권기정,0/0/0/0/0/0/0,1,,,Y,이론,N,"월6,7,8",경상학관(510),보기,"타과생 수강 불가, 회계세무학과&회계학과&경영회계학과 수강 가능",,,,3.0,기본전공
일반,,ACTX210008,2025201441,재무회계학개론,회계세무학과,Y,1329,전필,3.0,주,01,N,상대,75,26,3,3,3,40,40,73,19931011,박성환,0/0/0/0/0/0/0,1,,,Y,이론,N,"화2,3,4",경상학관(101),보기,"타과생 수강 불가, 회계세무학과&회계학과&경영회계학과&융합자율대학 수강 가능",,,,3.0,
일반,,GUID100002,2025201448,진로설계1(자기이해와 대학생활),회계세무학과,Y,1329,특필,1.0,주,01,N,절대,35,26,3,3,3,0,0,9,20101006,권기정,0/0/0/0/0/0/0,1,,,Y,이론,N,목9,경상학관(510),보기,"타과생 수강 불가, 회계세무학과&회계학과&경영회계학과 수강 가능",,,,1.0,
일반,,ACTX110003,2025201447,회계이론의 기초,회계세무학과,Y,1329,전선,3.0,주,01,N,상대,80,68,4,4,4,0,0,29,20171010,최경수,0/0/0/0/0/0/0,1,,온,Y,이론,N,"화6,7,8",경상학관(405),보기,"타과생 수강 불가, 회계세무학과&회계학과&경영회계학과 수강 가능",,,,3.0,기본전공
일반,,ACTX110004,2025201443,회계학원론,회계세무학과,Y,1329,전필,3.0,주,01,N,상대,35,26,3,3,3,0,0,16,20235081,이주비,0/0/0/0/0/0/0,1,,,Y,이론,N,"목6,7,8",경상학관(510),보기,"타과생 수강 불가, 회계세무학과&회계학과&경영회계학과 수강 가능",,,,3.0,
일반,,ACTX320004,2025201456,경영과학,회계세무학과,Y,1329,심선,3.0,주,01,N,상대,30,1,27,1,1,0,0,19,20195128,송장근,0/0/0/0/0/0/0,2,,,Y,이론,N,"목2,3,4",경상학관(510),보기,"타과생 수강 불가, 회계세무학과&회계학과&경영회계학과 수강 가능",,,,3.0,
일반,,ACTX320012,2025201457,소득세법,회계세무학과,Y,1329,심선,3.0,주,01,N,절대,30,1,27,1,1,0,0,30,20101006,권기정,0/0/0/0/0/0/0,2,,,Y,이론,N,"화6,7,8",경상학관(510),보기,"타과생 수강 불가, 회계세무학과&회계학과&경영회계학과 수강 가능",,,,3.0,
일반,,ACTX210006,2025201449,원가회계-2,회계세무학과,Y,1329,전필,3.0,주,01,N,상대,35,3,26,3,3,0,0,35,20171010,최경수,0/0/0/0/0/0/0,2,,,Y,이론,N,"월1,2,3",경상학관(511),보기,"타과생 수강 불가, 회계세무학과&회계학과&경영회계학과 수강 가능",,,,3.0,기본전공
일반,,ACTX210006,2025201450,원가회계-2,회계세무학과,Y,1329,전필,3.0,주,02,N,상대,35,3,26,3,3,0,0,21,20171010,최경수,0/0/0/0/0/0/0,2,,,Y,이론,N,"수1,2,3",경상학관(511),보기,"타과생 수강 불가, 회계세무학과&회계학과&경영회계학과 수강 가능",,,,3.0,기본전공
일반,,ACTX310004,2025201451,중급회계2,회계세무학과,Y,1329,전필,3.0,주,01,N,상대,35,3,26,3,3,0,0,29,20231013,홍준용,0/0/0/0/0/0/0,2,,,Y,이론,N,"수2,3,4",경상학관(510),보기,"타과생 수강 불가, 회계세무학과&회계학과&경영회계학과 수강 가능",,,,3.0,기본전공
일반,,ACTX310004,2025201452,중급회계2,회계세무학과,Y,1329,전필,3.0,주,02,N,상대,35,3,26,3,3,0,0,35,20231013,홍준용,0/0/0/0/0/0/0,2,,,Y,이론,N,"월6,7,8",경상학관(511),보기,"타과생 수강 불가, 회계세무학과&회계학과&경영회계학과 수강 가능",,,,3.0,기본전공
일반,,GUID200002,2025201458,진로설계2(진로탐색과 자기계발),회계세무학과,Y,1329,특필,1.0,주,01,N,절대,35,3,26,3,3,0,0,26,20231013,홍준용,0/0/0/0/0/0/0,2,,,Y,이론,N,월9,경상학관(401),보기,"타과생 수강 불가, 회계세무학과&회계학과&경영회계학과 수강 가능",,,,1.0,
일반,,ACTX310006,2025201453,회계정보시스템,회계세무학과,Y,1329,전필,3.0,주,01,N,상대,35,3,26,3,3,0,0,29,19971001,임재학,0/0/0/0/0/0/0,2,,,Y,이론,N,"월6,7,8",경상학관(405),보기,"타과생 수강 불가, 회계세무학과&회계학과&경영회계학과 수강 가능",,,,3.0,기본전공
일반,,ACTX310006,2025201454,회계정보시스템,회계세무학과,Y,1329,전필,3.0,주,02,N,상대,35,3,26,3,3,0,0,35,19971001,임재학,0/0/0/0/0/0/0,2,,,Y,이론,N,"화2,3,4",경상학관(405),보기,"타과생 수강 불가, 회계세무학과&회계학과&경영회계학과 수강 가능",,,,3.0,기본전공
일반,,GUID400002,2025201607,진로설계4(취업전략과 실전취업),회계세무학과,Y,1329,특필,1.0,주,01,N,절대,35,0,0,0,0,35,35,12,20231013,홍준용,0/0/0/0/0/0/0,4,,,Y,이론,N,화9,경상학관(401),보기,"타과생 수강 불가, 회계학과&경영회계학과 수강 가능",,,,1.0,
일반,,ACTX320022,2025201606,회계캡스톤디자인2,회계세무학과,Y,1329,심선,3.0,주,01,N,절대,20,0,0,0,0,20,20,4,20211709,이동건,0/0/0/0/0/0/0,4,,,Y,이론,N,"화6,7,8",경상학관(509),보기,"타과생 수강 불가, 회계학과&경영회계학과 수강 가능",,,,3.0,
일반,,SEBM2102,2025201400,비즈니스모델 개발과 검증,창업경영학과,Y,8288881,전선,3.0,야,01,N,절대,40,0,0,0,0,40,40,17,20201021,김명숙,0/0/0/0/0/0/0,2,,블,Y,이론,N,"월10,11,12",경상학관(305),보기,타과생 수강불가,,,,3.0,
일반,,SEBM2104,2025201401,산업조사분석론-창업네트워킹,창업경영학과,Y,8288881,전선,3.0,야,01,N,절대,40,0,0,0,0,40,40,15,20235083,길석면,0/0/0/0/0/0/0,2,,,Y,이론,N,"수10,11,12",경상학관(305),보기,타과생 수강불가,,,,3.0,
일반,,SEBM2105,2025201402,창업마케팅,창업경영학과,Y,8288881,전선,3.0,야,01,N,절대,80,0,0,0,0,80,80,16,20171003,이성호,0/0/0/0/0/0/0,2,,온,Y,이론,N,"화10,11,12",경상학관(610),보기,타과생 수강불가,,,,3.0,
일반,,SEBM2107,2025201403,창업의사결정이해,창업경영학과,Y,8288881,전선,3.0,야,01,N,절대,40,0,0,0,0,40,40,11,20195128,송장근,0/0/0/0/0/0/0,2,,,Y,이론,N,"목10,11,12",경상학관(305),보기,타과생 수강불가,,,,3.0,
일반,,SEBM3102,2025201404,기술사업화,창업경영학과,Y,8288881,전선,3.0,야,01,N,절대,80,0,0,0,0,80,80,14,20121010,이원일,0/0/0/0/0/0/0,3,,온,Y,이론,N,"화13,14,15",경상학관(611),보기,타과생 수강불가,,,,3.0,
일반,,SEBM3103,2025201405,사업계획서 작성 심화,창업경영학과,Y,8288881,전선,3.0,야,01,N,절대,40,0,0,0,0,40,40,12,20235083,길석면,0/0/0/0/0/0/0,3,,,Y,이론,N,"목10,11,12",경상학관(611),보기,타과생 수강불가,,,,3.0,
일반,,SEBM3105,2025201406,생산의 이해,창업경영학과,Y,8288881,전선,3.0,야,01,N,절대,40,0,0,0,0,40,40,7,20195128,송장근,0/0/0/0/0/0/0,3,,,Y,이론,N,"금10,11,12",경상학관(611),보기,타과생 수강불가,,,,3.0,
일반,,SEBM3106,2025201407,창업인사관리,창업경영학과,Y,8288881,전선,3.0,야,01,N,절대,40,0,0,0,0,40,40,16,20061039,이준우,0/0/0/0/0/0/0,3,,,Y,이론,N,"수10,11,12",경상학관(610),보기,타과생 수강불가,,,,3.0,
일반,,SEBM3110,2025201408,투자론,창업경영학과,Y,8288881,전선,3.0,야,01,N,절대,40,0,0,0,0,40,40,15,20151015,백강,0/0/0/0/0/0/0,3,,블,Y,이론,N,"화10,11,12",경상학관(611),보기,타과생 수강불가,,,,3.0,
일반,,SEBM4203,2025201409,기업경영분석,창업경영학과,Y,8288881,심선,3.0,야,01,N,절대,80,0,0,0,0,80,80,7,20131005,박정민,0/0/0/0/0/0/0,4,,온,Y,이론,N,"화10,11,12",경상학관(305),보기,타과생 수강불가,,,,3.0,
일반,,SEBM4207,2025201410,창업경영실습(III),창업경영학과,Y,8288881,심선,3.0,야,01,N,절대,40,0,0,0,0,40,40,9,20205160,양영식,0/0/0/0/0/0/0,4,,,Y,이론,N,"월10,11,12",경상학관(406),보기,타과생 수강불가,,,,3.0,
일반,,SEBM4208,2025201411,창업경영실습(IV),창업경영학과,Y,8288881,심선,3.0,야,01,N,절대,80,0,0,0,0,80,80,12,20211213,서준석,0/0/0/0/0/0/0,4,,온,Y,이론,N,"수10,11,12",경상학관(611),보기,타과생 수강불가,,,,3.0,
일반,,SEBM4213,2025201412,창업응용프로젝트(II),창업경영학과,Y,8288881,심선,3.0,야,01,N,절대,80,0,0,0,0,80,80,27,20121010,이원일,0/0/0/0/0/0/0,4,,온,Y,이론,N,"목13,14,15",경상학관(611),보기,타과생 수강불가,,,,3.0,
일반,,ATRE0103,2025201380,경영통계,회계세무부동산학과,Y,8288881,전선,3.0,야,01,N,절대,40,40,0,0,0,0,0,30,19971001,임재학,0/0/0/0/0/0/0,1,,,Y,이론,N,"수10,11,12",경상학관(510),보기,타과생 수강불가,,,,3.0,기본전공
일반,,ATRE110002,2025201381,부동산학원론Ⅰ,회계세무부동산학과,Y,8288881,전선,3.0,야,01,N,절대,40,40,0,0,0,0,0,30,20254029,길중석,0/0/0/0/0/0/0,1,,,Y,이론,N,"화10,11,12",경상학관(510),보기,타과생 수강불가,,,,3.0,기본전공
일반,,ATRE110003,2025201382,세법개론,회계세무부동산학과,Y,8288881,전선,3.0,야,01,N,절대,40,40,0,0,0,0,0,31,20255044,이태규,0/0/0/0/0/0/0,1,,,Y,이론,N,"금10,11,12",경상학관(510),보기,타과생 및 타학년 수강불가,,,,3.0,기본전공
일반,,ATRE0108,2025201383,법인세법,회계세무부동산학과,Y,8288881,전선,3.0,야,01,N,절대,45,0,0,0,0,45,45,41,20195243,장광식,0/0/0/0/0/0/0,2,,,Y,이론,N,"수10,11,12",경상학관(405),보기,타과생 수강불가,,,,3.0,기본전공
일반,,ATRE0210,2025201387,원가관리,회계세무부동산학과,Y,8288881,심선,3.0,야,01,N,절대,40,0,40,0,0,0,0,28,20231013,홍준용,0/0/0/0/0/0/0,2,,,Y,이론,N,"화10,11,12",경상학관(405),보기,타과생 수강불가,,,,3.0,
일반,,ATRE0117,2025201384,중급회계입문,회계세무부동산학과,Y,8288881,전선,3.0,야,01,N,절대,42,0,0,0,0,42,42,39,20205026,왕현선,0/0/0/0/0/0/0,2,,,Y,이론,N,"월10,11,12",경상학관(405),보기,타과생 수강불가,,,,3.0,기본전공
일반,,ATRE0119,2025201385,회계정보시스템,회계세무부동산학과,Y,8288881,전선,3.0,야,01,N,절대,40,0,40,0,0,0,0,39,20225080,김승회,0/0/0/0/0/0/0,2,,,Y,이론,N,"금10,11,12",경상학관(405),보기,타과생 수강불가,,,,3.0,
일반,,ATRE210001,2025201386,회계프로그램입문,회계세무부동산학과,Y,8288881,전선,3.0,야,01,N,절대,42,0,0,0,0,42,42,38,20195126,이하진,0/0/0/0/0/0/0,2,,,Y,이론,N,"목10,11,12",경상학관(405),보기,타과생 수강불가,,,,3.0,기본전공
일반,,ATRE0104,2025201388,고급회계,회계세무부동산학과,Y,8288881,전선,3.0,야,01,N,절대,42,0,0,0,0,42,42,40,19931011,박성환,0/0/0/0/0/0/0,3,,블,Y,이론,N,"수10,11,12",경상학관(511),보기,타과생 수강불가,,,,3.0,기본전공
일반,,ATRE0106,2025201389,국제경영학,회계세무부동산학과,Y,8288881,전선,3.0,야,01,N,절대,40,0,0,40,0,0,0,39,20031021,송우용,0/0/0/0/0/0/0,3,,,Y,이론,N,"목10,11,12",경상학관(511),보기,타과생 수강불가,,,,3.0,기본전공
일반,,ATRE0110,2025201390,부동산투자론,회계세무부동산학과,Y,8288881,전선,3.0,야,01,N,절대,40,0,0,40,0,0,0,7,20205079,김도훈,0/0/0/0/0/0/0,3,,,Y,이론,N,"수13,14,15",경상학관(511),보기,타과생 수강불가,,,,3.0,기본전공
일반,,ATRE0209,2025201391,상속세법 및 증여세법,회계세무부동산학과,Y,8288881,심선,3.0,야,01,N,절대,80,0,0,80,0,0,0,29,20211709,이동건,0/0/0/0/0/0/0,3,,온,Y,이론,N,"화10,11,12",경상학관(511),보기,타과생 수강불가,,,,3.0,
일반,,ATRE0216,2025201392,증권투자론,회계세무부동산학과,Y,8288881,심선,3.0,야,01,N,절대,40,0,0,40,0,0,0,30,20245076,오동석,0/0/0/0/0/0/0,3,,블,Y,이론,N,"금10,11,12",경상학관(511),보기,타과생 수강불가,,,,3.0,
일반,,ATRE0220,2025201393,회계감사,회계세무부동산학과,Y,8288881,심선,3.0,야,01,N,절대,40,0,0,40,0,0,0,21,"20255064,19931011","허세봉,박성환",0/0/0/0/0/0/0,3,,블,Y,이론,N,"월10,11,12",경상학관(511),보기,타과생 수강불가,,,,3.0,
일반,,ATRE0202,2025201395,관리회계사례,회계세무부동산학과,Y,8288881,심선,3.0,야,01,N,절대,40,0,0,0,40,0,0,7,20195156,이도희,0/0/0/0/0/0/0,4,,,Y,이론,N,"월10,11,12",경상학관(105),보기,타과생 수강불가,,,,3.0,
,,DSLA100275,2025202357,대학영어,회계세무부동산학과,Y,8288881,교선,3.0,야,01,N,절대,1,0,0,0,0,1,1,1,,,,4,,,Y,이론,N,,,,전적대학 학점인정 대상교과목,,,,0.0,
,,DSMJ100115,2025202355,생산관리,회계세무부동산학과,Y,8288881,일선,3.0,야,01,N,절대,1,0,0,0,0,1,1,1,,,,4,,,Y,이론,N,,,,전적대학 학점인정 대상교과목,,,,0.0,
일반,,ATRE0211,2025201398,은퇴설계,회계세무부동산학과,Y,8288881,심선,3.0,야,01,N,절대,40,0,0,0,40,0,0,15,20235084,김경록,0/0/0/0/0/0/0,4,,블,Y,이론,N,"금10,11,12",경상학관(105),보기,타과생 수강불가,,,,3.0,
,,DSLA100273,2025202353,인성교육1,회계세무부동산학과,Y,8288881,교선,1.0,야,01,N,절대,1,0,0,0,0,1,1,0,,,,4,,,Y,이론,N,,,,전적대학 학점인정 대상교과목,,,,0.0,
,,DSMJ100116,2025202356,조직행위론,회계세무부동산학과,Y,8288881,전선,3.0,야,01,N,절대,1,0,0,0,0,1,1,1,,,,4,,,Y,이론,N,,,,전적대학 학점인정 대상교과목,,,,0.0,
,,DSLA100274,2025202354,토익입문1,회계세무부동산학과,Y,8288881,교선,4.0,야,01,N,절대,1,0,0,0,0,1,1,0,,,,4,,,Y,이론,N,,,,전적대학 학점인정 대상교과목,,,,0.0,
일반,,ATRE0221,2025201399,회계윤리,회계세무부동산학과,Y,8288881,심선,3.0,야,01,N,절대,40,0,0,0,40,0,0,11,20195156,이도희,0/0/0/0/0/0/0,4,,,Y,이론,N,"목10,11,12",경상학관(105),보기,타과생 수강불가,,,,3.0,
다중전공,,SHLD3007,2025201344,스마트 휴먼라이프 디자인설계(캡스톤디자인),스마트 휴먼라이프 디자인,Y,"0428211308,1863",융필,3.0,주,01,N,절대,20,0,0,0,0,20,20,11,"20131003,20231022","안세윤,김도엽",0/0/0/0/0/0/0,3,,,Y,이론실습,N,"목11,12,목13,14","디자인관(309-3),디자인관(309-3)",보기,융합전공 교과목,,,,4.0,미선택
다중전공,,SHLD4003,2025201345,스마트 휴먼라이프 디자인 프로젝트 개발(캡스톤디자인),스마트 휴먼라이프 디자인,Y,"0428211308,1863",융필,3.0,주,01,N,절대,20,0,0,0,0,20,20,11,"19981007,20091019","박현주,노황우",0/0/0/0/0/0/0,4,,,Y,이론실습,N,"월11,12,월13,14","디자인관(309-3),디자인관(309-3)",보기,융합전공 교과목,,,,4.0,미선택
다중전공,,SFAC3009,2025200822,메카트로닉스기초2,스마트팩토리,Y,0428211224,융선,3.0,주,01,Y,절대,35,0,30,0,0,5,5,29,20181013,김재성,0/0/0/0/0/0/0,2,,,Y,이론실습,N,"목6,7,8,9",산업정보관(204),보기,,,,,4.0,미선택
다중전공,,SFAC3007,2025200820,디지털매뉴팩처링,스마트팩토리,Y,0428211224,융선,3.0,주,01,Y,절대,35,0,0,30,0,5,5,12,20181013,김재성,0/0/0/0/0/0/0,3,,,Y,이론실습,N,"수1,2,3,4",산업정보관(205),보기,,,,,4.0,미선택
다중전공,,SFAC3017,2025200821,스마트생산시스템,스마트팩토리,Y,0428211224,융선,3.0,주,01,Y,상대,40,0,0,30,0,10,10,29,20111010,신문수,0/0/0/0/0/0/0,3,,블,Y,이론,N,"목2,3,4",산업정보관(204),보기,,,,,3.0,미선택
다중전공,,SFAC3022,2025200819,스마트팩토리물류,스마트팩토리,Y,0428211224,융선,3.0,주,01,Y,상대,40,0,0,30,0,10,10,21,20151002,김기태,0/0/0/0/0/0/0,3,,블,Y,이론,N,"월6,7,8",산업정보관(201),보기,,,,,3.0,미선택
다중전공,,IUDT3001,2025200919,3D프린팅,디지털 트랜스포매이션,Y,8288865,융선,3.0,주,01,N,절대,23,12,5,3,3,0,0,14,"20191019,20191028","최균석,정주영",0/0/0/0/0/0/0,2,,,,이론실습,N,"화2,화3,4,5","건설공학관(116),건설공학관(116)",보기,,,,,4.0,미선택
다중전공,,IUDT2001,2025201726,기술창업과 디지털 경영,디지털 트랜스포매이션,Y,8288865,융필,3.0,주,01,N,절대,20,0,5,5,10,0,0,9,20181007,변영조,0/0/0/0/0/0/0,2,,,,이론,N,"월10,11,12",산학연협동관(415),보기,,,,,3.0,
다중전공,,META300002,2025201346,메타버스 콘텐츠 기획,메타버스 융합디자인,Y,"0428211308,1863",융선,3.0,주,01,N,절대,20,0,0,0,0,20,20,11,20255018,최우승,0/0/0/0/0/0/0,3,,,Y,이론실습,N,"월11,12,13,14",디자인관(308),보기,융합전공 교과목,,,,4.0,미선택
다중전공,,META400002,2025201347,메타버스 포트폴리오,메타버스 융합디자인,Y,"0428211308,1863",융선,3.0,주,01,N,절대,20,0,0,0,0,20,20,6,20255018,최우승,0/0/0/0/0/0/0,4,,,Y,이론실습,N,"월6,7,8,9",디자인관(308),보기,융합전공 교과목,,,,4.0,미선택
다중전공,,HUSS300008,2025201416,디지털 기술트렌드,ICT 융합기반 기획,Y,0428211966,연선,3.0,주,01,N,절대,80,0,0,0,0,80,80,80,20181006,최근호,0/0/0/0/0/0/0,3,,온,Y,이론,Y,"금2,3,4",경상학관(108),보기,,,,,3.0,미선택
다중전공,,HUSS300001,2025201414,사회 빅데이터 분석,ICT 융합기반 기획,Y,0428211966,연선,3.0,주,01,N,절대,80,0,0,0,0,80,80,60,20131007,권기석,0/0/0/0/0/0/0,3,,온,Y,이론,Y,"목6,7,8",디자인관(504),보기,,,,,3.0,미선택
다중전공,,HUSS300019,2025201418,초연결시대 사업전략,ICT 융합기반 기획,Y,0428211966,연선,3.0,주,01,N,절대,80,0,0,0,0,80,80,47,20121010,이원일,0/0/0/0/0/0/0,3,,온,Y,이론,Y,"월1,2,3",경상학관(108),보기,,,,,3.0,
다중전공,,HUSS200005,2025201417,사회적 기업과 조직이론,ICT 융합기반 기획,Y,0428211966,연선,3.0,주,01,N,절대,80,0,0,0,0,80,80,77,"20061039,20171003","이준우,이성호",0/0/0/0/0/0/0,4,,온,Y,이론,Y,"금10,11,12",경상학관(108),보기,,,,,3.0,미선택
ROTC,,MSSS2001,2025201114,군사학2(안전 및 조직관리 사례연구),학군단,Y,0428211924,일선,2.0,주,01,N,절대,30,0,0,25,5,0,0,14,20254018,정혜정,20/20/0/20/0/40/0,3,,,,이론,N,"화7,8,금2,3","학군단(307),학군단(307)",보기,,,,,4.0,미선택
ROTC,,MSSS4001,2025200344,군사학4(조직리더십 사례연구),학군단,Y,0428211924,일선,2.0,주,01,N,절대,25,0,0,0,25,0,0,19,20161622,최재도,20/10/30/20/0/20/0,4,,,,이론,N,"화7,8,금2,3","학군단(405),학군단(405)",보기,,,,,4.0,미선택
일반,,LAUU1001,2025202245,대전의 재발견,교무처,,8211024,일선,2.0,주,01,N,절대,80,20,20,20,20,0,0,78,20031003,김윤기,,1,,온,,이론,N,"수2,3",,,학교홈페이지에서 강의계획서 확인필수,,,,2.0,
일반,,LAUU1002,2025202246,인문학의 향기,교무처,,8211024,일선,2.0,주,01,N,절대,80,20,20,20,20,0,0,79,20031003,김윤기,,1,,온,,이론,N,"화2,3",,,학교홈페이지에서 강의계획서 확인필수,,,,2.0,
일반,,PROJ1001,2025201374,다학제간캡스톤디자인1,공학교육혁신센터,Y,0428211772,특선,3.0,주,01,N,절대,20,0,0,10,10,0,0,13,"19981007,20101002,20151009","박현주,최윤석,김승민",0/0/0/0/0/0/0,1,,,,실습,N,"화10,11,수10,11,수12,13","산업정보관(316),산업정보관(316),산업정보관(316)",보기,,,,,6.0,
일반,,PROJ1001,2025202199,다학제간캡스톤디자인1,공학교육혁신센터,Y,0428211772,특선,3.0,주,02,N,절대,10,0,0,6,4,0,0,10,"20131002,20131006,20201204","표성민,김민회,장한얼",0/0/0/0/0/0/0,1,,,,실습,N,"화10,11,수10,11,수12,13","그린에너지관(1003),산업정보관(615),경상학관(303)",보기,,,,,6.0,
일반,,PROJ2001,2025201376,다학제간캡스톤디자인2,공학교육혁신센터,Y,0428211772,특선,3.0,주,01,N,절대,40,10,10,10,10,0,0,8,"20201026,20231018","김태훈,현장훈",0/0/0/0/0/0/0,1,,,,실습,N,"월10,11,12,13,금10,11","자동화관(408),자동화관(408)",보기,,,,,6.0,
일반,,PROJ2001,2025202201,다학제간캡스톤디자인2,공학교육혁신센터,Y,0428211772,특선,3.0,주,03,N,절대,10,0,0,5,5,0,0,4,"20131002,20101002,20121011","표성민,최윤석,이재현",0/0/0/0/0/0/0,1,,,,실습,N,"월10,11,화10,11,수10,11","그린에너지관(1002),산업정보관(615),전기전자관(505)",보기,,,,,6.0,
일반,,PROJ2001,2025202202,다학제간캡스톤디자인2,공학교육혁신센터,Y,0428211772,특선,3.0,주,04,N,절대,20,0,0,20,0,0,0,8,"20071062,20201209,20041056","황경호,김동수,이충곤",0/0/0/0/0/0/0,1,,,,실습,N,"화12,13,수10,11,수12,13",자동화관(408),보기,,,,,6.0,
다중전공,,SPAC300005,2025202224,반도체소재설계,반도체 공정·분석,Y,0428211268,산선,3.0,주,01,N,절대,10,0,0,0,0,10,10,7,20221006,신기현,0/0/0/0/0/0/0,3,,,,이론,N,"화2,3,4",창의혁신관(308),보기,,,,,3.0,
다중전공,,SPAC400006,2025200181,반도체소자동작특성,반도체 공정·분석,Y,0428211245,산필,3.0,주,01,N,절대,13,0,0,0,13,0,0,10,20241003,고종범,0/0/0/0/0/0/0,4,,,,이론,N,"수1,2,3",소재관및공동실험실습관(601),보기,반도체 공정·분석 필수과묵,,,,3.0,
다중전공,,SPAC400006,2025200182,반도체소자동작특성,반도체 공정·분석,Y,0428211245,산필,3.0,주,02,N,절대,13,0,0,0,13,0,0,12,20241003,고종범,0/0/0/0/0/0/0,4,,,,이론,N,"수6,7,8",소재관및공동실험실습관(601),보기,반도체 공정·분석 필수과묵,,,,3.0,
다중전공,,SPAC400009,2025200178,유연반도체소재공학,반도체 공정·분석,Y,0428211245,산필,3.0,주,01,N,상대,40,0,0,0,40,0,0,25,20221007,신동욱,0/0/0/0/0/0/0,4,,,,이론,N,"목1,2,3",소재관및공동실험실습관(406),보기,반도체 공정·분석 필수과묵,,,,3.0,
다중전공,,EXHI300004,2025201348,전시인터랙션디자인 스튜디오2,전시인터랙션디자인,Y,"0428211308,1863",산선,3.0,주,01,N,절대,20,0,0,0,0,20,20,9,20211206,박진호,0/0/0/0/0/0/0,3,,,Y,이론실습,N,"월6,7,8,9",디자인관(406),보기,산학연계전공 교과목,,,,4.0,미선택
다중전공,,EXHI400002,2025201349,전시인터랙션디자인 졸업연구2,전시인터랙션디자인,Y,"0428211308,1863",산선,3.0,주,01,N,절대,20,0,0,0,0,20,20,8,20211206,박진호,0/0/0/0/0/0/0,4,,,Y,이론실습,N,"수2,3,4,5",디자인관(305),보기,산학연계전공 교과목,,,,4.0,미선택
다중전공,,LAWP300001,2025201149,민사법심화,법조전문인재,Y,0428211966,산선,3.0,주,01,N,절대,40,0,0,0,0,40,40,7,20235034,고경선,0/0/0/0/0/0/0,4,,,Y,이론,N,"목6,7,8",디자인관(502),보기,,,,,3.0,
다중전공,,LAWP300006,2025201150,형사법심화,법조전문인재,Y,0428211966,산선,3.0,주,01,N,절대,40,0,0,0,0,40,40,14,20254041,심재철,0/0/0/0/0/0/0,4,,,Y,이론,N,"월7,8,9",디자인관(502),보기,,,,,3.0,
일반,,SSER1001,2025200825,사회봉사,공과대학,Y,0428211805,일선,1.0,주,01,N,절대,999,0,0,0,0,999,999,32,20071029,박준식,0/0/0/0/0/0/0,1,,,,실습,N,,,보기,"이수기준: 기본교육 이수, 봉사실적 30시간, 소속 단과대학에 개설된 강좌에 수강신청 요망",,,,2.0,
일반,,SSER1001,2025200900,사회봉사,정보기술대학,Y,0428211805,일선,1.0,주,01,N,절대,999,0,0,0,0,999,999,9,20001005,김진수,0/0/0/0/0/0/0,1,,,,실습,N,,,보기,"이수기준: 기본교육 이수, 봉사실적 30시간, 소속 단과대학에 개설된 강좌에 수강신청 요망",,,,2.0,
일반,,SSER1001,2025200913,사회봉사,인문사회대학,,0428211805,일선,1.0,주,01,N,절대,999,0,0,0,0,999,999,23,20091016,김연만,0/0/0/0/0/0/0,1,,,,실습,N,,,보기,"이수기준: 기본교육 이수, 봉사실적 30시간, 소속 단과대학에 개설된 강좌에 수강신청 요망",,,,2.0,
일반,,SSER1001,2025200914,사회봉사,경상대학,,0428211805,일선,1.0,주,01,N,절대,999,0,0,0,0,999,999,19,19951010,남기곤,0/0/0/0/0/0/0,1,,,,실습,N,,,보기,"이수기준: 기본교육 이수, 봉사실적 30시간, 소속 단과대학에 개설된 강좌에 수강신청 요망",,,,2.0,
일반,,SSER1001,2025200916,사회봉사,융합자율대학,,0428211805,일선,1.0,주,01,N,절대,999,0,0,0,0,999,999,5,20021016,김남균,0/0/0/0/0/0/0,1,,,,실습,N,,,보기,"이수기준: 기본교육 이수, 봉사실적 30시간, 소속 단과대학에 개설된 강좌에 수강신청 요망",,,,2.0,
일반,,SSER1001,2025200911,사회봉사,건설환경디자인대학,,0428211805,일선,1.0,주,01,N,절대,999,0,0,0,0,999,999,14,20041003,박희성,0/0/0/0/0/0/0,1,,,,실습,N,,,보기,"이수기준: 기본교육 이수, 봉사실적 30시간, 소속 단과대학에 개설된 강좌에 수강신청 요망",,,,2.0,
,,OCMJ300134,2025202362,中國經濟(三上),국내외교류(중국어과),Y,1868,심선,2.0,주,01,N,절대,1,0,0,0,0,1,1,1,,,,3,,,,이론,N,,,,,,,,0.0,
,,OCMJ300009,2025202361,中國歷史1(三上),국내외교류(중국어과),Y,1868,심선,2.0,주,01,N,절대,1,0,0,0,0,1,1,1,,,,3,,,,이론,N,,,,,,,,0.0,
,,OCMJ300137,2025202364,當代北京人(三上),국내외교류(중국어과),Y,1868,심선,2.0,주,01,N,절대,1,0,0,0,0,1,1,1,,,,3,,,,이론,N,,,,,,,,0.0,
,,OCMJ300136,2025202363,考古與博物館(三上),국내외교류(중국어과),Y,1868,심선,2.0,주,01,N,절대,1,0,0,0,0,1,1,1,,,,3,,,,이론,N,,,,,,,,0.0,
,,OCMJ300135,2025202358,邏輯學(三上),국내외교류(중국어과),Y,1868,심선,2.0,주,01,N,절대,1,0,0,0,0,1,1,1,,,,3,,,,이론,N,,,,,,,,0.0,
,,OCMJ300133,2025202360,高級漢語聽說1(三上),국내외교류(중국어과),Y,1868,심선,2.0,주,01,N,절대,1,0,0,0,0,1,1,1,,,,3,,,,이론,N,,,,,,,,0.0,
,,OCMJ300132,2025202359,高級漢語讀寫1(三上),국내외교류(중국어과),Y,1868,심선,3.0,주,01,N,절대,1,0,0,0,0,1,1,1,,,,3,,,,이론,N,,,,,,,,0.0,
다중전공,,SPDC300014,2025202233,캡스톤디자인3,반도체공정소자융합,Y,0428288820,특융선,3.0,주,01,N,절대,10,0,0,0,0,10,10,9,20221006,신기현,0/0/0/0/0/0/0,4,,,Y,이론실습,N,"금1,2,3,4",소재관및공동실험실습관(306),보기,,,,,4.0,미선택
다중전공,,SPDC300014,2025202235,캡스톤디자인3,반도체공정소자융합,Y,0428288820,특융선,3.0,주,03,N,절대,10,0,0,0,0,10,10,8,20231004,이시원,0/0/0/0/0/0/0,4,,,Y,이론실습,N,"금1,2,3,4",소재관및공동실험실습관(405),보기,,,,,4.0,미선택
다중전공,,SPDC300014,2025202237,캡스톤디자인3,반도체공정소자융합,Y,0428288820,특융선,3.0,주,04,N,절대,20,0,0,0,0,20,20,15,20211711,전승배,0/0/0/0/0/0/0,4,,,Y,이론실습,N,"토5,6,7,8",전기전자관(401),보기,,,,,4.0,미선택
다중전공,,SPDC300014,2025202243,캡스톤디자인3,반도체공정소자융합,Y,0428288820,특융선,3.0,주,06,N,절대,10,0,0,0,0,10,10,5,20001004,이연승,0/0/0/0/0/0/0,4,,,Y,이론실습,N,"월10,11,수10,11","산업정보관(501),산업정보관(501)",보기,,,,,4.0,미선택
다중전공,,SPDC300014,2025202291,캡스톤디자인3,반도체공정소자융합,Y,0428288820,특융선,3.0,주,07,N,절대,10,0,0,0,0,10,10,5,20241003,고종범,0/0/0/0/0/0/0,4,,,Y,이론실습,N,"금1,2,3,4",소재관및공동실험실습관(605),보기,,,,,4.0,미선택
다중전공,,SCDC300004,2025202232,반도체융합특강,반도체회로설계융합,Y,0428288820,특융선,3.0,주,01,N,절대,999,0,0,0,0,999,999,175,20031005,유광기,0/0/0/0/0/0/0,4,,온,Y,이론,Y,"금10,11,12",,보기,,,,,3.0,미선택
다중전공,,SCDC300011,2025202236,캡스톤디자인3,반도체회로설계융합,Y,0428288820,특융선,3.0,주,01,N,절대,10,0,0,0,0,10,10,4,20101007,이동호,0/0/0/0/0/0/0,4,,,Y,실습,Y,"금1,2,3,4,토6,7","자동화관(506),자동화관(506)",보기,,,,,6.0,미선택
다중전공,,SCDC300011,2025202240,캡스톤디자인3,반도체회로설계융합,Y,0428288820,특융선,3.0,주,03,N,절대,10,0,0,0,0,10,10,5,20151011,이병희,0/0/0/0/0/0/0,4,,,Y,실습,N,"토5,6,7,8,9,10",자동화관(202),보기,,,,,6.0,미선택
다중전공,,SCDC300011,2025202242,캡스톤디자인3,반도체회로설계융합,Y,0428288820,특융선,3.0,주,05,N,절대,10,0,0,0,0,10,10,2,20031005,유광기,0/0/0/0/0/0/0,4,,,Y,실습,N,"토5,6,7,8,9,10",산업정보관(501),보기,,,,,6.0,미선택
다중전공,,BDCO400001,2025201250,빅데이터융합특론,빅데이터 융합,Y,0448638450,융선,3.0,주,01,N,절대,30,0,0,15,15,0,0,4,20211712,김은경,0/0/0/0/0/0/0,4,,,Y,이론,N,"월10,11,12",세종(임대형)캠퍼스(217),보기,,,,,3.0,미선택
다중전공,,ETCV200001,2025202053,학습분석의 이해,에듀테크,Y,8211359,융선,3.0,주,01,Y,절대,10,0,5,3,2,0,0,7,20171009,진성희,0/0/0/0/0/0/0,2,,,,이론,N,"화2,3,4",인문사회과학관(403),보기,,,,,3.0,미선택
교양,,NGEN1013,2025200990,4차 산업혁명의 핵심기술,노마드칼리지,Y,0428211976,교선,3.0,주,01,Y,상대,40,10,10,10,10,0,0,34,20254021,윤석일,10/10/50/10/10/10/0,1,,,,이론,N,"목2,3,4",경상학관(305),보기,,일반교양,기술과 창업,,3.0,
교양,,NBAS1001,2025201506,C 프로그래밍,노마드칼리지,Y,0428211360,교필,3.0,주,01,N,상대,40,37,1,1,1,0,0,39,20195006,김정환,0/10/60/30/0/0/0,1,,,Y,이론실습,N,"금1,2,3,4",도서관(505),보기,전기공학과 신입생반,기초교양,공통기초,Y,4.0,
교양,,NBAS1001,2025201507,C 프로그래밍,노마드칼리지,Y,0428211360,교필,3.0,주,02,N,상대,40,37,1,1,1,0,0,22,20195006,김정환,0/10/60/30/0/0/0,1,,,Y,이론실습,N,"금6,7,8,9",도서관(505),보기,전기공학과 신입생반,기초교양,공통기초,Y,4.0,
교양,,NBAS1001,2025201508,C 프로그래밍,노마드칼리지,Y,0428211360,교필,3.0,주,03,N,상대,40,37,1,1,1,0,0,35,20195108,신미예,0/10/60/30/0/0/0,1,,,Y,이론실습,N,"수1,2,3,4",도서관(504),보기,건설환경공학과 신입생반,기초교양,공통기초,Y,4.0,
교양,,NBAS1001,2025201509,C 프로그래밍,노마드칼리지,Y,0428211360,교필,3.0,주,04,N,상대,40,37,1,1,1,0,0,34,20195108,신미예,0/10/60/30/0/0/0,1,,,Y,이론실습,N,"수6,7,8,9",도서관(504),보기,건설환경공학과 신입생반,기초교양,공통기초,Y,4.0,
교양,,NBAS1001,2025201510,C 프로그래밍,노마드칼리지,Y,0428211360,교필,3.0,주,05,N,상대,40,40,0,0,0,0,0,20,20235058,김대응,10/20/20/30/0/20/0,1,,,,이론실습,N,"월1,2,3,4",도서관(503),보기,융합자율대학 신입생반/정정기간 승인없이 타과생 신청가능,기초교양,공통기초,Y,4.0,
교양,,NBAS1001,2025201511,C 프로그래밍,노마드칼리지,Y,0428211360,교필,3.0,주,06,N,상대,40,40,0,0,0,0,0,27,20235058,김대응,10/20/20/30/0/20/0,1,,,,이론실습,N,"월6,7,8,9",도서관(503),보기,융합자율대학 신입생반/정정기간 승인없이 타과생 신청가능,기초교양,공통기초,Y,4.0,
교양,,NBAS1003,2025201512,Python 프로그래밍,노마드칼리지,Y,0428211360,교필,3.0,주,01,N,상대,30,30,0,0,0,0,0,28,20031002,이택영,0/0/100/0/0/0/0,1,,,Y,이론실습,N,"금1,2,3,4",소재관및공동실험실습관(416),보기,신소재공학과 신입생반(타과 학생 신청시 불허처리됨),기초교양,공통기초,Y,4.0,
교양,,NBAS1003,2025201513,Python 프로그래밍,노마드칼리지,Y,0428211360,교필,3.0,주,02,N,상대,55,50,0,0,0,5,5,54,20241001,염재선,0/20/40/40/0/0/0,1,,,Y,이론실습,N,"목6,7,8,9",산업정보관(116),보기,산업경영공학과 신입생분반(타과 학생 신청시 불허처리됨),기초교양,공통기초,Y,4.0,
교양,,NBAS1003,2025201514,Python 프로그래밍,노마드칼리지,Y,0428211360,교필,3.0,주,03,N,상대,40,37,1,1,1,0,0,40,20195071,이태원,0/30/30/40/0/0/0,1,,,Y,이론실습,N,"수1,2,3,4",도서관(505),보기,기계공학과 신입생반,기초교양,공통기초,Y,4.0,
교양,,NBAS1003,2025201515,Python 프로그래밍,노마드칼리지,Y,0428211360,교필,3.0,주,04,N,상대,41,37,1,1,2,0,0,40,20195080,홍인숙,0/0/60/40/0/0/0,1,,,Y,이론실습,N,"목1,2,3,4",도서관(502),보기,기계공학과 신입생반,기초교양,공통기초,Y,4.0,
교양,,NBAS1003,2025201516,Python 프로그래밍,노마드칼리지,Y,0428211360,교필,3.0,주,05,N,상대,40,37,1,1,1,0,0,39,20235068,염희균,0/0/60/40/0/0/0,1,,,Y,이론실습,N,"목6,7,8,9",도서관(502),보기,융합경영학과 신입생반,기초교양,공통기초,Y,4.0,
교양,,NBAS1003,2025201517,Python 프로그래밍,노마드칼리지,Y,0428211360,교필,3.0,주,06,N,상대,40,37,1,1,1,0,0,40,20195080,홍인숙,0/0/60/40/0/0/0,1,,,Y,이론실습,N,"목6,7,8,9",도서관(503),보기,회계학과 신입생반,기초교양,공통기초,Y,4.0,
교양,,NBAS1003,2025201518,Python 프로그래밍,노마드칼리지,Y,0428211360,교필,3.0,주,07,N,상대,40,37,1,1,1,0,0,40,20235069,원영선,0/20/40/40/0/0/0,1,,,Y,이론실습,N,"화6,7,8,9",도서관(502),보기,신소재공학과 신입생반,기초교양,공통기초,Y,4.0,
교양,,NBAS1003,2025201519,Python 프로그래밍,노마드칼리지,Y,0428211360,교필,3.0,주,08,N,상대,40,37,1,1,1,0,0,40,20235069,원영선,0/20/40/40/0/0/0,1,,,Y,이론실습,N,"화1,2,3,4",도서관(502),보기,경제학과 신입생반,기초교양,공통기초,Y,4.0,
교양,,NBAS1003,2025201520,Python 프로그래밍,노마드칼리지,Y,0428211360,교필,3.0,주,09,N,상대,40,37,1,1,1,0,0,40,20195209,전향순,0/0/60/40/0/0/0,1,,,Y,이론실습,N,"월1,2,3,4",도서관(504),보기,설비공학과 신입생반,기초교양,공통기초,Y,4.0,
교양,,NBAS1003,2025201521,Python 프로그래밍,노마드칼리지,Y,0428211360,교필,3.0,주,10,N,상대,40,40,0,0,0,0,0,39,20195209,전향순,0/0/60/40/0/0/0,1,,,Y,이론실습,N,"월6,7,8,9",도서관(504),보기,융합자율대학 신입생반,기초교양,공통기초,Y,4.0,
교양,,NBAS1003,2025201522,Python 프로그래밍,노마드칼리지,Y,0428211360,교필,3.0,주,11,N,상대,40,40,0,0,0,0,0,40,20195081,노창배,0/0/50/50/0/0/0,1,,,Y,이론실습,N,"목1,2,3,4",도서관(503),보기,융합자율대학 신입생반,기초교양,공통기초,Y,4.0,
교양,,NBAS1003,2025201523,Python 프로그래밍,노마드칼리지,Y,0428211360,교필,3.0,주,12,N,상대,40,40,0,0,0,0,0,40,20195081,노창배,0/0/50/50/0/0/0,1,,,Y,이론실습,N,"목6,7,8,9",도서관(504),보기,융합자율대학 신입생반,기초교양,공통기초,Y,4.0,
교양,,NGLI1001,2025200001,SF로 보는 미래,노마드칼리지,Y,8211359,교선,3.0,주,01,Y,상대,40,10,10,10,10,0,0,38,20111012,김주리,20/50/0/20/0/10/0,1,,,,이론,N,"수2,3,4",인문사회과학관(401),보기,,일반교양,문학과 예술,,3.0,
교양,,NBAS1004,2025201524,Scratch 프로그래밍,노마드칼리지,Y,0428211360,교필,3.0,주,01,N,상대,40,34,2,2,2,0,0,39,20225064,이은주,0/0/60/40/0/0/0,1,,,Y,이론실습,N,"월6,7,8,9",도서관(502),보기,시각영상디자인학과 학생 우선 수강신청,기초교양,공통기초,Y,4.0,
교양,,NBAS1004,2025201525,Scratch 프로그래밍,노마드칼리지,Y,0428211360,교필,3.0,주,02,N,상대,40,34,2,2,2,0,0,39,20225064,이은주,0/0/60/40/0/0/0,1,,,Y,이론실습,N,"수6,7,8,9",도서관(503),보기,시각영상디자인학과 학생 우선 수강신청,기초교양,공통기초,Y,4.0,
교양,,NBAS1004,2025201526,Scratch 프로그래밍,노마드칼리지,Y,0428211360,교필,3.0,주,03,N,상대,40,37,1,1,1,0,0,35,20205094,이봉하,0/20/30/50/0/0/0,1,,,Y,이론실습,N,"수1,2,3,4",도서관(502),보기,건설환경공학과 신입생 교과목,기초교양,공통기초,Y,4.0,
교양,,NBAS1004,2025201527,Scratch 프로그래밍,노마드칼리지,Y,0428211360,교필,3.0,주,04,N,상대,40,37,1,1,1,0,0,29,20205094,이봉하,0/20/30/50/0/0/0,1,,,Y,이론실습,N,"수6,7,8,9",도서관(502),보기,건설환경공학과 신입생 교과목,기초교양,공통기초,Y,4.0,
교양,,NCFR1001,2025200991,경제와 사회,노마드칼리지,Y,0428211976,교선,3.0,주,01,Y,상대,40,34,2,2,2,0,0,38,20195048,홍영준,20/20/20/20/20/0/0,1,,,Y,이론,N,"화2,3,4",창의혁신관(317),보기,경제학과 수강 불가,핵심교양,도전과 미래,,3.0,
교양,,NCFR1001,2025200992,경제와 사회,노마드칼리지,Y,0428211976,교선,3.0,주,02,Y,상대,40,34,2,2,2,0,0,38,20195048,홍영준,20/20/20/20/20/0/0,1,,,Y,이론,N,"화6,7,8",창의혁신관(317),보기,경제학과 수강 불가,핵심교양,도전과 미래,,3.0,
교양,,NCFR1001,2025200993,경제와 사회,노마드칼리지,Y,0428211976,교선,3.0,주,03,Y,상대,40,34,2,2,2,0,0,40,20195114,장지선,20/35/10/15/10/10/0,1,,,Y,이론,N,"목2,3,4",창의혁신관(316),보기,경제학과 수강 불가,핵심교양,도전과 미래,,3.0,
교양,,NCFR1001,2025200994,경제와 사회,노마드칼리지,Y,0428211976,교선,3.0,주,04,Y,상대,40,34,2,2,2,0,0,38,20195114,장지선,20/35/10/15/10/10/0,1,,,Y,이론,N,"목6,7,8",창의혁신관(316),보기,경제학과 수강 불가,핵심교양,도전과 미래,,3.0,
교양,,NCFR1001,2025200995,경제와 사회,노마드칼리지,Y,0428211976,교선,3.0,주,05,Y,상대,40,34,2,2,2,0,0,37,20205099,육소영,10/10/10/30/30/10/0,1,,,Y,이론,N,"금2,3,4",창의혁신관(316),보기,경제학과 수강 불가,핵심교양,도전과 미래,,3.0,
교양,,NCFR1001,2025200996,경제와 사회,노마드칼리지,Y,0428211976,교선,3.0,주,06,Y,상대,40,34,2,2,2,0,0,38,20205099,육소영,10/10/10/30/30/10/0,1,,,Y,이론,N,"금6,7,8",창의혁신관(316),보기,경제학과 수강 불가,핵심교양,도전과 미래,,3.0,
교양,,NSPH1002,2025201528,고급물리학 및 실험Ⅱ,노마드칼리지,Y,0428211360,교선,3.0,주,01,N,절대,32,24,4,2,2,0,0,14,20131010,강동열,10/10/40/40/0/0/0,1,,,Y,이론실습,N,"목10,11,12,13",그린에너지관(713),보기,수준별 수업,공학기초,물리,Y,4.0,
교양,,NSMA1002,2025201529,고급미분적분학Ⅱ,노마드칼리지,Y,0428211360,교선,3.0,주,01,N,절대,40,37,1,1,1,0,0,9,20141007,신재민,0/0/50/50/0/0/0,1,,,Y,이론,N,"월10,11,12",그린에너지관(713),보기,고급미분적분학1을 이수한 학생 또는 미분적분학1에서 B학점 이상을 취득한 학생만 수강 가능,공학기초,수학,Y,3.0,
교양,,NGLI1002,2025200002,고전읽기,노마드칼리지,Y,8211359,교선,3.0,주,01,Y,상대,40,10,10,10,10,0,0,39,20235064,박소영,10/50/20/20/0/0/0,1,,,,이론,N,"월2,3,4",인문사회과학관(305),보기,,일반교양,문학과 예술,,3.0,
교양,,NGSC1001,2025200997,공간과학,노마드칼리지,Y,0428211976,교선,3.0,주,01,Y,상대,40,10,10,10,10,0,0,39,19951003,이상호,20/20/20/20/0/20/0,1,,,Y,이론,N,"목2,3,4",건설공학관(504),보기,도시공학과 수강 불가,일반교양,자연과 과학,,3.0,
교양,,NGSC1001,2025200998,공간과학,노마드칼리지,Y,0428211976,교선,3.0,주,02,Y,상대,40,10,10,10,10,0,0,39,19951003,이상호,20/20/20/20/0/20/0,1,,,Y,이론,N,"목6,7,8",건설공학관(504),보기,도시공학과 수강 불가,일반교양,자연과 과학,,3.0,
교양,,NBAS1008,2025200003,공학 글쓰기,노마드칼리지,Y,8211359,교필,2.0,주,01,Y,상대,30,0,10,10,10,0,0,30,20235014,송혜란,10/30/20/20/10/10/0,1,,,,이론,N,"화2,3",인문사회과학관(303),보기,,기초교양,공통기초,Y,2.0,
교양,,NGHI100018,2025200745,과학기술과 사회,노마드칼리지,Y,8211359,교선,3.0,주,01,Y,상대,40,10,10,10,10,0,0,39,20211208,유상운,20/20/10/10/20/20/0,1,,블,,이론,N,"월6,7,8",인문사회과학관(403),보기,,일반교양,역사와 사회,,3.0,
교양,,NGEN1010,2025200999,과학기술과 지식재산,노마드칼리지,Y,0428211976,교선,3.0,주,01,Y,상대,40,10,10,10,10,0,0,40,20151014,김창화,10/10/20/20/10/10/0,1,,블,Y,이론,N,"화2,3,4",디자인관(502),보기,공공행정공학과 수강 불가,일반교양,기술과 창업,,3.0,
교양,,NGEN1010,2025201000,과학기술과 지식재산,노마드칼리지,Y,0428211976,교선,3.0,주,02,Y,상대,40,10,10,10,10,0,0,40,20151014,김창화,10/10/20/20/10/10/0,1,,블,Y,이론,N,"화6,7,8",디자인관(502),보기,공공행정공학과 수강 불가,일반교양,기술과 창업,,3.0,
교양,,NGPH1001,2025200722,과학기술과 철학의 하이브리드,노마드칼리지,Y,8211359,교선,3.0,주,01,Y,상대,40,10,10,10,10,0,0,40,20245078,이병호,20/30/0/30/10/10/0,1,,,,이론,N,"월2,3,4",인문사회과학관(401),보기,,일반교양,철학과 심리,,3.0,
교양,,NGPH1001,2025201248,과학기술과 철학의 하이브리드,노마드칼리지,Y,8211359,교선,3.0,주,02,Y,상대,40,10,10,10,10,0,0,39,20245078,이병호,20/30/0/30/10/10/0,1,,,,이론,N,"월6,7,8",인문사회과학관(305),보기,,일반교양,철학과 심리,,3.0,
교양,,NCCR1001,2025200522,과학기술사,노마드칼리지,Y,8211359,교선,3.0,주,01,Y,상대,40,34,2,2,2,0,0,40,20225065,오철우,30/20/0/15/20/15/0,1,,,,이론,N,"화2,3,4",인문사회과학관(401),보기,,핵심교양,분석과 판단,,3.0,
교양,,NCCR1001,2025200523,과학기술사,노마드칼리지,Y,8211359,교선,3.0,주,02,Y,상대,40,34,2,2,2,0,0,38,20225065,오철우,30/20/0/15/20/15/0,1,,,,이론,N,"화6,7,8",인문사회과학관(403),보기,,핵심교양,분석과 판단,,3.0,
교양,,NCCR1001,2025200524,과학기술사,노마드칼리지,Y,8211359,교선,3.0,주,03,Y,상대,40,34,2,2,2,0,0,40,20211208,유상운,20/20/0/15/30/15/0,1,,,,이론,N,"목2,3,4",인문사회과학관(404),보기,,핵심교양,분석과 판단,,3.0,
교양,,NCCR1001,2025200525,과학기술사,노마드칼리지,Y,8211359,교선,3.0,주,04,Y,상대,40,34,2,2,2,0,0,37,20211208,유상운,20/20/0/15/30/15/0,1,,,,이론,N,"목6,7,8",인문사회과학관(404),보기,,핵심교양,분석과 판단,,3.0,
교양,,NCCR1001,2025200526,과학기술사,노마드칼리지,Y,8211359,교선,3.0,주,05,Y,상대,40,34,2,2,2,0,0,37,20225086,변학문,15/15/15/15/25/15/0,1,,,,이론,N,"금2,3,4",경상학관(201),보기,,핵심교양,분석과 판단,,3.0,
교양,,NCCR1001,2025200527,과학기술사,노마드칼리지,Y,8211359,교선,3.0,주,06,Y,상대,40,34,2,2,2,0,0,39,20225086,변학문,15/15/15/15/25/15/0,1,,,,이론,N,"금6,7,8",경상학관(201),보기,,핵심교양,분석과 판단,,3.0,
교양,,NGGL1001,2025200007,교양한문,노마드칼리지,Y,8211359,교선,3.0,주,01,Y,상대,40,10,10,10,10,0,0,38,20245065,이해진,20/30/20/10/10/10/0,1,,,,이론,N,"목2,3,4",경상학관(301),보기,,일반교양,언어,,3.0,
교양,,NGHI1001,2025201001,국가행정의 이해,노마드칼리지,Y,0428211976,교선,3.0,주,01,Y,상대,40,10,10,10,10,0,0,37,20195075,이아람,0/25/25/25/0/25/0,1,,,Y,이론,N,"월6,7,8",건설공학관(103),보기,공공행정공학과 수강 불가,일반교양,역사와 사회,,3.0,
교양,,NGEN1009,2025201002,기업경영의 이해,노마드칼리지,Y,0428211976,교선,3.0,주,01,Y,절대,40,10,10,10,10,0,0,38,20181007,변영조,0/10/50/30/0/10/0,1,,,Y,이론,N,"월2,3,4",경상학관(305),보기,"융합경영학과, 회계세무학과 수강 불가",일반교양,기술과 창업,,3.0,
교양,,NGEN1009,2025201003,기업경영의 이해,노마드칼리지,Y,0428211976,교선,3.0,주,02,Y,절대,40,10,10,10,10,0,0,39,20181007,변영조,0/10/50/30/0/10/0,1,,,Y,이론,N,"월6,7,8",경상학관(305),보기,"융합경영학과, 회계세무학과 수강 불가",일반교양,기술과 창업,,3.0,
교양,,NGSW1001,2025201530,기초 모바일 앱 프로그래밍,노마드칼리지,Y,0428211360,교선,3.0,주,01,Y,상대,40,10,10,10,10,0,0,38,20195240,박정민,10/20/20/30/10/10/0,1,,,Y,이론실습,N,"수1,2,3,4",도서관(503),보기,"모바일융합공학과, 인공지능소프트웨어학과, 컴퓨터공학과, 정보통신공학과, 지능미디어학과 수강 불가",일반교양,소프트웨어,Y,4.0,
교양,,NSPH1003,2025201796,기초물리학,노마드칼리지,Y,0428211360,교선,3.0,주,01,Y,상대,38,26,6,3,3,0,0,36,20161006,이장원,0/0/70/30/0/0/0,1,,,,이론,N,"월2,3,4",그린에너지관(712),보기,,공학기초,물리,Y,3.0,
교양,,NSPH1003,2025201797,기초물리학,노마드칼리지,Y,0428211360,교선,3.0,주,02,Y,상대,38,26,6,3,3,0,0,24,20205009,김대중,0/10/50/40/0/0/0,1,,,,이론,N,"월6,7,8",그린에너지관(608),보기,,공학기초,물리,Y,3.0,
교양,,NSPH1003,2025201798,기초물리학,노마드칼리지,Y,0428211360,교선,3.0,주,03,Y,상대,38,26,6,3,3,0,0,36,20161006,이장원,0/0/70/30/0/0/0,1,,,,이론,N,"화2,3,4",그린에너지관(101),보기,,공학기초,물리,Y,3.0,
교양,,NSMA1003,2025201531,기초미분적분학,노마드칼리지,Y,0428211360,교선,3.0,주,01,Y,상대,40,37,1,1,1,0,0,39,20031018,배수현,0/0/50/50/0/0/0,1,,,,이론,N,"화2,3,4",그린에너지관(712),보기,,공학기초,수학,Y,3.0,
교양,,NSMA1003,2025201532,기초미분적분학,노마드칼리지,Y,0428211360,교선,3.0,주,02,Y,상대,40,37,1,1,1,0,0,37,20031018,배수현,0/0/50/50/0/0/0,1,,,,이론,N,"수2,3,4",그린에너지관(712),보기,,공학기초,수학,Y,3.0,
교양,,NSMA1004,2025201533,기초통계학,노마드칼리지,Y,0428211360,교선,3.0,주,01,Y,상대,37,34,1,1,1,0,0,36,20235086,김소라,0/20/50/20/10/0/0,1,,,,이론,N,"월2,3,4",그린에너지관(610),보기,,공학기초,수학,Y,3.0,
교양,,NSMA1004,2025201534,기초통계학,노마드칼리지,Y,0428211360,교선,3.0,주,02,Y,상대,40,25,1,1,1,12,12,20,20225023,한미현,0/20/50/20/10/0/0,1,,,,이론,N,"월6,7,8",그린에너지관(606),보기,건축공학과학생 우선 수강 신청,공학기초,수학,Y,3.0,
교양,,NSMA1004,2025201535,기초통계학,노마드칼리지,Y,0428211360,교선,3.0,주,03,Y,상대,36,33,1,1,1,0,0,35,20235086,김소라,0/20/50/20/10/0/0,1,,,,이론,N,"화2,3,4",그린에너지관(606),보기,,공학기초,수학,Y,3.0,
교양,,NSMA1004,2025201536,기초통계학,노마드칼리지,Y,0428211360,교선,3.0,주,04,Y,상대,33,30,1,1,1,0,0,31,20235086,김소라,0/20/50/20/10/0/0,1,,,,이론,N,"화6,7,8",그린에너지관(606),보기,,공학기초,수학,Y,3.0,
교양,,NSMA1004,2025201537,기초통계학,노마드칼리지,Y,0428211360,교선,3.0,주,05,Y,상대,39,36,1,1,1,0,0,39,20225023,한미현,0/20/50/20/10/0/0,1,,,,이론,N,"수2,3,4",그린에너지관(610),보기,,공학기초,수학,Y,3.0,
교양,,NSMA1004,2025201538,기초통계학,노마드칼리지,Y,0428211360,교선,3.0,주,06,Y,상대,40,25,1,1,1,12,12,25,20195008,장유선,0/20/50/20/10/0/0,1,,,,이론,N,"수6,7,8",그린에너지관(610),보기,,공학기초,수학,Y,3.0,
교양,,NSMA1004,2025201539,기초통계학,노마드칼리지,Y,0428211360,교선,3.0,주,07,Y,상대,40,25,1,1,1,12,12,28,20195008,장유선,0/20/50/20/10/0/0,1,,,,이론,N,"목2,3,4",그린에너지관(610),보기,,공학기초,수학,Y,3.0,
교양,,NSMA1004,2025201540,기초통계학,노마드칼리지,Y,0428211360,교선,3.0,주,08,Y,상대,40,25,1,1,1,12,12,10,20195008,장유선,0/20/50/20/10/0/0,1,,,,이론,N,"목6,7,8",그린에너지관(610),보기,건축공학과학생 우선 수강 신청,공학기초,수학,Y,3.0,
교양,,NSMA1004,2025201541,기초통계학,노마드칼리지,Y,0428211360,교선,3.0,주,09,Y,상대,40,25,1,1,1,12,12,19,20225023,한미현,0/20/50/20/10/0/0,1,,,,이론,N,"금2,3,4",그린에너지관(610),보기,산업경영공학과학생 우선 수강 신청,공학기초,수학,Y,3.0,
교양,,NGPH1009,2025200731,나눔의 교육,노마드칼리지,Y,8211359,교선,3.0,주,01,Y,절대,20,5,7,8,0,0,0,17,"20171009,20171002,20151012,20171002,20151012","진성희,김지현,김태구,김지현,김태구",40/20/0/20/0/20/0,1,,,,이론,N,"목6,7,8",디자인관(309-3),보기,팀티칭교과목,일반교양,철학과 심리,,3.0,
교양,,NGPH1002,2025200726,논어와 현대사회,노마드칼리지,Y,8211359,교선,3.0,주,01,Y,상대,40,10,10,10,10,0,0,38,20195043,황인선,40/20/0/20/0/20/0,1,,,,이론,N,"목2,3,4",인문사회과학관(305),보기,,일반교양,철학과 심리,,3.0,
교양,,NGHI1002,2025201004,뉴미디어와 현대사회,노마드칼리지,Y,0428211976,교선,3.0,주,01,Y,상대,40,10,10,10,10,0,0,39,20225014,이준석,10/20/10/20/20/20/0,1,,,,이론,N,"목2,3,4",창의혁신관(413),보기,,일반교양,역사와 사회,,3.0,
교양,,NGHI1002,2025201005,뉴미디어와 현대사회,노마드칼리지,Y,0428211976,교선,3.0,주,02,Y,상대,40,10,10,10,10,0,0,28,20235039,김인숙,10/40/20/10/10/10/0,1,,,,이론,N,"금6,7,8",그린에너지관(604),보기,,일반교양,역사와 사회,,3.0,
교양,,NGHI1014,2025201885,다문화 사회,노마드칼리지,Y,0428211976,교선,3.0,주,01,Y,상대,40,10,10,10,10,0,0,28,20254040,신유진,40/35/0/0/15/10/0,1,,,,이론,N,"금6,7,8",경상학관(305),보기,,일반교양,역사와 사회,,3.0,
교양,,NBAS1005,2025200958,대학영어,노마드칼리지,Y,0428211976,교필,2.0,주,01,N,상대,30,27,1,1,1,0,0,30,20205150,조미행,10/30/10/10/30/10/0,1,,,,이론,N,"월3,4",창의혁신관(409),보기,,기초교양,공통기초,Y,2.0,
교양,,NBAS1005,2025200959,대학영어,노마드칼리지,Y,0428211976,교필,2.0,주,02,N,상대,30,27,1,1,1,0,0,29,20225083,박정화,10/30/10/10/30/10/0,1,,,,이론,N,"월3,4",창의혁신관(410),보기,,기초교양,공통기초,Y,2.0,
교양,,NBAS1005,2025200960,대학영어,노마드칼리지,Y,0428211976,교필,2.0,주,03,N,상대,30,27,1,1,1,0,0,29,20205124,강희연,10/30/10/10/30/10/0,1,,,,이론,N,"월6,7",창의혁신관(409),보기,,기초교양,공통기초,Y,2.0,
교양,,NBAS1005,2025200961,대학영어,노마드칼리지,Y,0428211976,교필,2.0,주,04,N,상대,30,27,1,1,1,0,0,30,20205124,강희연,10/30/10/10/30/10/0,1,,,,이론,N,"월8,9",창의혁신관(409),보기,,기초교양,공통기초,Y,2.0,
교양,,NBAS1005,2025200962,대학영어,노마드칼리지,Y,0428211976,교필,2.0,주,05,N,상대,30,27,1,1,1,0,0,29,20195012,여수연,10/30/10/10/30/10/0,1,,,,이론,N,"화1,2",창의혁신관(410),보기,,기초교양,공통기초,Y,2.0,
교양,,NBAS1005,2025200963,대학영어,노마드칼리지,Y,0428211976,교필,2.0,주,06,N,상대,30,27,1,1,1,0,0,30,20235060,김성현,10/30/10/10/30/10/0,1,,,,이론,N,"화3,4",창의혁신관(410),보기,,기초교양,공통기초,Y,2.0,
교양,,NBAS1005,2025200964,대학영어,노마드칼리지,Y,0428211976,교필,2.0,주,07,N,상대,30,27,1,1,1,0,0,30,20235060,김성현,10/30/10/10/30/10/0,1,,,,이론,N,"화6,7",창의혁신관(410),보기,,기초교양,공통기초,Y,2.0,
교양,,NBAS1005,2025200965,대학영어,노마드칼리지,Y,0428211976,교필,2.0,주,08,N,상대,30,27,1,1,1,0,0,30,20235046,강선자,10/30/10/10/30/10/0,1,,,,이론,N,"화6,7",창의혁신관(409),보기,,기초교양,공통기초,Y,2.0,
교양,,NBAS1005,2025200966,대학영어,노마드칼리지,Y,0428211976,교필,2.0,주,09,N,상대,30,27,1,1,1,0,0,29,20235046,강선자,10/30/10/10/30/10/0,1,,,,이론,N,"화8,9",창의혁신관(409),보기,,기초교양,공통기초,Y,2.0,
교양,,NBAS1005,2025200967,대학영어,노마드칼리지,Y,0428211976,교필,2.0,주,10,N,상대,30,27,1,1,1,0,0,30,20205025,이승희,10/30/10/10/30/10/0,1,,,,이론,N,"화8,9",창의혁신관(410),보기,,기초교양,공통기초,Y,2.0,
교양,,NBAS1005,2025200968,대학영어,노마드칼리지,Y,0428211976,교필,2.0,주,11,N,상대,30,27,1,1,1,0,0,30,20235027,정혜인,10/30/10/10/30/10/0,1,,,,이론,N,"수1,2",창의혁신관(409),보기,,기초교양,공통기초,Y,2.0,
교양,,NBAS1005,2025200969,대학영어,노마드칼리지,Y,0428211976,교필,2.0,주,12,N,상대,30,27,1,1,1,0,0,29,20235027,정혜인,10/30/10/10/30/10/0,1,,,,이론,N,"수3,4",창의혁신관(409),보기,,기초교양,공통기초,Y,2.0,
교양,,NBAS1005,2025200970,대학영어,노마드칼리지,Y,0428211976,교필,2.0,주,13,N,상대,30,27,1,1,1,0,0,30,20225083,박정화,10/30/10/10/30/10/0,1,,,,이론,N,"수3,4",창의혁신관(410),보기,,기초교양,공통기초,Y,2.0,
교양,,NBAS1005,2025200971,대학영어,노마드칼리지,Y,0428211976,교필,2.0,주,14,N,상대,30,27,1,1,1,0,0,30,20225083,박정화,10/30/10/10/30/10/0,1,,,,이론,N,"수6,7",창의혁신관(410),보기,,기초교양,공통기초,Y,2.0,
교양,,NBAS1005,2025200972,대학영어,노마드칼리지,Y,0428211976,교필,2.0,주,15,N,상대,30,27,1,1,1,0,0,30,20225052,최경미,10/30/10/10/30/10/0,1,,,,이론,N,"수6,7",창의혁신관(409),보기,,기초교양,공통기초,Y,2.0,
교양,,NBAS1005,2025200973,대학영어,노마드칼리지,Y,0428211976,교필,2.0,주,16,N,상대,30,27,1,1,1,0,0,30,20225052,최경미,10/30/10/10/30/10/0,1,,,,이론,N,"수8,9",창의혁신관(409),보기,,기초교양,공통기초,Y,2.0,
교양,,NBAS1005,2025200974,대학영어,노마드칼리지,Y,0428211976,교필,2.0,주,17,N,상대,30,27,1,1,1,0,0,29,20195123,김정애,10/30/10/10/30/10/0,1,,,,이론,N,"수8,9",창의혁신관(410),보기,,기초교양,공통기초,Y,2.0,
교양,,NBAS1005,2025200975,대학영어,노마드칼리지,Y,0428211976,교필,2.0,주,18,N,상대,30,27,1,1,1,0,0,30,20235027,정혜인,10/30/10/10/30/10/0,1,,,,이론,N,"목1,2",창의혁신관(409),보기,,기초교양,공통기초,Y,2.0,
교양,,NBAS1005,2025200976,대학영어,노마드칼리지,Y,0428211976,교필,2.0,주,19,N,상대,30,27,1,1,1,0,0,30,20235027,정혜인,10/30/10/10/30/10/0,1,,,,이론,N,"목3,4",창의혁신관(409),보기,,기초교양,공통기초,Y,2.0,
교양,,NBAS1005,2025200977,대학영어,노마드칼리지,Y,0428211976,교필,2.0,주,20,N,상대,30,27,1,1,1,0,0,30,20205150,조미행,10/30/10/10/30/10/0,1,,,,이론,N,"목6,7",창의혁신관(409),보기,,기초교양,공통기초,Y,2.0,
교양,,NBAS1005,2025200978,대학영어,노마드칼리지,Y,0428211976,교필,2.0,주,21,N,상대,30,27,1,1,1,0,0,29,20205150,조미행,10/30/10/10/30/10/0,1,,,,이론,N,"목8,9",창의혁신관(409),보기,,기초교양,공통기초,Y,2.0,
교양,,NBAS1005,2025200979,대학영어,노마드칼리지,Y,0428211976,교필,2.0,주,22,N,상대,30,27,1,1,1,0,0,30,20195118,전주현,10/30/10/10/30/10/0,1,,,,이론,N,"목6,7",창의혁신관(410),보기,,기초교양,공통기초,Y,2.0,
교양,,NBAS1005,2025200980,대학영어,노마드칼리지,Y,0428211976,교필,2.0,주,23,N,상대,30,27,1,1,1,0,0,29,20195118,전주현,10/30/10/10/30/10/0,1,,,,이론,N,"목8,9",창의혁신관(410),보기,,기초교양,공통기초,Y,2.0,
교양,,NBAS1005,2025200981,대학영어,노마드칼리지,Y,0428211976,교필,2.0,주,24,N,상대,30,27,1,1,1,0,0,29,20195118,전주현,10/30/10/10/30/10/0,1,,,,이론,N,"금1,2",창의혁신관(410),보기,,기초교양,공통기초,Y,2.0,
교양,,NBAS1005,2025200982,대학영어,노마드칼리지,Y,0428211976,교필,2.0,주,25,N,상대,30,27,1,1,1,0,0,28,20205025,이승희,10/30/10/10/30/10/0,1,,,,이론,N,"금1,2",창의혁신관(409),보기,,기초교양,공통기초,Y,2.0,
교양,,NBAS1005,2025200983,대학영어,노마드칼리지,Y,0428211976,교필,2.0,주,26,N,상대,30,27,1,1,1,0,0,29,20205025,이승희,10/30/10/10/30/10/0,1,,,,이론,N,"금3,4",창의혁신관(409),보기,,기초교양,공통기초,Y,2.0,
교양,,NBAS1005,2025200984,대학영어,노마드칼리지,Y,0428211976,교필,2.0,주,27,N,상대,30,27,1,1,1,0,0,28,20195012,여수연,10/30/10/10/30/10/0,1,,,,이론,N,"금3,4",창의혁신관(410),보기,,기초교양,공통기초,Y,2.0,
교양,,NBAS1005,2025200985,대학영어,노마드칼리지,Y,0428211976,교필,2.0,주,28,N,상대,30,27,1,1,1,0,0,30,20195123,김정애,10/30/10/10/30/10/0,1,,,,이론,N,"금6,7",창의혁신관(410),보기,,기초교양,공통기초,Y,2.0,
교양,,NBAS1005,2025200986,대학영어,노마드칼리지,Y,0428211976,교필,2.0,주,29,N,상대,30,27,1,1,1,0,0,27,20195123,김정애,10/30/10/10/30/10/0,1,,,,이론,N,"금8,9",창의혁신관(410),보기,,기초교양,공통기초,Y,2.0,
교양,,NBAS1005,2025200987,대학영어,노마드칼리지,Y,0428211976,교필,2.0,주,30,N,상대,30,27,1,1,1,0,0,29,20195012,여수연,10/30/10/10/30/10/0,1,,,,이론,N,"금6,7",창의혁신관(409),보기,,기초교양,공통기초,Y,2.0,
교양,,NBAS1005,2025200988,대학영어,노마드칼리지,Y,0428211976,교필,2.0,주,31,N,상대,30,0,10,10,10,0,0,24,20195012,여수연,10/30/10/10/30/10/0,1,,,,이론,N,"금8,9",창의혁신관(409),보기,"2,3,4,5학년만 수강가능",기초교양,공통기초,Y,2.0,
교양,,NBAS1005,2025200989,대학영어,노마드칼리지,Y,0448638450,교필,2.0,주,32,N,상대,30,27,1,1,1,0,0,19,20205025,이승희,10/30/10/10/30/10/0,1,,,Y,이론,N,"목8,9",세종(임대형)캠퍼스(217),보기,"세종캠퍼스 대면강의, 인공지능소프트웨어학과 우선 수강신청 후 타과생 수강 가능",기초교양,공통기초,Y,2.0,
교양,,NSMA3001,2025201542,데이터 모델링,노마드칼리지,Y,0428211360,교선,3.0,주,01,Y,절대,40,5,15,15,5,0,0,34,20191015,오진호,0/20/50/20/10/0/0,1,,,,이론,N,"수6,7,8",창의혁신관(315),보기,,공학기초,수학,Y,3.0,
교양,,NGSW1002,2025201543,데이터로 표현하는 세상,노마드칼리지,Y,0428211360,교선,3.0,주,01,Y,상대,40,10,10,10,10,0,0,32,20205143,이봉근,0/10/60/30/0/0/0,1,,,Y,이론실습,N,"화1,2,3,4",도서관(503),보기,"모바일융합공학과, 인공지능소프트웨어학과, 컴퓨터공학과, 정보통신공학과, 지능미디어학과 수강 불가",일반교양,소프트웨어,Y,4.0,
교양,,NGSW1002,2025201945,데이터로 표현하는 세상,노마드칼리지,Y,0428211360,교선,3.0,주,02,Y,상대,40,10,10,10,10,0,0,37,20205143,이봉근,0/10/60/30/0/0/0,1,,,Y,이론실습,N,"화6,7,8,9",도서관(503),보기,"모바일융합공학과, 인공지능소프트웨어학과, 컴퓨터공학과, 정보통신공학과, 지능미디어학과 수강 불가",일반교양,소프트웨어,Y,4.0,
교양,,NGHI1003,2025200738,동북아시아사,노마드칼리지,Y,8211359,교선,3.0,주,01,Y,상대,40,10,10,10,10,0,0,40,20225045,윤정환,30/20/0/10/30/10/0,1,,,,이론,N,"화2,3,4",경상학관(201),보기,,일반교양,역사와 사회,,3.0,
교양,,NGHI1003,2025201289,동북아시아사,노마드칼리지,Y,8211359,교선,3.0,주,02,Y,상대,40,10,10,10,10,0,0,40,20225045,윤정환,30/20/0/10/30/10/0,1,,,,이론,N,"화6,7,8",경상학관(301),보기,,일반교양,역사와 사회,,3.0,
교양,,NGHI1015,2025200747,동서문명의 교류,노마드칼리지,Y,8211359,교선,3.0,주,01,Y,상대,40,10,10,10,10,0,0,40,20254049,정세권,30/20/0/10/40/0/0,1,,,,이론,N,"목6,7,8",인문사회과학관(505),보기,,일반교양,역사와 사회,,3.0,
교양,,NGLI1003,2025201006,디자인과 생활,노마드칼리지,Y,0428211976,교선,2.0,주,01,Y,상대,40,10,10,10,10,0,0,37,20255046,정안철,10/10/35/35/10/0/0,1,,,Y,이론,N,"수2,3",창의혁신관(413),보기,"산업디자인학과, 시각영상디자인학과 수강 불가",일반교양,문학과 예술,,2.0,
교양,,NGLI1004,2025200010,문학의 이해,노마드칼리지,Y,8211359,교선,3.0,주,01,Y,상대,40,10,10,10,10,0,0,39,20195002,오영록,20/40/0/40/0/0/0,1,,,,이론,N,"화2,3,4",인문사회과학관(201),보기,,일반교양,문학과 예술,,3.0,
교양,,NGEN1007,2025201007,문화콘텐츠비즈니스,노마드칼리지,Y,0428211976,교선,3.0,주,01,Y,상대,40,10,10,10,10,0,0,35,20215045,김미리,20/20/20/0/20/20/0,1,,,,이론,N,"금2,3,4",창의혁신관(413),보기,,일반교양,기술과 창업,,3.0,
교양,,NCCH1002,2025200005,문화콘텐츠스토리텔링,노마드칼리지,Y,8211359,교선,3.0,주,01,Y,상대,40,34,2,2,2,0,0,38,20225087,안아름,20/40/20/20/0/0/0,1,,,,이론,N,"월2,3,4",경상학관(201),보기,,핵심교양,소통과 인성,,3.0,
교양,,NCCH1002,2025200008,문화콘텐츠스토리텔링,노마드칼리지,Y,8211359,교선,3.0,주,02,Y,상대,40,34,2,2,2,0,0,38,20225087,안아름,20/40/20/20/0/0/0,1,,,,이론,N,"월6,7,8",경상학관(201),보기,,핵심교양,소통과 인성,,3.0,
교양,,NCCH1002,2025200011,문화콘텐츠스토리텔링,노마드칼리지,Y,8211359,교선,3.0,주,03,Y,상대,41,34,3,2,2,0,0,40,20211209,윤인선,20/20/20/30/0/0/0,1,,,,이론,N,"화2,3,4",인문사회과학관(402),보기,,핵심교양,소통과 인성,,3.0,
교양,,NCCH1002,2025200015,문화콘텐츠스토리텔링,노마드칼리지,Y,8211359,교선,3.0,주,04,Y,상대,41,34,3,2,2,0,0,40,20111012,김주리,20/40/10/30/0/0/0,1,,,,이론,N,"화6,7,8",인문사회과학관(401),보기,,핵심교양,소통과 인성,,3.0,
교양,,NCCH1002,2025200016,문화콘텐츠스토리텔링,노마드칼리지,Y,8211359,교선,3.0,주,05,Y,상대,40,34,2,2,2,0,0,40,20111012,김주리,20/40/10/30/0/0/0,1,,,,이론,N,"목2,3,4",인문사회과학관(401),보기,,핵심교양,소통과 인성,,3.0,
교양,,NCCH1002,2025200017,문화콘텐츠스토리텔링,노마드칼리지,Y,8211359,교선,3.0,주,06,Y,상대,40,34,2,2,2,0,0,40,20211209,윤인선,20/20/20/30/0/0/0,1,,,,이론,N,"목6,7,8",인문사회과학관(403),보기,,핵심교양,소통과 인성,,3.0,
교양,,NSPH1004,2025202205,물리학 및 실험Ⅰ,노마드칼리지,Y,0428211360,교선,3.0,주,01,Y,상대,32,24,4,2,2,0,0,32,20205009,김대중,0/10/50/40/0/0/0,1,,,Y,이론실습,N,"월1,2,3,4",그린에너지관(605),보기,기초물리학을 이수한 학생 또는 재수강학생만 수강 가능,공학기초,물리,Y,4.0,
교양,,NSPH1004,2025202206,물리학 및 실험Ⅰ,노마드칼리지,Y,0428211360,교선,3.0,주,02,Y,상대,32,24,4,2,2,0,0,31,20205016,김강배,0/10/50/40/0/0/0,1,,,Y,이론실습,N,"월6,7,8,9",그린에너지관(605),보기,기초물리학을 이수한 학생 또는 재수강학생만 수강 가능,공학기초,물리,Y,4.0,
교양,,NSPH1004,2025202207,물리학 및 실험Ⅰ,노마드칼리지,Y,0428211360,교선,3.0,주,03,Y,상대,32,24,4,2,2,0,0,32,20195032,김원섭,0/10/50/40/0/0/0,1,,,Y,이론실습,N,"화1,2,3,4",그린에너지관(605),보기,기초물리학을 이수한 학생 또는 재수강학생만 수강 가능,공학기초,물리,Y,4.0,
교양,,NSPH1004,2025202208,물리학 및 실험Ⅰ,노마드칼리지,Y,0428211360,교선,3.0,주,04,Y,상대,32,24,4,2,2,0,0,32,20181005,박지용,0/10/50/40/0/0/0,1,,,Y,이론실습,N,"화6,7,8,9",그린에너지관(609),보기,기초물리학을 이수한 학생 또는 재수강학생만 수강 가능,공학기초,물리,Y,4.0,
교양,,NSPH1004,2025202209,물리학 및 실험Ⅰ,노마드칼리지,Y,0428211360,교선,3.0,주,05,Y,상대,32,24,4,2,2,0,0,30,20205045,김석성,0/10/50/40/0/0/0,1,,,Y,이론실습,N,"수1,2,3,4",그린에너지관(605),보기,기초물리학을 이수한 학생 또는 재수강학생만 수강 가능,공학기초,물리,Y,4.0,
교양,,NSPH1004,2025202210,물리학 및 실험Ⅰ,노마드칼리지,Y,0428211360,교선,3.0,주,06,Y,상대,32,24,4,2,2,0,0,31,20205011,이현주,0/10/50/40/0/0/0,1,,,Y,이론실습,N,"수6,7,8,9",그린에너지관(605),보기,기초물리학을 이수한 학생 또는 재수강학생만 수강 가능,공학기초,물리,Y,4.0,
교양,,NSPH1004,2025202211,물리학 및 실험Ⅰ,노마드칼리지,Y,0428211360,교선,3.0,주,07,Y,상대,32,24,4,2,2,0,0,31,20254030,김남화,0/10/50/40/0/0/0,1,,,Y,이론실습,N,"목1,2,3,4",그린에너지관(605),보기,기초물리학을 이수한 학생 또는 재수강학생만 수강 가능,공학기초,물리,Y,4.0,
교양,,NSPH1004,2025202212,물리학 및 실험Ⅰ,노마드칼리지,Y,0428211360,교선,3.0,주,08,Y,상대,32,24,4,2,2,0,0,30,20205045,김석성,0/10/50/40/0/0/0,1,,,Y,이론실습,N,"목6,7,8,9",그린에너지관(605),보기,기초물리학을 이수한 학생 또는 재수강학생만 수강 가능,공학기초,물리,Y,4.0,
교양,,NSPH1004,2025202213,물리학 및 실험Ⅰ,노마드칼리지,Y,0428211360,교선,3.0,주,09,Y,상대,32,24,4,2,2,0,0,31,20195077,박정일,0/10/50/40/0/0/0,1,,,Y,이론실습,N,"금1,2,3,4",그린에너지관(605),보기,기초물리학을 이수한 학생 또는 재수강학생만 수강 가능,공학기초,물리,Y,4.0,
교양,,NSPH1004,2025202214,물리학 및 실험Ⅰ,노마드칼리지,Y,0428211360,교선,3.0,주,10,Y,상대,32,24,4,2,2,0,0,31,20195016,임은지,0/10/50/40/0/0/0,1,,,Y,이론실습,N,"화6,7,8,9",그린에너지관(605),보기,기초물리학을 이수한 학생 또는 재수강학생만 수강 가능,공학기초,물리,Y,4.0,
교양,,NSPH1004,2025202215,물리학 및 실험Ⅰ,노마드칼리지,Y,0428211360,교선,3.0,주,11,Y,상대,32,24,4,2,2,0,0,32,20205051,김봉진,0/10/50/40/0/0/0,1,,,Y,이론실습,N,"목6,7,8,9",그린에너지관(606),보기,기초물리학을 이수한 학생 또는 재수강학생만 수강 가능,공학기초,물리,Y,4.0,
교양,,NSPH1005,2025202216,물리학 및 실험Ⅱ,노마드칼리지,Y,0428211360,교선,3.0,주,01,Y,상대,28,0,0,0,0,28,28,22,20205016,김강배,0/0/70/30/0/0/0,1,,,Y,이론실습,N,"월1,2,3,4",그린에너지관(606),보기,물리학 및 실험Ⅰ을 이수한 학생 또는 재수강학생만 수강 가능,공학기초,물리,Y,4.0,
교양,,NSPH1005,2025202217,물리학 및 실험Ⅱ,노마드칼리지,Y,0428211360,교선,3.0,주,02,Y,상대,28,0,0,0,0,28,28,23,20205051,김봉진,0/0/70/30/0/0/0,1,,,Y,이론실습,N,"월6,7,8,9",그린에너지관(610),보기,물리학 및 실험Ⅰ을 이수한 학생 또는 재수강학생만 수강 가능,공학기초,물리,Y,4.0,
교양,,NSPH1005,2025202218,물리학 및 실험Ⅱ,노마드칼리지,Y,0428211360,교선,3.0,주,03,Y,상대,32,24,4,2,2,0,0,32,20181005,박지용,0/10/50/40/0/0/0,1,,,Y,이론실습,N,"화1,2,3,4",그린에너지관(609),보기,물리학 및 실험Ⅰ을 이수한 학생 또는 재수강학생만 수강 가능,공학기초,물리,Y,4.0,
교양,,NSPH1005,2025202219,물리학 및 실험Ⅱ,노마드칼리지,Y,0428211360,교선,3.0,주,04,Y,상대,28,0,0,0,0,28,28,18,20131010,강동열,0/10/50/40/0/0/0,1,,,Y,이론실습,N,"화6,7,8,9",그린에너지관(608),보기,물리학 및 실험Ⅰ을 이수한 학생 또는 재수강학생만 수강 가능,공학기초,물리,Y,4.0,
교양,,NSPH1005,2025202220,물리학 및 실험Ⅱ,노마드칼리지,Y,0428211360,교선,3.0,주,05,Y,상대,30,22,4,2,2,0,0,30,20161006,이장원,0/0/70/30/0/0/0,1,,,Y,이론실습,N,"수1,2,3,4",그린에너지관(608),보기,물리학 및 실험Ⅰ을 이수한 학생 또는 재수강학생만 수강 가능,공학기초,물리,Y,4.0,
교양,,NSPH1005,2025202221,물리학 및 실험Ⅱ,노마드칼리지,Y,0428211360,교선,3.0,주,06,Y,상대,28,0,0,0,0,28,28,13,20131010,강동열,0/10/50/40/0/0/0,1,,,Y,이론실습,N,"수6,7,8,9",그린에너지관(713),보기,물리학 및 실험Ⅰ을 이수한 학생 또는 재수강학생만 수강 가능,공학기초,물리,Y,4.0,
교양,,NSPH1005,2025202223,물리학 및 실험Ⅱ,노마드칼리지,Y,0428211360,교선,3.0,주,08,Y,상대,30,22,4,2,2,0,0,30,20195033,최홍,0/10/30/50/0/10/0,1,,,Y,이론실습,N,"목6,7,8,9",그린에너지관(713),보기,물리학 및 실험Ⅰ을 이수한 학생 또는 재수강학생만 수강 가능,공학기초,물리,Y,4.0,
교양,,NGHI1004,2025201008,미국문화의 이해,노마드칼리지,Y,0428211976,교선,3.0,주,01,Y,상대,40,10,10,10,10,0,0,37,20195101,서경숙,20/20/0/20/40/0/0,1,,,Y,이론,N,"목2,3,4",창의혁신관(410),보기,영어영문학과 수강 불가,일반교양,역사와 사회,,3.0,
교양,,NSMA1005,2025201800,미분방정식,노마드칼리지,Y,0428211360,교선,3.0,주,01,Y,상대,40,37,1,1,1,0,0,33,20031018,배수현,0/0/50/50/0/0/0,1,,,,이론,N,"월6,7,8",그린에너지관(712),보기,전기공학과학생 우선 수강 신청,공학기초,수학,Y,3.0,
교양,,NSMA1005,2025201801,미분방정식,노마드칼리지,Y,0428211360,교선,3.0,주,02,Y,상대,40,37,1,1,1,0,0,25,20031018,배수현,0/0/50/50/0/0/0,1,,,,이론,N,"화6,7,8",그린에너지관(712),보기,,공학기초,수학,Y,3.0,
교양,,NSMA1006,2025201545,미분적분학Ⅰ,노마드칼리지,Y,0428211360,교선,3.0,주,01,Y,상대,40,37,1,1,1,0,0,39,20235010,박선미,0/0/50/50/0/0/0,1,,,Y,이론,N,"월2,3,4",그린에너지관(715),보기,기초미분적분학을 이수했거나 진단고사에서 미분적분학1을 배정받은 학생만 수강 가능,공학기초,수학,Y,3.0,
교양,,NSMA1006,2025201546,미분적분학Ⅰ,노마드칼리지,Y,0428211360,교선,3.0,주,02,Y,상대,40,37,1,1,1,0,0,40,20255027,서종현,0/0/50/50/0/0/0,1,,,Y,이론,N,"월6,7,8",그린에너지관(715),보기,기초미분적분학을 이수했거나 진단고사에서 미분적분학1을 배정받은 학생만 수강 가능,공학기초,수학,Y,3.0,
교양,,NSMA1006,2025201547,미분적분학Ⅰ,노마드칼리지,Y,0428211360,교선,3.0,주,03,Y,상대,40,37,1,1,1,0,0,39,20205031,조용성,0/0/50/50/0/0/0,1,,,Y,이론,N,"화2,3,4",그린에너지관(509),보기,기초미분적분학을 이수했거나 진단고사에서 미분적분학1을 배정받은 학생만 수강 가능,공학기초,수학,Y,3.0,
교양,,NSMA1006,2025201548,미분적분학Ⅰ,노마드칼리지,Y,0428211360,교선,3.0,주,04,Y,상대,40,37,1,1,1,0,0,39,20061041,김성환,0/0/50/50/0/0/0,1,,,Y,이론,N,"화6,7,8",그린에너지관(715),보기,기초미분적분학을 이수했거나 진단고사에서 미분적분학1을 배정받은 학생만 수강 가능,공학기초,수학,Y,3.0,
교양,,NSMA1006,2025201549,미분적분학Ⅰ,노마드칼리지,Y,0428211360,교선,3.0,주,05,Y,상대,40,37,1,1,1,0,0,40,20235079,홍은주,0/0/50/50/0/0/0,1,,,Y,이론,N,"수2,3,4",그린에너지관(509),보기,기초미분적분학을 이수했거나 진단고사에서 미분적분학1을 배정받은 학생만 수강 가능,공학기초,수학,Y,3.0,
교양,,NSMA1006,2025201550,미분적분학Ⅰ,노마드칼리지,Y,0428211360,교선,3.0,주,06,Y,상대,40,37,1,1,1,0,0,39,20195049,윤찬미,0/0/50/50/0/0/0,1,,,Y,이론,N,"수6,7,8",그린에너지관(509),보기,기초미분적분학을 이수했거나 진단고사에서 미분적분학1을 배정받은 학생만 수강 가능,공학기초,수학,Y,3.0,
교양,,NSMA1006,2025201551,미분적분학Ⅰ,노마드칼리지,Y,0428211360,교선,3.0,주,07,Y,상대,40,37,1,1,1,0,0,39,20235010,박선미,0/0/50/50/0/0/0,1,,,Y,이론,N,"목2,3,4",그린에너지관(509),보기,기초미분적분학을 이수했거나 진단고사에서 미분적분학1을 배정받은 학생만 수강 가능,공학기초,수학,Y,3.0,
교양,,NSMA1006,2025201552,미분적분학Ⅰ,노마드칼리지,Y,0428211360,교선,3.0,주,08,Y,상대,40,37,1,1,1,0,0,40,20195054,김미화,0/0/50/50/0/0/0,1,,,Y,이론,N,"목6,7,8",그린에너지관(712),보기,기초미분적분학을 이수했거나 진단고사에서 미분적분학1을 배정받은 학생만 수강 가능,공학기초,수학,Y,3.0,
교양,,NSMA1006,2025201553,미분적분학Ⅰ,노마드칼리지,Y,0428211360,교선,3.0,주,09,Y,상대,40,37,1,1,1,0,0,37,20255027,서종현,0/0/50/50/0/0/0,1,,,Y,이론,N,"금2,3,4",그린에너지관(712),보기,기초미분적분학을 이수했거나 진단고사에서 미분적분학1을 배정받은 학생만 수강 가능,공학기초,수학,Y,3.0,
교양,,NSMA1006,2025201554,미분적분학Ⅰ,노마드칼리지,Y,0428211360,교선,3.0,주,10,Y,상대,40,37,1,1,1,0,0,35,20235075,조지인,0/0/50/50/0/0/0,1,,,Y,이론,N,"금6,7,8",그린에너지관(712),보기,기초미분적분학을 이수했거나 진단고사에서 미분적분학1을 배정받은 학생만 수강 가능,공학기초,수학,Y,3.0,
교양,,NSMA1007,2025201556,미분적분학Ⅱ,노마드칼리지,Y,0428211360,교선,3.0,주,02,Y,상대,40,37,1,1,1,0,0,34,20195049,윤찬미,0/0/50/50/0/0/0,1,,,Y,이론,N,"월6,7,8",그린에너지관(509),보기,미분적분학Ⅰ또는 고급미분적분학 Ⅰ을 이수한 학생만 수강 가능,공학기초,수학,Y,3.0,
교양,,NSMA1007,2025201557,미분적분학Ⅱ,노마드칼리지,Y,0428211360,교선,3.0,주,03,Y,상대,40,37,1,1,1,0,0,35,20141007,신재민,0/0/50/50/0/0/0,1,,,Y,이론,N,"화2,3,4",그린에너지관(608),보기,미분적분학Ⅰ또는 고급미분적분학 Ⅰ을 이수한 학생만 수강 가능,공학기초,수학,Y,3.0,
교양,,NSMA1007,2025201558,미분적분학Ⅱ,노마드칼리지,Y,0428211360,교선,3.0,주,04,Y,상대,40,37,1,1,1,0,0,38,20235075,조지인,0/0/50/50/0/0/0,1,,,Y,이론,N,"화6,7,8",그린에너지관(509),보기,미분적분학Ⅰ또는 고급미분적분학 Ⅰ을 이수한 학생만 수강 가능,공학기초,수학,Y,3.0,
교양,,NSMA1007,2025201559,미분적분학Ⅱ,노마드칼리지,Y,0428211360,교선,3.0,주,05,Y,상대,40,37,1,1,1,0,0,36,20141007,신재민,0/0/50/50/0/0/0,1,,,Y,이론,N,"수2,3,4",그린에너지관(713),보기,미분적분학Ⅰ또는 고급미분적분학 Ⅰ을 이수한 학생만 수강 가능,공학기초,수학,Y,3.0,
교양,,NSMA1007,2025201560,미분적분학Ⅱ,노마드칼리지,Y,0428211360,교선,3.0,주,06,Y,상대,40,37,1,1,1,0,0,38,20195054,김미화,0/0/50/50/0/0/0,1,,,Y,이론,N,"수6,7,8",그린에너지관(607),보기,미분적분학Ⅰ또는 고급미분적분학 Ⅰ을 이수한 학생만 수강 가능,공학기초,수학,Y,3.0,
교양,,NSMA1007,2025201561,미분적분학Ⅱ,노마드칼리지,Y,0428211360,교선,3.0,주,07,Y,상대,40,37,1,1,1,0,0,37,20195049,윤찬미,0/0/50/50/0/0/0,1,,,Y,이론,N,"목2,3,4",그린에너지관(713),보기,미분적분학Ⅰ또는 고급미분적분학 Ⅰ을 이수한 학생만 수강 가능,공학기초,수학,Y,3.0,
교양,,NSMA1007,2025201562,미분적분학Ⅱ,노마드칼리지,Y,0428211360,교선,3.0,주,08,Y,상대,40,37,1,1,1,0,0,36,20205034,한유두,0/0/50/50/0/0/0,1,,,Y,이론,N,"목6,7,8",그린에너지관(509),보기,미분적분학Ⅰ또는 고급미분적분학 Ⅰ을 이수한 학생만 수강 가능,공학기초,수학,Y,3.0,
교양,,NSMA1007,2025201564,미분적분학Ⅱ,노마드칼리지,Y,0428211360,교선,3.0,주,10,Y,상대,40,37,1,1,1,0,0,10,20235079,홍은주,0/0/50/50/0/0/0,1,,,Y,이론,N,"금6,7,8",그린에너지관(509),보기,미분적분학Ⅰ또는 고급미분적분학 Ⅰ을 이수한 학생만 수강 가능,공학기초,수학,Y,3.0,
교양,,NGLI1005,2025201009,미술의 이해,노마드칼리지,Y,0428211976,교선,2.0,주,01,Y,상대,40,10,10,10,10,0,0,39,20215055,배선명,20/15/15/15/30/5/0,1,,,Y,이론,N,"화2,3",창의혁신관(413),보기,"산업디자인학과, 시각영상디자인학과 수강 불가",일반교양,문학과 예술,,2.0,
교양,,NGLI1005,2025201010,미술의 이해,노마드칼리지,Y,0428211976,교선,2.0,주,02,Y,상대,40,10,10,10,10,0,0,40,20215055,배선명,20/15/15/15/30/5/0,1,,,Y,이론,N,"화6,7",창의혁신관(413),보기,"산업디자인학과, 시각영상디자인학과 수강 불가",일반교양,문학과 예술,,2.0,
교양,,NBAS1007,2025200464,발표와 토론,노마드칼리지,Y,8211359,교필,2.0,주,01,Y,상대,30,27,1,1,1,0,0,29,20195057,유세진,10/30/10/20/10/20/0,1,,,,이론,N,"월2,3",인문사회과학관(302),보기,,기초교양,공통기초,Y,2.0,
교양,,NBAS1007,2025200465,발표와 토론,노마드칼리지,Y,8211359,교필,2.0,주,02,Y,상대,30,27,1,1,1,0,0,30,20235074,임보람,10/50/10/20/0/10/0,1,,,,이론,N,"월2,3",인문사회과학관(105),보기,,기초교양,공통기초,Y,2.0,
교양,,NBAS1007,2025200466,발표와 토론,노마드칼리지,Y,8211359,교필,2.0,주,03,Y,상대,30,27,1,1,1,0,0,30,20205023,김순재,10/70/0/10/0/10/0,1,,,,이론,N,"월2,3",인문사회과학관(303),보기,,기초교양,공통기초,Y,2.0,
교양,,NBAS1007,2025200467,발표와 토론,노마드칼리지,Y,8211359,교필,2.0,주,04,Y,상대,30,27,1,1,1,0,0,30,20235047,김정인,10/70/0/10/0/10/0,1,,,,이론,N,"월4,5",인문사회과학관(104),보기,,기초교양,공통기초,Y,2.0,
교양,,NBAS1007,2025200468,발표와 토론,노마드칼리지,Y,8211359,교필,2.0,주,05,Y,상대,30,27,1,1,1,0,0,29,20205023,김순재,10/70/0/10/0/10/0,1,,,,이론,N,"월4,5",인문사회과학관(303),보기,,기초교양,공통기초,Y,2.0,
교양,,NBAS1007,2025200469,발표와 토론,노마드칼리지,Y,8211359,교필,2.0,주,06,Y,상대,30,27,1,1,1,0,0,30,20235074,임보람,10/50/10/20/0/10/0,1,,,,이론,N,"월4,5",인문사회과학관(105),보기,,기초교양,공통기초,Y,2.0,
교양,,NBAS1007,2025200470,발표와 토론,노마드칼리지,Y,8211359,교필,2.0,주,07,Y,상대,30,27,1,1,1,0,0,30,20195057,유세진,10/30/10/20/10/20/0,1,,,,이론,N,"월4,5",인문사회과학관(302),보기,,기초교양,공통기초,Y,2.0,
교양,,NBAS1007,2025200471,발표와 토론,노마드칼리지,Y,8211359,교필,2.0,주,08,Y,상대,30,27,1,1,1,0,0,30,20195057,유세진,10/30/10/20/10/20/0,1,,,,이론,N,"월6,7",인문사회과학관(302),보기,,기초교양,공통기초,Y,2.0,
교양,,NBAS1007,2025200472,발표와 토론,노마드칼리지,Y,8211359,교필,2.0,주,09,Y,상대,30,27,1,1,1,0,0,30,20205018,조도현,10/30/10/20/10/20/0,1,,,,이론,N,"월6,7",인문사회과학관(303),보기,,기초교양,공통기초,Y,2.0,
교양,,NBAS1007,2025200473,발표와 토론,노마드칼리지,Y,8211359,교필,2.0,주,10,Y,상대,30,27,1,1,1,0,0,29,20235047,김정인,10/70/0/10/0/10/0,1,,,,이론,N,"월6,7",인문사회과학관(105),보기,,기초교양,공통기초,Y,2.0,
교양,,NBAS1007,2025200474,발표와 토론,노마드칼리지,Y,8211359,교필,2.0,주,11,Y,상대,30,27,1,1,1,0,0,30,20235074,임보람,10/50/10/20/0/10/0,1,,,,이론,N,"월8,9",인문사회과학관(303),보기,,기초교양,공통기초,Y,2.0,
교양,,NBAS1007,2025200475,발표와 토론,노마드칼리지,Y,8211359,교필,2.0,주,12,Y,상대,30,27,1,1,1,0,0,29,20031022,성희제,20/30/10/10/10/20/0,1,,,,이론,N,"화2,3",인문사회과학관(501),보기,,기초교양,공통기초,Y,2.0,
교양,,NBAS1007,2025200476,발표와 토론,노마드칼리지,Y,8211359,교필,2.0,주,13,Y,상대,30,27,1,1,1,0,0,30,20254046,이채은,15/70/15/0/0/0/0,1,,,,이론,N,"화2,3",인문사회과학관(105),보기,,기초교양,공통기초,Y,2.0,
교양,,NBAS1007,2025200477,발표와 토론,노마드칼리지,Y,8211359,교필,2.0,주,14,Y,상대,30,27,1,1,1,0,0,30,20205023,김순재,10/70/0/10/0/10/0,1,,,,이론,N,"화2,3",건설공학관(209),보기,,기초교양,공통기초,Y,2.0,
교양,,NBAS1007,2025200478,발표와 토론,노마드칼리지,Y,8211359,교필,2.0,주,15,Y,상대,30,27,1,1,1,0,0,30,20191026,한하림,10/70/0/10/0/10/0,1,,,,이론,N,"화2,3",인문사회과학관(302),보기,,기초교양,공통기초,Y,2.0,
교양,,NBAS1007,2025200479,발표와 토론,노마드칼리지,Y,8211359,교필,2.0,주,16,Y,상대,30,27,1,1,1,0,0,30,20254042,오소은,10/40/30/10/0/10/0,1,,,,이론,N,"화2,3",경상학관(710),보기,,기초교양,공통기초,Y,2.0,
교양,,NBAS1007,2025200480,발표와 토론,노마드칼리지,Y,8211359,교필,2.0,주,17,Y,상대,30,27,1,1,1,0,0,29,20254046,이채은,15/70/15/0/0/0/0,1,,,,이론,N,"화4,5",인문사회과학관(105),보기,,기초교양,공통기초,Y,2.0,
교양,,NBAS1007,2025200481,발표와 토론,노마드칼리지,Y,8211359,교필,2.0,주,18,Y,상대,30,27,1,1,1,0,0,29,20191026,한하림,10/70/0/10/0/10/0,1,,,,이론,N,"화4,5",인문사회과학관(302),보기,,기초교양,공통기초,Y,2.0,
교양,,NBAS1007,2025200482,발표와 토론,노마드칼리지,Y,8211359,교필,2.0,주,19,Y,상대,30,27,1,1,1,0,0,30,20235064,박소영,10/70/0/10/0/10/0,1,,,,이론,N,"화4,5",인문사회과학관(501),보기,,기초교양,공통기초,Y,2.0,
교양,,NBAS1007,2025200483,발표와 토론,노마드칼리지,Y,8211359,교필,2.0,주,20,Y,상대,30,27,1,1,1,0,0,30,20235014,송혜란,10/30/20/20/10/10/0,1,,,,이론,N,"화4,5",인문사회과학관(303),보기,,기초교양,공통기초,Y,2.0,
교양,,NBAS1007,2025200484,발표와 토론,노마드칼리지,Y,8211359,교필,2.0,주,21,Y,상대,30,27,1,1,1,0,0,30,20235014,송혜란,10/30/20/20/10/10/0,1,,,,이론,N,"화6,7",인문사회과학관(303),보기,,기초교양,공통기초,Y,2.0,
교양,,NBAS1007,2025200485,발표와 토론,노마드칼리지,Y,8211359,교필,2.0,주,22,Y,상대,30,27,1,1,1,0,0,30,20205039,조현서,10/50/10/20/0/10/0,1,,,,이론,N,"화6,7",인문사회과학관(105),보기,,기초교양,공통기초,Y,2.0,
교양,,NBAS1007,2025200486,발표와 토론,노마드칼리지,Y,8211359,교필,2.0,주,23,Y,상대,30,27,1,1,1,0,0,30,20235064,박소영,10/70/0/10/0/10/0,1,,,,이론,N,"화6,7",인문사회과학관(201),보기,,기초교양,공통기초,Y,2.0,
교양,,NBAS1007,2025200487,발표와 토론,노마드칼리지,Y,8211359,교필,2.0,주,24,Y,상대,30,27,1,1,1,0,0,30,20225095,박혜경,10/70/0/10/0/10/0,1,,,,이론,N,"화6,7",인문사회과학관(102),보기,,기초교양,공통기초,Y,2.0,
교양,,NBAS1007,2025200488,발표와 토론,노마드칼리지,Y,8211359,교필,2.0,주,25,Y,상대,30,27,1,1,1,0,0,30,20195115,김덕신,10/50/10/20/0/10/0,1,,,,이론,N,"화8,9",인문사회과학관(105),보기,,기초교양,공통기초,Y,2.0,
교양,,NBAS1007,2025200489,발표와 토론,노마드칼리지,Y,8211359,교필,2.0,주,26,Y,상대,30,27,1,1,1,0,0,30,20254046,이채은,15/70/15/0/0/0/0,1,,,,이론,N,"화8,9",인문사회과학관(303),보기,,기초교양,공통기초,Y,2.0,
교양,,NBAS1007,2025200490,발표와 토론,노마드칼리지,Y,8211359,교필,2.0,주,27,Y,상대,30,27,1,1,1,0,0,30,20235047,김정인,10/70/0/10/0/10/0,1,,,,이론,N,"수2,3",인문사회과학관(104),보기,,기초교양,공통기초,Y,2.0,
교양,,NBAS1007,2025200491,발표와 토론,노마드칼리지,Y,8211359,교필,2.0,주,28,Y,상대,30,27,1,1,1,0,0,29,20211209,윤인선,10/70/0/10/0/10/0,1,,,,이론,N,"수2,3",인문사회과학관(303),보기,,기초교양,공통기초,Y,2.0,
교양,,NBAS1007,2025200492,발표와 토론,노마드칼리지,Y,0448638450,교필,2.0,주,29,Y,상대,30,24,2,2,2,0,0,19,20205148,정은주,10/50/10/20/0/10/0,1,,,Y,이론,N,"수2,3",세종(임대형)캠퍼스(218),보기,"세종캠퍼스 대면강의, 인공지능소프트웨어학과 우선 수강신청 후 타과생 수강 가능",기초교양,공통기초,Y,2.0,
교양,,NBAS1007,2025200493,발표와 토론,노마드칼리지,Y,0448638450,교필,2.0,주,30,Y,상대,30,24,2,2,2,0,0,21,20205148,정은주,10/50/10/20/0/10/0,1,,,Y,이론,N,"수4,5",세종(임대형)캠퍼스(218),보기,"세종캠퍼스 대면강의, 인공지능소프트웨어학과 우선 수강신청 후 타과생 수강 가능",기초교양,공통기초,Y,2.0,
교양,,NBAS1007,2025200494,발표와 토론,노마드칼리지,Y,8211359,교필,2.0,주,31,Y,상대,30,27,1,1,1,0,0,29,20225085,백민정,10/50/10/10/10/10/0,1,,,,이론,N,"수4,5",인문사회과학관(101),보기,,기초교양,공통기초,Y,2.0,
교양,,NBAS1007,2025200495,발표와 토론,노마드칼리지,Y,8211359,교필,2.0,주,32,Y,상대,30,27,1,1,1,0,0,30,20195115,김덕신,10/50/10/20/0/10/0,1,,,,이론,N,"수4,5",인문사회과학관(303),보기,,기초교양,공통기초,Y,2.0,
교양,,NBAS1007,2025200496,발표와 토론,노마드칼리지,Y,8211359,교필,2.0,주,33,Y,상대,30,27,1,1,1,0,0,30,20225095,박혜경,10/70/0/10/0/10/0,1,,,,이론,N,"수6,7",인문사회과학관(302),보기,,기초교양,공통기초,Y,2.0,
교양,,NBAS1007,2025200497,발표와 토론,노마드칼리지,Y,8211359,교필,2.0,주,34,Y,상대,30,27,1,1,1,0,0,30,20225085,백민정,10/50/10/10/10/10/0,1,,,,이론,N,"수6,7",인문사회과학관(303),보기,,기초교양,공통기초,Y,2.0,
교양,,NBAS1007,2025200498,발표와 토론,노마드칼리지,Y,8211359,교필,2.0,주,35,Y,상대,30,27,1,1,1,0,0,30,20225095,박혜경,10/70/0/10/0/10/0,1,,,,이론,N,"수8,9",인문사회과학관(302),보기,,기초교양,공통기초,Y,2.0,
교양,,NBAS1007,2025200499,발표와 토론,노마드칼리지,Y,8211359,교필,2.0,주,36,Y,상대,30,27,1,1,1,0,0,30,20205148,정은주,10/50/10/20/0/10/0,1,,,,이론,N,"수8,9",인문사회과학관(303),보기,,기초교양,공통기초,Y,2.0,
교양,,NBAS1007,2025200500,발표와 토론,노마드칼리지,Y,8211359,교필,2.0,주,37,Y,상대,30,27,1,1,1,0,0,30,20225085,백민정,10/50/10/10/10/10/0,1,,,,이론,N,"목2,3",인문사회과학관(302),보기,,기초교양,공통기초,Y,2.0,
교양,,NBAS1007,2025200501,발표와 토론,노마드칼리지,Y,8211359,교필,2.0,주,38,Y,상대,30,27,1,1,1,0,0,29,20235003,권온,10/50/10/10/10/10/0,1,,,,이론,N,"목2,3",인문사회과학관(303),보기,,기초교양,공통기초,Y,2.0,
교양,,NBAS1007,2025200502,발표와 토론,노마드칼리지,Y,8211359,교필,2.0,주,39,Y,상대,30,27,1,1,1,0,0,30,20205039,조현서,10/50/10/20/0/10/0,1,,,,이론,N,"목4,5",인문사회과학관(302),보기,,기초교양,공통기초,Y,2.0,
교양,,NBAS1007,2025200503,발표와 토론,노마드칼리지,Y,8211359,교필,2.0,주,40,Y,상대,30,27,1,1,1,0,0,30,20211209,윤인선,10/70/0/10/0/10/0,1,,,,이론,N,"목4,5",인문사회과학관(303),보기,,기초교양,공통기초,Y,2.0,
교양,,NBAS1007,2025200504,발표와 토론,노마드칼리지,Y,8211359,교필,2.0,주,41,Y,상대,30,27,1,1,1,0,0,30,20254042,오소은,10/40/30/10/0/10/0,1,,,,이론,N,"목4,5",인문사회과학관(403),보기,,기초교양,공통기초,Y,2.0,
교양,,NBAS1007,2025200505,발표와 토론,노마드칼리지,Y,8211359,교필,2.0,주,42,Y,상대,30,27,1,1,1,0,0,30,20111012,김주리,10/50/10/20/0/10/0,1,,,,이론,N,"목6,7",인문사회과학관(401),보기,,기초교양,공통기초,Y,2.0,
교양,,NBAS1007,2025200506,발표와 토론,노마드칼리지,Y,8211359,교필,2.0,주,43,Y,상대,30,27,1,1,1,0,0,29,20205039,조현서,10/50/10/20/0/10/0,1,,,,이론,N,"목8,9",인문사회과학관(105),보기,,기초교양,공통기초,Y,2.0,
교양,,NBAS1007,2025200507,발표와 토론,노마드칼리지,Y,8211359,교필,2.0,주,44,Y,상대,30,27,1,1,1,0,0,29,20254042,오소은,10/40/30/10/0/10/0,1,,,,이론,N,"목8,9",인문사회과학관(401),보기,,기초교양,공통기초,Y,2.0,
교양,,NBAS1007,2025200508,발표와 토론,노마드칼리지,Y,8211359,교필,2.0,주,45,Y,상대,30,27,1,1,1,0,0,30,20195115,김덕신,10/50/10/20/0/10/0,1,,,,이론,N,"목8,9",인문사회과학관(303),보기,,기초교양,공통기초,Y,2.0,
교양,,NBAS1007,2025200509,발표와 토론,노마드칼리지,Y,8211359,교필,2.0,주,46,Y,상대,30,27,1,1,1,0,0,29,20235003,권온,10/50/10/10/10/10/0,1,,,,이론,N,"금2,3",인문사회과학관(302),보기,,기초교양,공통기초,Y,2.0,
교양,,NBAS1007,2025200510,발표와 토론,노마드칼리지,Y,8211359,교필,2.0,주,47,Y,상대,30,27,1,1,1,0,0,29,20225060,이현정,10/70/0/10/0/10/0,1,,,,이론,N,"금2,3",인문사회과학관(303),보기,,기초교양,공통기초,Y,2.0,
교양,,NBAS1007,2025200511,발표와 토론,노마드칼리지,Y,8211359,교필,2.0,주,48,Y,상대,30,27,1,1,1,0,0,29,20235033,한주희,0/0/0/0/0/0/0,1,,,,이론,N,"금2,3",인문사회과학관(105),보기,,기초교양,공통기초,Y,2.0,
교양,,NBAS1007,2025200512,발표와 토론,노마드칼리지,Y,8211359,교필,2.0,주,49,Y,상대,30,27,1,1,1,0,0,29,20205018,조도현,10/30/10/20/10/20/0,1,,,,이론,N,"금4,5",인문사회과학관(404),보기,,기초교양,공통기초,Y,2.0,
교양,,NBAS1007,2025200513,발표와 토론,노마드칼리지,Y,8211359,교필,2.0,주,50,Y,상대,30,27,1,1,1,0,0,30,20235033,한주희,0/0/0/0/0/0/0,1,,,,이론,N,"금4,5",인문사회과학관(101),보기,,기초교양,공통기초,Y,2.0,
교양,,NBAS1007,2025200514,발표와 토론,노마드칼리지,Y,8211359,교필,2.0,주,51,Y,상대,30,27,1,1,1,0,0,30,20205107,박종덕,10/50/20/10/0/0/0,1,,,,이론,N,"금4,5",인문사회과학관(105),보기,,기초교양,공통기초,Y,2.0,
교양,,NBAS1007,2025200515,발표와 토론,노마드칼리지,Y,8211359,교필,2.0,주,52,Y,상대,30,27,1,1,1,0,0,28,20225060,이현정,10/70/0/10/0/10/0,1,,,,이론,N,"금4,5",인문사회과학관(303),보기,,기초교양,공통기초,Y,2.0,
교양,,NBAS1007,2025200516,발표와 토론,노마드칼리지,Y,8211359,교필,2.0,주,53,Y,상대,30,27,1,1,1,0,0,30,20235003,권온,10/50/10/10/10/10/0,1,,,,이론,N,"금4,5",인문사회과학관(302),보기,,기초교양,공통기초,Y,2.0,
교양,,NBAS1007,2025200517,발표와 토론,노마드칼리지,Y,8211359,교필,2.0,주,54,Y,상대,30,27,1,1,1,0,0,29,20205018,조도현,10/30/10/20/10/20/0,1,,,,이론,N,"금6,7",인문사회과학관(404),보기,,기초교양,공통기초,Y,2.0,
교양,,NBAS1007,2025200518,발표와 토론,노마드칼리지,Y,8211359,교필,2.0,주,55,Y,상대,30,27,1,1,1,0,0,30,20205107,박종덕,10/50/20/10/0/0/0,1,,,,이론,N,"금6,7",인문사회과학관(105),보기,,기초교양,공통기초,Y,2.0,
교양,,NBAS1007,2025200519,발표와 토론,노마드칼리지,Y,8211359,교필,2.0,주,56,Y,상대,30,27,1,1,1,0,0,30,20235033,한주희,0/0/0/0/0/0/0,1,,,,이론,N,"금8,9",인문사회과학관(303),보기,,기초교양,공통기초,Y,2.0,
교양,,NBAS1007,2025200520,발표와 토론,노마드칼리지,Y,8211359,교필,2.0,주,57,Y,상대,30,27,1,1,1,0,0,30,20225060,이현정,10/70/0/10/0/10/0,1,,,,이론,N,"금8,9",인문사회과학관(302),보기,,기초교양,공통기초,Y,2.0,
교양,,NBAS1007,2025200521,발표와 토론,노마드칼리지,Y,8211359,교필,2.0,주,58,Y,상대,30,27,1,1,1,0,0,29,20205107,박종덕,10/50/20/10/0/0/0,1,,,,이론,N,"금8,9",인문사회과학관(105),보기,,기초교양,공통기초,Y,2.0,
교양,,NGLI1008,2025200013,베스트셀러읽기,노마드칼리지,Y,8211359,교선,3.0,주,01,Y,상대,40,10,10,10,10,0,0,38,20254048,이혜정,20/30/10/20/10/10/0,1,,,,이론,N,"화6,7,8",경상학관(201),보기,,일반교양,문학과 예술,,3.0,
교양,,NGSC1003,2025201803,생활 속의 과학,노마드칼리지,Y,0428211360,교선,3.0,주,01,Y,절대,40,10,10,10,10,0,0,35,20071064,김덕현,10/20/30/30/10/0/0,1,,,,이론,N,"화2,3,4",그린에너지관(713),보기,,일반교양,자연과 과학,,3.0,
교양,,NGSC1003,2025201804,생활 속의 과학,노마드칼리지,Y,0428211360,교선,3.0,주,02,Y,절대,40,10,10,10,10,0,0,38,20071064,김덕현,10/20/30/30/10/0/0,1,,,,이론,N,"화6,7,8",그린에너지관(713),보기,,일반교양,자연과 과학,,3.0,
교양,,NGSC1004,2025201805,생활 속의 수학,노마드칼리지,Y,0428211360,교선,3.0,주,01,Y,절대,40,10,10,10,10,0,0,39,20061041,김성환,0/0/50/50/0/0/0,1,,,,이론,N,"수2,3,4",그린에너지관(715),보기,,일반교양,자연과 과학,,3.0,
교양,,NGSC1004,2025201806,생활 속의 수학,노마드칼리지,Y,0428211360,교선,3.0,주,02,Y,절대,40,10,10,10,10,0,0,37,20061041,김성환,0/0/50/50/0/0/0,1,,,,이론,N,"수6,7,8",그린에너지관(715),보기,,일반교양,자연과 과학,,3.0,
교양,,NGHI1005,2025201011,생활과 법률,노마드칼리지,Y,0428211976,교선,3.0,주,01,Y,상대,40,10,10,10,10,0,0,38,20215016,최정윤,20/0/60/20/0/0/0,1,,,Y,이론,N,"화2,3,4",창의혁신관(316),보기,공공행정공학과 수강 불가,일반교양,역사와 사회,,3.0,
교양,,NGHI1005,2025201012,생활과 법률,노마드칼리지,Y,0428211976,교선,3.0,주,02,Y,상대,40,10,10,10,10,0,0,40,20215016,최정윤,0/0/50/50/0/0/0,1,,,Y,이론,N,"화6,7,8",창의혁신관(316),보기,공공행정공학과 수강 불가,일반교양,역사와 사회,,3.0,
교양,,NGEN1014,2025201013,생활과 세금,노마드칼리지,Y,0428211976,교선,2.0,주,01,Y,상대,40,10,10,10,10,0,0,38,20254029,길중석,10/20/30/30/5/5/0,1,,,Y,이론,N,"수6,7",창의혁신관(411),보기,"융합경영학과, 회계세무학과 수강 불가",일반교양,기술과 창업,,2.0,
교양,,NGHI1006,2025200741,서양사의 이해,노마드칼리지,Y,8211359,교선,3.0,주,01,Y,상대,40,10,10,10,10,0,0,39,20195038,김충현,20/30/0/0/50/0/0,1,,,,이론,N,"수2,3,4",인문사회과학관(201),보기,,일반교양,역사와 사회,,3.0,
교양,,NGHI1006,2025201246,서양사의 이해,노마드칼리지,Y,8211359,교선,3.0,주,02,Y,상대,40,10,10,10,10,0,0,40,20195038,김충현,20/30/0/0/50/0/0,1,,,,이론,N,"수6,7,8",인문사회과학관(305),보기,,일반교양,역사와 사회,,3.0,
교양,,NSMA1009,2025201807,선형대수학,노마드칼리지,Y,0428211360,교선,3.0,주,01,Y,절대,40,37,1,1,1,0,0,37,20021016,김남균,0/0/60/40/0/0/0,1,,,,이론,N,"월6,7,8",그린에너지관(713),보기,,공학기초,수학,Y,3.0,
교양,,NSMA1009,2025201808,선형대수학,노마드칼리지,Y,0428211360,교선,3.0,주,02,Y,절대,40,37,1,1,1,0,0,40,20061041,김성환,0/0/60/40/0/0/0,1,,,,이론,N,"화2,3,4",그린에너지관(715),보기,,공학기초,수학,Y,3.0,
교양,,NSMA1009,2025201809,선형대수학,노마드칼리지,Y,0428211360,교선,3.0,주,03,Y,절대,40,37,1,1,1,0,0,40,20205127,김겸순,0/0/60/40/0/0/0,1,,,,이론,N,"수6,7,8",그린에너지관(712),보기,,공학기초,수학,Y,3.0,
교양,,NSMA1009,2025201810,선형대수학,노마드칼리지,Y,0428211360,교선,3.0,주,04,Y,절대,40,37,1,1,1,0,0,40,20205127,김겸순,0/0/60/40/0/0/0,1,,,,이론,N,"목2,3,4",그린에너지관(606),보기,,공학기초,수학,Y,3.0,
교양,,NGEN1015,2025201014,세계경제의 이해,노마드칼리지,Y,0428211976,교선,3.0,주,01,Y,상대,40,10,10,10,10,0,0,38,20195072,문혜정,20/20/30/30/0/0/0,1,,,Y,이론,N,"월6,7,8",창의혁신관(317),보기,경제학과 수강 불가,일반교양,기술과 창업,,3.0,
교양,,NGHI1007,2025200743,세계사의 이해,노마드칼리지,Y,8211359,교선,3.0,주,01,Y,상대,40,10,10,10,10,0,0,37,20235077,최향란,20/0/0/20/40/20/0,1,,,,이론,N,"목2,3,4",경상학관(201),보기,,일반교양,역사와 사회,,3.0,
교양,,NGHI1007,2025201247,세계사의 이해,노마드칼리지,Y,8211359,교선,3.0,주,02,Y,상대,40,10,10,10,10,0,0,37,20235077,최향란,20/0/0/20/40/20/0,1,,,,이론,N,"목6,7,8",건설공학관(205),보기,,일반교양,역사와 사회,,3.0,
교양,,NCFR3001,2025200528,세계시민과 국가,노마드칼리지,Y,8211359,교선,3.0,주,01,Y,상대,40,34,2,2,2,0,0,40,20205024,권설아,10/10/10/10/50/10/0,1,,,,이론,N,"화2,3,4",인문사회과학관(305),보기,,핵심교양,도전과 미래,,3.0,
교양,,NCFR3001,2025200529,세계시민과 국가,노마드칼리지,Y,8211359,교선,3.0,주,02,Y,상대,40,34,2,2,2,0,0,39,20205024,권설아,10/10/10/10/50/10/0,1,,,,이론,N,"화6,7,8",인문사회과학관(305),보기,,핵심교양,도전과 미래,,3.0,
교양,,NCFR3001,2025200530,세계시민과 국가,노마드칼리지,Y,8211359,교선,3.0,주,03,Y,상대,40,34,2,2,2,0,0,38,20205024,권설아,10/10/10/10/50/10/0,1,,,,이론,N,"수2,3,4",인문사회과학관(501),보기,,핵심교양,도전과 미래,,3.0,
교양,,NCFR3001,2025200531,세계시민과 국가,노마드칼리지,Y,8211359,교선,3.0,주,04,Y,상대,40,34,2,2,2,0,0,39,20225049,최현우,10/10/10/10/50/10/0,1,,,,이론,N,"수6,7,8",경상학관(201),보기,,핵심교양,도전과 미래,,3.0,
교양,,NCFR3001,2025200532,세계시민과 국가,노마드칼리지,Y,8211359,교선,3.0,주,05,Y,상대,40,34,2,2,2,0,0,39,20225049,최현우,10/10/10/10/50/10/0,1,,,,이론,N,"금2,3,4",인문사회과학관(402),보기,,핵심교양,도전과 미래,,3.0,
교양,,NCFR3001,2025200533,세계시민과 국가,노마드칼리지,Y,8211359,교선,3.0,주,06,Y,상대,40,34,2,2,2,0,0,36,20225049,최현우,10/10/10/10/50/10/0,1,,,,이론,N,"금6,7,8",인문사회과학관(402),보기,,핵심교양,도전과 미래,,3.0,
교양,,NGGL1002,2025201015,스페인어,노마드칼리지,Y,0428211976,교선,3.0,주,01,Y,상대,40,10,10,10,10,0,0,31,20195223,진미령,0/60/0/0/30/10/0,1,,,,이론,N,"금2,3,4",그린에너지관(604),보기,,일반교양,언어,,3.0,
교양,,NGSP1003,2025201016,스포츠와 건강,노마드칼리지,Y,0428211976,교선,2.0,주,01,Y,상대,40,10,10,10,10,0,0,37,20225082,박유미,30/10/10/10/10/30/0,1,,,,이론,N,"월6,7",생활체육관(108),보기,탁구,일반교양,체육,,2.0,
교양,,NGSP1003,2025201017,스포츠와 건강,노마드칼리지,Y,0428211976,교선,2.0,주,02,Y,상대,40,10,10,10,10,0,0,39,20211714,김동현,20/20/20/20/20/0/0,1,,,,이론,N,"화6,7",생활체육관(101),보기,배드민턴,일반교양,체육,,2.0,
교양,,NGSP1003,2025201018,스포츠와 건강,노마드칼리지,Y,0428211976,교선,2.0,주,03,Y,상대,40,10,10,10,10,0,0,38,20215066,최미영,40/30/0/0/0/30/0,1,,,,이론,N,"수6,7",생활체육관(108),보기,신체리듬과 체형관리,일반교양,체육,,2.0,
교양,,NGSP1003,2025201019,스포츠와 건강,노마드칼리지,Y,0428211976,교선,2.0,주,04,Y,상대,40,10,10,10,10,0,0,32,20245024,한동엽,20/20/30/10/0/20/0,1,,,,이론,N,"목6,7",생활체육관(108),보기,테니스,일반교양,체육,,2.0,
교양,,NGSP1003,2025201020,스포츠와 건강,노마드칼리지,Y,0428211976,교선,2.0,주,05,Y,상대,40,10,10,10,10,0,0,38,20245024,한동엽,30/20/30/20/0/0/0,1,,,,이론,N,"금6,7",생활체육관(108),보기,골프,일반교양,체육,,2.0,
교양,,NGSP1004,2025202174,스포츠와 비판적사고,노마드칼리지,Y,0428211976,교선,3.0,주,40,N,상대,40,10,10,10,10,0,0,29,20211214,김세환,0/0/0/0/0/0/0,1,,,,이론,N,"목2,3,4",그린에너지관(608),보기,,일반교양,체육,,3.0,
교양,,NCCR1002,2025200534,심리분석,노마드칼리지,Y,8211359,교선,3.0,주,01,Y,상대,40,34,2,2,2,0,0,39,20041001,이순주,30/30/0/20/0/20/0,1,,블,,이론,N,"월2,3,4",인문사회과학관(501),보기,,핵심교양,분석과 판단,,3.0,
교양,,NCCR1002,2025200535,심리분석,노마드칼리지,Y,8211359,교선,3.0,주,02,Y,상대,40,34,2,2,2,0,0,40,20041001,이순주,30/30/0/20/0/20/0,1,,블,,이론,N,"월6,7,8",인문사회과학관(501),보기,,핵심교양,분석과 판단,,3.0,
교양,,NCCR1002,2025200536,심리분석,노마드칼리지,Y,0448638450,교선,3.0,주,03,Y,상대,40,10,10,5,5,10,10,38,20041001,이순주,30/30/0/20/0/20/0,1,,블,Y,이론,N,"화2,3,4",세종(임대형)캠퍼스(217),보기,"세종캠퍼스 대면강의, 인공지능소프트웨어학과 우선 수강신청 후 타과생 수강 가능",핵심교양,분석과 판단,,3.0,
교양,,NCCR1002,2025200537,심리분석,노마드칼리지,Y,8211359,교선,3.0,주,04,Y,상대,40,34,2,2,2,0,0,39,20041001,이순주,30/30/0/20/0/20/0,1,,블,,이론,N,"화6,7,8",인문사회과학관(501),보기,,핵심교양,분석과 판단,,3.0,
교양,,NCCR1002,2025200538,심리분석,노마드칼리지,Y,8211359,교선,3.0,주,05,Y,상대,40,34,2,2,2,0,0,40,20225044,김연중,30/30/0/20/0/20/0,1,,,,이론,N,"목2,3,4",인문사회과학관(103),보기,,핵심교양,분석과 판단,,3.0,
교양,,NCCR1002,2025200539,심리분석,노마드칼리지,Y,8211359,교선,3.0,주,06,Y,상대,40,34,2,2,2,0,0,40,20225044,김연중,30/30/0/20/0/20/0,1,,,,이론,N,"목6,7,8",인문사회과학관(103),보기,,핵심교양,분석과 판단,,3.0,
교양,,NGEN1003,2025201021,알기쉬운 실용금융,노마드칼리지,Y,0428211976,교선,3.0,주,01,Y,상대,40,10,10,10,10,0,0,39,20254012,김응규,10/10/30/30/10/10/0,1,,,,이론,N,"화2,3,4",경상학관(302),보기,,일반교양,기술과 창업,,3.0,
교양,,NGEN1003,2025201022,알기쉬운 실용금융,노마드칼리지,Y,0428211976,교선,3.0,주,02,Y,상대,40,10,10,10,10,0,0,39,20254012,김응규,10/10/30/30/10/10/0,1,,,,이론,N,"화6,7,8",경상학관(302),보기,,일반교양,기술과 창업,,3.0,
교양,,NGEN200001,2025201566,양자 정보과학 및 컴퓨터,노마드칼리지,Y,0428211360,교선,3.0,주,01,Y,상대,40,10,10,10,10,0,0,30,"20161006,20181005","이장원,박지용",0/40/40/20/0/0/0,1,,,,이론,N,"수6,7,8",그린에너지관(608),보기,,일반교양,기술과 창업,,3.0,
교양,,NGLI1006,2025200012,언어와 사회,노마드칼리지,Y,8211359,교선,3.0,주,01,Y,상대,40,10,10,10,10,0,0,35,20031022,성희제,20/30/10/10/10/20/0,1,,,,이론,N,"수6,7,8",인문사회과학관(501),보기,,일반교양,문학과 예술,,3.0,
교양,,NGLI1006,2025200014,언어와 사회,노마드칼리지,Y,8211359,교선,3.0,주,02,Y,상대,40,10,10,10,10,0,0,35,20031022,성희제,20/30/10/10/10/20/0,1,,,,이론,N,"목2,3,4",인문사회과학관(501),보기,,일반교양,문학과 예술,,3.0,
교양,,NGHI1008,2025201023,여성학,노마드칼리지,Y,0428211976,교선,3.0,주,01,Y,상대,40,10,10,10,10,0,0,26,20235059,김민정,20/20/20/20/10/10/0,1,,,,이론,N,"화2,3,4",창의혁신관(411),보기,,일반교양,역사와 사회,,3.0,
교양,,NGHI1008,2025201024,여성학,노마드칼리지,Y,0428211976,교선,3.0,주,02,Y,상대,40,10,10,10,10,0,0,19,20235059,김민정,20/20/20/20/10/10/0,1,,,,이론,N,"화6,7,8",창의혁신관(411),보기,,일반교양,역사와 사회,,3.0,
교양,,NCFR1003,2025200540,역사와 문화,노마드칼리지,Y,8211359,교선,3.0,주,01,Y,상대,40,34,2,2,2,0,0,40,20195040,이성우,20/15/10/15/25/15/0,1,,,,이론,N,"월2,3,4",인문사회과학관(402),보기,,핵심교양,도전과 미래,,3.0,
교양,,NCFR1003,2025200541,역사와 문화,노마드칼리지,Y,8211359,교선,3.0,주,02,Y,상대,40,34,2,2,2,0,0,37,20221005,김헌주,30/30/10/10/10/10/0,1,,,,이론,N,"월6,7,8",인문사회과학관(401),보기,,핵심교양,도전과 미래,,3.0,
교양,,NCFR1003,2025200542,역사와 문화,노마드칼리지,Y,8211359,교선,3.0,주,03,Y,상대,40,34,2,2,2,0,0,40,20221005,김헌주,30/30/10/10/10/10/0,1,,,,이론,N,"화2,3,4",인문사회과학관(404),보기,,핵심교양,도전과 미래,,3.0,
교양,,NCFR1003,2025200543,역사와 문화,노마드칼리지,Y,8211359,교선,3.0,주,04,Y,상대,40,34,2,2,2,0,0,40,20195040,이성우,20/15/10/15/25/15/0,1,,,,이론,N,"화6,7,8",인문사회과학관(402),보기,,핵심교양,도전과 미래,,3.0,
교양,,NCFR1003,2025200544,역사와 문화,노마드칼리지,Y,8211359,교선,3.0,주,05,Y,상대,40,34,2,2,2,0,0,40,20214014,공석구,0/0/0/0/0/0/0,1,,,,이론,N,"목2,3,4",인문사회과학관(201),보기,,핵심교양,도전과 미래,,3.0,
교양,,NCFR1003,2025200545,역사와 문화,노마드칼리지,Y,8211359,교선,3.0,주,06,Y,상대,40,34,2,2,2,0,0,36,20254045,이동주,0/0/0/0/0/0/0,1,,,,이론,N,"목6,7,8",인문사회과학관(102),보기,,핵심교양,도전과 미래,,3.0,
교양,,NGGL1003,2025201025,영어I,노마드칼리지,Y,0428211976,교선,3.0,주,01,Y,상대,40,10,10,10,10,0,0,40,20195123,김정애,10/30/10/10/30/10/0,1,,,Y,이론,N,"화2,3,4",창의혁신관(409),보기,영어영문학과 수강 불가,일반교양,언어,,3.0,
교양,,NGGL2001,2025201026,영어II,노마드칼리지,Y,0428211976,교선,3.0,주,01,Y,상대,40,10,10,10,10,0,0,38,20195118,전주현,10/30/20/10/30/0/0,1,,,Y,이론,N,"월6,7,8",창의혁신관(410),보기,영어영문학과 수강 불가,일반교양,언어,,3.0,
교양,,NGLI100010,2025201027,오케스트라와 교향곡의 세계,노마드칼리지,Y,0428211976,교선,2.0,주,01,Y,상대,40,10,10,10,10,0,0,39,20245022,최유미,20/20/10/10/20/20/0,1,,,,이론,N,"수2,3",인문사회과학관(207),보기,,일반교양,문학과 예술,,2.0,
교양,,NGLI100011,2025201028,오페라 산책,노마드칼리지,Y,0428211976,교선,2.0,주,01,Y,상대,40,10,10,10,10,0,0,35,20211212,길민호,10/20/10/0/40/20/0,1,,,,이론,N,"수6,7",인문사회과학관(207),보기,,일반교양,문학과 예술,,2.0,
교양,,NGSP1005,2025201029,웰빙시대의 건강관리,노마드칼리지,Y,0428211976,교선,3.0,주,01,Y,상대,80,20,20,20,20,0,0,79,20211214,김세환,20/20/0/20/20/20/0,1,,온,,이론,N,"금2,3,4",그린에너지관(101),보기,,일반교양,체육,,3.0,
교양,,NGSW1003,2025201567,웹과 인터넷,노마드칼리지,Y,0428211360,교선,3.0,주,01,Y,상대,40,10,10,10,10,0,0,33,20195053,고유정,0/0/50/50/0/0/0,1,,,Y,이론실습,N,"월6,7,8,9",도서관(505),보기,"모바일융합공학과, 인공지능소프트웨어학과, 컴퓨터공학과, 정보통신공학과, 지능미디어학과 수강 불가",일반교양,소프트웨어,Y,4.0,
교양,,NGEN1004,2025201030,융복합경영,노마드칼리지,Y,0428211976,교선,3.0,주,01,Y,상대,40,10,10,10,10,0,0,35,20254022,이철준,10/20/10/30/20/10/0,1,,,Y,이론,N,"목2,3,4",경상학관(406),보기,"융합경영학과, 회계세무학과 수강 불가",일반교양,기술과 창업,,3.0,
교양,,NGLI1007,2025201031,음악의 이해,노마드칼리지,Y,0428211976,교선,2.0,주,01,Y,상대,40,10,10,10,10,0,0,39,20211212,길민호,10/20/10/0/40/20/0,1,,,,이론,N,"월2,3",인문사회과학관(207),보기,,일반교양,문학과 예술,,2.0,
교양,,NGLI1007,2025201032,음악의 이해,노마드칼리지,Y,0428211976,교선,2.0,주,02,Y,상대,40,10,10,10,10,0,0,39,20245022,최유미,20/20/10/10/30/10/0,1,,,,이론,N,"월6,7",인문사회과학관(207),보기,,일반교양,문학과 예술,,2.0,
교양,,NGLI1007,2025201033,음악의 이해,노마드칼리지,Y,0428211976,교선,2.0,주,03,Y,상대,40,10,10,10,10,0,0,38,20245022,최유미,20/20/10/10/30/10/0,1,,,,이론,N,"화2,3",인문사회과학관(207),보기,,일반교양,문학과 예술,,2.0,
교양,,NGLI1007,2025201034,음악의 이해,노마드칼리지,Y,0428211976,교선,2.0,주,04,Y,상대,40,10,10,10,10,0,0,38,20211212,길민호,10/20/10/0/40/20/0,1,,,,이론,N,"화6,7",인문사회과학관(207),보기,,일반교양,문학과 예술,,2.0,
교양,,NCCR1003,2025200546,인간과 윤리,노마드칼리지,Y,8211359,교선,3.0,주,01,Y,상대,40,34,2,2,2,0,0,40,20195090,임윤정,60/10/10/10/5/5/0,1,,,,이론,N,"월2,3,4",인문사회과학관(201),보기,,핵심교양,분석과 판단,,3.0,
교양,,NCCR1003,2025200547,인간과 윤리,노마드칼리지,Y,8211359,교선,3.0,주,02,Y,상대,40,34,2,2,2,0,0,38,20195090,임윤정,60/10/10/10/5/5/0,1,,,,이론,N,"월6,7,8",인문사회과학관(201),보기,,핵심교양,분석과 판단,,3.0,
교양,,NCCR1003,2025200548,인간과 윤리,노마드칼리지,Y,8211359,교선,3.0,주,03,Y,상대,40,34,2,2,2,0,0,40,20195096,이영자,40/30/0/20/0/10/0,1,,,,이론,N,"수2,3,4",경상학관(301),보기,,핵심교양,분석과 판단,,3.0,
교양,,NCCR1003,2025200549,인간과 윤리,노마드칼리지,Y,8211359,교선,3.0,주,04,Y,상대,40,34,2,2,2,0,0,40,20195043,황인선,40/20/0/10/30/0/0,1,,,,이론,N,"수6,7,8",인문사회과학관(201),보기,,핵심교양,분석과 판단,,3.0,
교양,,NCCR1003,2025200550,인간과 윤리,노마드칼리지,Y,8211359,교선,3.0,주,05,Y,상대,40,34,2,2,2,0,0,39,20195093,신승원,60/10/5/15/5/5/0,1,,,,이론,N,"금2,3,4",경상학관(301),보기,,핵심교양,분석과 판단,,3.0,
교양,,NCCR1003,2025200551,인간과 윤리,노마드칼리지,Y,8211359,교선,3.0,주,06,Y,상대,40,34,2,2,2,0,0,38,20195093,신승원,60/10/5/15/5/5/0,1,,,,이론,N,"금6,7,8",경상학관(301),보기,,핵심교양,분석과 판단,,3.0,
교양,,NCCH1003,2025201035,인간과 환경,노마드칼리지,Y,0428211976,교선,3.0,주,01,Y,상대,40,34,2,2,2,0,0,38,20241008,장덕수,0/0/0/0/0/0/0,1,,,Y,이론,N,"화2,3,4",건설공학관(208),보기,건설환경공학과 수강 불가,핵심교양,소통과 인성,,3.0,
교양,,NCCH1003,2025201036,인간과 환경,노마드칼리지,Y,0428211976,교선,3.0,주,02,Y,상대,40,34,2,2,2,0,0,38,20254008,오세은,0/0/0/0/0/0/0,1,,,Y,이론,N,"화6,7,8",화학환경관(402),보기,건설환경공학과 수강 불가,핵심교양,소통과 인성,,3.0,
교양,,NCCH1003,2025201037,인간과 환경,노마드칼리지,Y,0428211976,교선,3.0,주,03,Y,상대,40,34,2,2,2,0,0,39,20254035,노경준,20/20/20/20/10/10/0,1,,,Y,이론,N,"수2,3,4",창의혁신관(411),보기,건설환경공학과 수강 불가,핵심교양,소통과 인성,,3.0,
교양,,NCCH1003,2025201038,인간과 환경,노마드칼리지,Y,0428211976,교선,3.0,주,04,Y,상대,40,34,2,2,2,0,0,40,20254008,오세은,0/0/0/0/0/0/0,1,,,Y,이론,N,"수6,7,8",화학환경관(402),보기,건설환경공학과 수강 불가,핵심교양,소통과 인성,,3.0,
교양,,NCCH1003,2025201039,인간과 환경,노마드칼리지,Y,0428211976,교선,3.0,주,05,Y,상대,40,34,2,2,2,0,0,39,20251021,이우람,0/0/0/0/0/0/0,1,,,Y,이론,N,"금2,3,4",화학환경관(401),보기,건설환경공학과 수강 불가,핵심교양,소통과 인성,,3.0,
교양,,NCCH1003,2025201040,인간과 환경,노마드칼리지,Y,0428211976,교선,3.0,주,06,Y,상대,40,34,2,2,2,0,0,39,20251021,이우람,0/0/0/0/0/0/0,1,,,Y,이론,N,"금6,7,8",화학환경관(401),보기,건설환경공학과 수강 불가,핵심교양,소통과 인성,,3.0,
교양,,NCFR1004,2025200552,인간삶과 교육,노마드칼리지,Y,8211359,교선,3.0,주,01,Y,절대,40,34,2,2,2,0,0,38,20171009,진성희,30/40/0/20/0/10/0,1,,블,,이론,N,"월2,3,4",창의혁신관(316),보기,,핵심교양,도전과 미래,,3.0,
교양,,NCFR1004,2025200553,인간삶과 교육,노마드칼리지,Y,8211359,교선,3.0,주,02,Y,절대,40,34,2,2,2,0,0,39,20171009,진성희,30/40/0/20/0/10/0,1,,블,,이론,N,"월6,7,8",창의혁신관(316),보기,,핵심교양,도전과 미래,,3.0,
교양,,NCFR1004,2025200554,인간삶과 교육,노마드칼리지,Y,8211359,교선,3.0,주,03,Y,절대,40,34,2,2,2,0,0,37,20255058,김유나,0/40/30/30/0/0/0,1,,,,이론,N,"수2,3,4",경상학관(710),보기,,핵심교양,도전과 미래,,3.0,
교양,,NCFR1004,2025200555,인간삶과 교육,노마드칼리지,Y,8211359,교선,3.0,주,04,Y,절대,40,34,2,2,2,0,0,40,20255058,김유나,0/40/30/30/0/0/0,1,,,,이론,N,"수6,7,8",인문사회과학관(401),보기,,핵심교양,도전과 미래,,3.0,
교양,,NCFR1004,2025200556,인간삶과 교육,노마드칼리지,Y,8211359,교선,3.0,주,05,Y,절대,40,34,2,2,2,0,0,38,20215024,오정희,30/40/0/20/0/10/0,1,,,,이론,N,"금2,3,4",인문사회과학관(201),보기,,핵심교양,도전과 미래,,3.0,
교양,,NCFR1004,2025200557,인간삶과 교육,노마드칼리지,Y,8211359,교선,3.0,주,06,Y,절대,40,34,2,2,2,0,0,38,20215024,오정희,30/40/0/20/0/10/0,1,,,,이론,N,"금6,7,8",인문사회과학관(201),보기,,핵심교양,도전과 미래,,3.0,
교양,,NGPH3001,2025200733,인간심리의 이해,노마드칼리지,Y,8211359,교선,3.0,주,01,Y,상대,80,20,20,20,20,0,0,79,20041001,이순주,30/30/0/20/0/20/0,1,,온,,이론,N,"수2,3,4",경상학관(101),보기,,일반교양,철학과 심리,,3.0,
교양,,NCCH1004,2025201794,인간의 탐색,노마드칼리지,Y,1359,교선,3.0,주,01,Y,상대,40,34,2,2,2,0,0,40,20211207,유원지,30/20/0/10/30/10/0,1,,,Y,이론,N,"목6,7,8",인문사회과학관(402),보기,"계열교차교과목, 인문,경상,디자인계열 학과 학생 수강불가",핵심교양,소통과 인성,,3.0,
교양,,NGPH1004,2025200727,인공지능 윤리,노마드칼리지,Y,8211359,교선,3.0,주,01,Y,상대,40,10,10,10,10,0,0,40,20161009,김효은,25/25/0/25/0/25/0,1,,블,,이론,N,"수2,3,4",인문사회과학관(403),보기,,일반교양,철학과 심리,,3.0,
교양,,NGPH1004,2025201855,인공지능 윤리,노마드칼리지,Y,0428211359,교선,3.0,주,02,Y,상대,40,10,10,10,10,0,0,38,20161009,김효은,25/25/0/25/0/25/0,1,,블,,이론,N,"수6,7,8",인문사회과학관(403),보기,,일반교양,철학과 심리,,3.0,
교양,,NGLI100012,2025200006,인공지능과 리터러시,노마드칼리지,Y,8211359,교선,3.0,주,01,Y,상대,35,10,10,10,5,0,0,35,20211209,윤인선,10/50/20/20/0/0/0,1,,,,이론,N,"수6,7,8",소재관및공동실험실습관(402),보기,,일반교양,문학과 예술,,3.0,
교양,,NCCH3001,2025200558,인권과 사회,노마드칼리지,Y,8211359,교선,3.0,주,01,Y,절대,40,34,2,2,2,0,0,33,20191025,박승민,40/30/0/10/0/20/0,1,,,,이론,N,"월2,3,4",인문사회과학관(404),보기,,핵심교양,소통과 인성,,3.0,
교양,,NCCH3001,2025200559,인권과 사회,노마드칼리지,Y,8211359,교선,3.0,주,02,Y,절대,40,34,2,2,2,0,0,20,20191025,박승민,40/30/0/10/0/20/0,1,,,,이론,N,"월6,7,8",인문사회과학관(404),보기,,핵심교양,소통과 인성,,3.0,
교양,,NCCH3001,2025200560,인권과 사회,노마드칼리지,Y,8211359,교선,3.0,주,03,Y,절대,40,34,2,2,2,0,0,32,20191025,박승민,40/30/0/10/0/20/0,1,,,,이론,N,"수2,3,4",인문사회과학관(404),보기,,핵심교양,소통과 인성,,3.0,
교양,,NCCH3001,2025200561,인권과 사회,노마드칼리지,Y,8211359,교선,3.0,주,04,Y,절대,40,34,2,2,2,0,0,33,20191025,박승민,40/30/0/10/0/20/0,1,,,,이론,N,"수6,7,8",인문사회과학관(404),보기,,핵심교양,소통과 인성,,3.0,
교양,,NCCH3001,2025200562,인권과 사회,노마드칼리지,Y,8211359,교선,3.0,주,05,Y,절대,40,34,2,2,2,0,0,39,20235038,김도영,40/30/0/10/0/20/0,1,,,,이론,N,"금2,3,4",인문사회과학관(401),보기,,핵심교양,소통과 인성,,3.0,
교양,,NCCH3001,2025200563,인권과 사회,노마드칼리지,Y,8211359,교선,3.0,주,06,Y,절대,40,34,2,2,2,0,0,40,20235038,김도영,40/30/0/10/0/20/0,1,,,,이론,N,"금6,7,8",인문사회과학관(401),보기,,핵심교양,소통과 인성,,3.0,
교양,,NSBI1001,2025201041,일반생물학,노마드칼리지,Y,0428211976,교선,3.0,주,01,N,상대,40,37,1,1,1,0,0,40,20071063,여상엽,0/0/100/0/0/0/0,1,,,Y,이론,N,"화2,3,4",화학환경관(507),보기,건설환경공학과 우선 수강 승인 후 타과생 수강 신청 가능,공학기초,생물,Y,3.0,
교양,,NSBI1001,2025201042,일반생물학,노마드칼리지,Y,0428211976,교선,3.0,주,02,N,상대,40,37,1,1,1,0,0,39,20195073,홍승현,0/30/20/30/20/0/0,1,,,Y,이론,N,"목2,3,4",창의혁신관(317),보기,건설환경공학과 우선 수강 승인 후 타과생 수강 신청 가능,공학기초,생물,Y,3.0,
교양,,NSBI1001,2025201043,일반생물학,노마드칼리지,Y,0428211976,교선,3.0,주,03,N,상대,40,37,1,1,1,0,0,39,20195073,홍승현,0/30/20/30/20/0/0,1,,,Y,이론,N,"목6,7,8",창의혁신관(317),보기,건설환경공학과 우선 수강 승인 후 타과생 수강 신청 가능,공학기초,생물,Y,3.0,
교양,,NSBI1003,2025201045,일반생물학Ⅱ,노마드칼리지,Y,0428211976,교선,3.0,주,01,N,상대,40,37,1,1,1,0,0,16,20041009,김창섭,20/10/40/20/10/0/0,1,,,Y,이론,N,"수1,2,3",화학환경관(501),보기,화학생명공학과 우선 수강 승인 후 융합자율대학 수강 신청 가능,공학기초,생물,Y,3.0,
교양,,NSBI1003,2025201046,일반생물학Ⅱ,노마드칼리지,Y,0428211976,교선,3.0,주,02,N,상대,40,37,1,1,1,0,0,37,20071063,여상엽,10/20/20/10/20/0/0,1,,,Y,이론,N,"수6,7,8",화학환경관(507),보기,화학생명공학과 우선 수강 승인 후 융합자율대학 수강 신청 가능,공학기초,생물,Y,3.0,
교양,,NSCH1001,2025201192,일반화학,노마드칼리지,Y,0428211976,교선,3.0,주,01,N,상대,40,37,1,1,1,0,0,40,20195015,이규철,0/30/30/40/0/0/0,1,,,,이론,N,"월2,3,4",창의혁신관(413),보기,,공학기초,화학,,3.0,
교양,,NSCH1001,2025201194,일반화학,노마드칼리지,Y,0428211976,교선,3.0,주,02,N,상대,40,37,1,1,1,0,0,39,20195015,이규철,0/30/30/40/0/0/0,1,,,Y,이론,N,"월6,7,8",창의혁신관(413),보기,설비공학과 우선 수강 승인 후 타과생 수강신청 가능,공학기초,화학,,3.0,
교양,,NSCH1001,2025201196,일반화학,노마드칼리지,Y,0428211976,교선,3.0,주,03,N,상대,40,37,1,1,1,0,0,40,20195094,조성관,0/10/40/30/20/0/0,1,,,Y,이론,N,"목2,3,4",창의혁신관(411),보기,산업경영공학과 우선 수강 승인 후 타과생 수강신청 가능,공학기초,화학,,3.0,
교양,,NSCH1001,2025201202,일반화학,노마드칼리지,Y,0428211976,교선,3.0,주,04,N,상대,40,37,1,1,1,0,0,37,20195094,조성관,0/10/40/30/20/0/0,1,,,Y,이론,N,"목6,7,8",창의혁신관(411),보기,산업경영공학과 우선 수강 승인 후 타과생 수강신청 가능,공학기초,화학,,3.0,
교양,,NSCH1001,2025201203,일반화학,노마드칼리지,Y,0428211976,교선,3.0,주,05,N,상대,40,37,1,1,1,0,0,23,20255039,정미,0/0/60/40/0/0/0,1,,,Y,이론,N,"금2,3,4",창의혁신관(317),보기,건축공학과 우선 수강 승인 후 타과생 수강신청 가능,공학기초,화학,,3.0,
교양,,NSCH1001,2025201204,일반화학,노마드칼리지,Y,0428211976,교선,3.0,주,06,N,상대,40,37,1,1,1,0,0,20,20255039,정미,0/0/60/40/0/0/0,1,,,Y,이론,N,"금6,7,8",창의혁신관(317),보기,건축공학과 우선 수강 승인 후 타과생 수강신청 가능,공학기초,화학,,3.0,
교양,,NGHI1009,2025201047,일본문화의 이해,노마드칼리지,Y,0428211976,교선,3.0,주,01,Y,상대,40,10,10,10,10,0,0,39,19961004,윤재석,10/10/10/10/10/10/0,1,,블,Y,이론,N,"금2,3,4",인문사회과학관(206),보기,일본어과 수강 불가,일반교양,역사와 사회,,3.0,
교양,,NGHI1009,2025201048,일본문화의 이해,노마드칼리지,Y,0428211976,교선,3.0,주,02,Y,상대,40,10,10,10,10,0,0,37,19961004,윤재석,10/10/10/10/10/10/0,1,,블,Y,이론,N,"금6,7,8",인문사회과학관(206),보기,일본어과 수강 불가,일반교양,역사와 사회,,3.0,
교양,,NGGL1004,2025201049,일본어I,노마드칼리지,Y,0428211976,교선,3.0,주,01,Y,상대,40,10,10,10,10,0,0,40,20195017,채윤주,10/20/20/20/20/10/0,1,,,Y,이론,N,"월2,3,4",창의혁신관(411),보기,일본어과 수강 불가,일반교양,언어,,3.0,
교양,,NGGL1005,2025201050,일본어II,노마드칼리지,Y,0428211976,교선,3.0,주,01,Y,상대,40,10,10,10,10,0,0,35,20195017,채윤주,10/20/20/20/10/10/0,1,,,Y,이론,N,"월6,7,8",창의혁신관(411),보기,일본어과 수강 불가,일반교양,언어,,3.0,
교양,,NGSC1005,2025201811,자연과학개론,노마드칼리지,Y,0428211360,교선,3.0,주,01,Y,절대,40,10,10,10,10,0,0,36,20071064,김덕현,10/20/30/30/10/0/0,1,,,,이론,N,"월2,3,4",그린에너지관(713),보기,,일반교양,자연과 과학,,3.0,
교양,,NCCH1006,2025200564,종교와 문화,노마드칼리지,Y,8211359,교선,3.0,주,01,Y,상대,40,34,2,2,2,0,0,40,20195231,최원호,30/20/0/10/30/10/0,1,,,,이론,N,"월2,3,4",건설공학관(209),보기,,핵심교양,소통과 인성,,3.0,
교양,,NCCH1006,2025200565,종교와 문화,노마드칼리지,Y,8211359,교선,3.0,주,02,Y,상대,40,34,2,2,2,0,0,40,20195231,최원호,30/20/0/10/30/10/0,1,,,,이론,N,"월6,7,8",건설공학관(209),보기,,핵심교양,소통과 인성,,3.0,
교양,,NCCH1006,2025200566,종교와 문화,노마드칼리지,Y,8211359,교선,3.0,주,03,Y,상대,40,34,2,2,2,0,0,40,20195003,유은미,30/20/0/10/30/10/0,1,,,,이론,N,"수2,3,4",인문사회과학관(402),보기,,핵심교양,소통과 인성,,3.0,
교양,,NCCH1006,2025200567,종교와 문화,노마드칼리지,Y,8211359,교선,3.0,주,04,Y,상대,40,34,2,2,2,0,0,38,20211207,유원지,30/20/0/10/30/10/0,1,,,,이론,N,"수6,7,8",인문사회과학관(402),보기,,핵심교양,소통과 인성,,3.0,
교양,,NCCH1006,2025200568,종교와 문화,노마드칼리지,Y,8211359,교선,3.0,주,05,Y,상대,40,34,2,2,2,0,0,40,20211207,유원지,30/20/0/10/30/10/0,1,,,,이론,N,"목2,3,4",인문사회과학관(402),보기,,핵심교양,소통과 인성,,3.0,
교양,,NCCH1006,2025200569,종교와 문화,노마드칼리지,Y,8211359,교선,3.0,주,06,Y,상대,40,34,2,2,2,0,0,39,20195085,박상길,30/20/0/10/30/10/0,1,,,,이론,N,"목6,7,8",경상학관(201),보기,,핵심교양,소통과 인성,,3.0,
교양,,NGHI1010,2025201051,중국문화의 이해,노마드칼리지,Y,0428211976,교선,3.0,주,01,Y,상대,40,10,10,10,10,0,0,40,20225072,주기평,30/0/0/30/40/0/0,1,,,Y,이론,N,"수6,7,8",창의혁신관(317),보기,중국어과 수강 불가,일반교양,역사와 사회,,3.0,
교양,,NGGL1008,2025201052,중국어I,노마드칼리지,Y,0428211976,교선,3.0,주,01,Y,상대,40,10,10,10,10,0,0,37,20225072,주기평,0/50/0/0/50/0/0,1,,,Y,이론,N,"수2,3,4",창의혁신관(317),보기,중국어과 수강 불가,일반교양,언어,,3.0,
교양,,NGHI1011,2025201053,지역사회의 이해,노마드칼리지,Y,0428211976,교선,3.0,주,01,Y,절대,40,10,10,10,10,0,0,40,20211213,서준석,0/0/0/0/0/0/0,1,,,,이론,N,"월2,3,4",경상학관(301),보기,,일반교양,역사와 사회,,3.0,
교양,,NGHI1011,2025201054,지역사회의 이해,노마드칼리지,Y,0428211976,교선,3.0,주,02,Y,절대,40,10,10,10,10,0,0,39,20211213,서준석,20/20/20/20/10/10/0,1,,,,이론,N,"월6,7,8",경상학관(301),보기,,일반교양,역사와 사회,,3.0,
교양,,NGEN1008,2025201055,창업의 이해,노마드칼리지,Y,0428211976,교선,2.0,주,01,Y,상대,40,10,10,10,10,0,0,40,20235061,김유상,10/10/30/30/10/10/0,1,,,Y,이론,N,"수2,3",창의혁신관(316),보기,"융합경영학과, 회계세무학과 수강 불가",일반교양,기술과 창업,,2.0,
교양,,NGEN1008,2025201056,창업의 이해,노마드칼리지,Y,0428211976,교선,2.0,주,02,Y,상대,40,10,10,10,10,0,0,40,20235061,김유상,10/10/30/30/10/10/0,1,,,Y,이론,N,"수6,7",창의혁신관(316),보기,"융합경영학과, 회계세무학과 수강 불가",일반교양,기술과 창업,,2.0,
교양,,NBAS1010,2025200004,창의 글쓰기,노마드칼리지,Y,8211359,교필,2.0,주,01,Y,상대,30,0,10,10,10,0,0,29,20235014,송혜란,10/30/20/20/10/10/0,1,,,,이론,N,"금6,7",인문사회과학관(303),보기,,기초교양,공통기초,Y,2.0,
교양,,NGPH1010,2025200732,창의적 문제해결,노마드칼리지,Y,8211359,교선,3.0,주,01,Y,상대,40,10,10,10,10,0,0,33,20195031,김정화,20/20/0/50/0/10/0,1,,,,이론,N,"금2,3,4",인문사회과학관(305),보기,,일반교양,철학과 심리,,3.0,
교양,,NGPH1006,2025200729,텍스트로 배우는 동양의 지혜,노마드칼리지,Y,8211359,교선,3.0,주,01,Y,상대,40,10,10,10,10,0,0,37,20195096,이영자,40/30/0/10/10/10/0,1,,,,이론,N,"목6,7,8",경상학관(301),보기,,일반교양,철학과 심리,,3.0,
교양,,NGPH1007,2025200730,텍스트로 배우는 서양의 지혜,노마드칼리지,Y,8211359,교선,3.0,주,01,Y,상대,40,10,10,10,10,0,0,40,20195030,김완종,20/20/0/20/20/20/0,1,,,,이론,N,"수2,3,4",인문사회과학관(305),보기,,일반교양,철학과 심리,,3.0,
교양,,NCCR1004,2025201569,통계로 보는 세상,노마드칼리지,Y,0428211360,교선,3.0,주,01,Y,상대,40,30,10,0,0,0,0,40,20191015,오진호,0/20/50/20/10/0/0,1,,,,이론,N,"화2,3,4",그린에너지관(610),보기,,핵심교양,분석과 판단,,3.0,
교양,,NCCR1004,2025201570,통계로 보는 세상,노마드칼리지,Y,0428211360,교선,3.0,주,02,Y,상대,40,30,10,0,0,0,0,40,20195046,김덕기,0/20/50/20/10/0/0,1,,,,이론,N,"화6,7,8",그린에너지관(607),보기,,핵심교양,분석과 판단,,3.0,
교양,,NCCR1004,2025201571,통계로 보는 세상,노마드칼리지,Y,0428211360,교선,3.0,주,03,Y,상대,40,30,10,0,0,0,0,38,20191015,오진호,0/20/50/20/10/0/0,1,,,,이론,N,"목2,3,4",그린에너지관(712),보기,,핵심교양,분석과 판단,,3.0,
교양,,NCCR1004,2025201572,통계로 보는 세상,노마드칼리지,Y,0428211360,교선,3.0,주,04,Y,상대,40,30,10,0,0,0,0,40,20195046,김덕기,0/20/50/20/10/0/0,1,,,,이론,N,"목6,7,8",그린에너지관(608),보기,,핵심교양,분석과 판단,,3.0,
교양,,NCCR1004,2025201573,통계로 보는 세상,노마드칼리지,Y,0428211360,교선,3.0,주,05,Y,상대,40,0,0,0,0,40,40,36,20255026,이용훈,0/20/50/20/10/0/0,1,,,,이론,N,"금2,3,4",그린에너지관(713),보기,,핵심교양,분석과 판단,,3.0,
교양,,NCCR1004,2025201574,통계로 보는 세상,노마드칼리지,Y,0428211360,교선,3.0,주,06,Y,상대,40,0,0,0,0,40,40,39,20255026,이용훈,0/20/50/20/10/0/0,1,,,,이론,N,"금6,7,8",그린에너지관(713),보기,,핵심교양,분석과 판단,,3.0,
교양,,NGGL1007,2025201057,프랑스어,노마드칼리지,Y,0428211976,교선,3.0,주,01,Y,상대,40,10,10,10,10,0,0,40,20195013,신명숙,10/20/10/10/40/10/0,1,,,,이론,N,"화2,3,4",그린에너지관(604),보기,,일반교양,언어,,3.0,
교양,,NGHI1012,2025200009,한국 민속의 이해,노마드칼리지,Y,8211359,교선,3.0,주,01,Y,상대,40,10,10,10,10,0,0,39,20245065,이해진,20/20/20/20/10/10/0,1,,,,이론,N,"목6,7,8",건설공학관(208),보기,,일반교양,역사와 사회,,3.0,
교양,,NGEN1006,2025201058,한국경제의 이해,노마드칼리지,Y,0428211976,교선,3.0,주,01,Y,상대,40,10,10,10,10,0,0,40,20195072,문혜정,20/20/30/30/0/0/0,1,,,Y,이론,N,"월2,3,4",창의혁신관(317),보기,"융합경영학과, 회계세무학과, 경제학과 수강 불가",일반교양,기술과 창업,,3.0,
교양,,NGHI100019,2025200748,한국근현대사의 이해,노마드칼리지,Y,8211359,교선,3.0,주,01,Y,상대,40,10,10,10,10,0,0,30,20221005,김헌주,30/20/10/20/10/10/0,1,,,,이론,N,"목6,7,8",인문사회과학관(201),보기,,일반교양,역사와 사회,,3.0,
교양,,NCFR1005,2025200570,한국사의 이해,노마드칼리지,Y,8211317,교선,3.0,주,01,Y,상대,40,34,2,2,2,0,0,38,20195050,김명진,30/20/10/20/10/10/0,1,,,,이론,N,"월2,3,4",인문사회과학관(103),보기,,핵심교양,도전과 미래,,3.0,
교양,,NCFR1005,2025200571,한국사의 이해,노마드칼리지,Y,8211359,교선,3.0,주,02,Y,상대,40,34,2,2,2,0,0,40,20151010,강종원,25/10/10/25/10/10/0,1,,,,이론,N,"월6,7,8",인문사회과학관(402),보기,,핵심교양,도전과 미래,,3.0,
교양,,NCFR1005,2025200572,한국사의 이해,노마드칼리지,Y,8211359,교선,3.0,주,03,Y,상대,40,34,2,2,2,0,0,38,20254037,백미선,15/20/15/20/15/15/0,1,,,,이론,N,"수6,7,8",경상학관(301),보기,,핵심교양,도전과 미래,,3.0,
교양,,NCFR1005,2025200573,한국사의 이해,노마드칼리지,Y,0448638450,교선,3.0,주,04,Y,상대,40,10,10,5,5,10,10,34,20151010,강종원,25/10/10/25/10/10/0,1,,,Y,이론,N,"목2,3,4",세종(임대형)캠퍼스(217),보기,"세종캠퍼스 대면강의, 인공지능소프트웨어학과 우선 수강신청 후 타과생 수강 가능",핵심교양,도전과 미래,,3.0,
교양,,NCFR1005,2025200574,한국사의 이해,노마드칼리지,Y,8211359,교선,3.0,주,05,Y,상대,40,34,2,2,2,0,0,39,20195052,사문경,30/20/10/20/10/10/0,1,,,,이론,N,"목6,7,8",인문사회과학관(305),보기,,핵심교양,도전과 미래,,3.0,
교양,,NCFR1005,2025200575,한국사의 이해,노마드칼리지,Y,8211359,교선,3.0,주,06,Y,상대,40,34,2,2,2,0,0,35,20151010,강종원,25/10/10/25/10/10/0,1,,,,이론,N,"금2,3,4",인문사회과학관(501),보기,,핵심교양,도전과 미래,,3.0,
교양,,NCCR1005,2025200576,합리적 문제해결과 논리,노마드칼리지,Y,8211359,교선,3.0,주,01,Y,상대,40,34,2,2,2,0,0,40,20161009,김효은,25/25/0/25/0/25/0,1,,블,,이론,N,"월2,3,4",인문사회과학관(403),보기,,핵심교양,분석과 판단,,3.0,
교양,,NCCR1005,2025200577,합리적 문제해결과 논리,노마드칼리지,Y,8211359,교선,3.0,주,02,Y,상대,80,68,4,4,4,0,0,79,20161009,김효은,25/25/0/25/0/25/0,1,,온,,이론,N,"월6,7,8",경상학관(101),보기,,핵심교양,분석과 판단,,3.0,
교양,,NCCR1005,2025200578,합리적 문제해결과 논리,노마드칼리지,Y,8211359,교선,3.0,주,03,Y,상대,40,34,2,2,2,0,0,39,20195093,신승원,10/20/20/50/0/0/0,1,,,,이론,N,"수2,3,4",경상학관(201),보기,,핵심교양,분석과 판단,,3.0,
교양,,NCCR1005,2025200579,합리적 문제해결과 논리,노마드칼리지,Y,8211359,교선,3.0,주,04,Y,상대,40,34,2,2,2,0,0,40,20195068,우호용,20/30/0/50/0/0/0,1,,,,이론,N,"수6,7,8",경상학관(101),보기,,핵심교양,분석과 판단,,3.0,
교양,,NCCR1005,2025200580,합리적 문제해결과 논리,노마드칼리지,Y,8211359,교선,3.0,주,05,Y,상대,40,34,2,2,2,0,0,39,20195068,우호용,20/30/0/50/0/0/0,1,,,,이론,N,"목2,3,4",경상학관(101),보기,,핵심교양,분석과 판단,,3.0,
교양,,NCCR1005,2025200581,합리적 문제해결과 논리,노마드칼리지,Y,8211359,교선,3.0,주,06,Y,상대,40,34,2,2,2,0,0,40,20195068,우호용,20/30/0/50/0/0/0,1,,,,이론,N,"목6,7,8",경상학관(101),보기,,핵심교양,분석과 판단,,3.0,
교양,,NGPH1008,2025201059,현대사회의 인간관계론,노마드칼리지,Y,0428211976,교선,3.0,주,01,Y,상대,40,10,10,10,10,0,0,39,20254051,최수빈,20/30/0/30/0/20/0,1,,,,이론,N,"월2,3,4",그린에너지관(604),보기,,일반교양,철학과 심리,,3.0,
교양,,NGHI1013,2025201060,현대정치사,노마드칼리지,Y,0428211976,교선,3.0,주,01,Y,상대,40,10,10,10,10,0,0,34,20235030,조희원,20/30/0/0/20/30/0,1,,,,이론,N,"금2,3,4",창의혁신관(411),보기,,일반교양,역사와 사회,,3.0,
교양,,NGHI1013,2025201061,현대정치사,노마드칼리지,Y,0428211976,교선,3.0,주,02,Y,상대,40,10,10,10,10,0,0,37,20235030,조희원,20/30/0/0/20/30/0,1,,,,이론,N,"금6,7,8",창의혁신관(411),보기,,일반교양,역사와 사회,,3.0,
교양,,NSCH1003,2025201062,화학 및 실험Ⅱ,노마드칼리지,Y,0428211976,교선,3.0,주,01,N,상대,30,27,1,1,1,0,0,29,20254057,이철우,0/20/60/20/0/0/0,1,,,,이론실습,N,"수1,2,3,4",산업정보관(304),보기,,공학기초,화학,Y,4.0,
교양,,NSCH1003,2025201063,화학 및 실험Ⅱ,노마드칼리지,Y,0428211976,교선,3.0,주,02,N,상대,30,27,1,1,1,0,0,30,20251013,정성원,20/20/30/30/0/0/0,1,,,,이론실습,N,"수6,7,8,9",전기전자관(010),보기,,공학기초,화학,Y,4.0,
교양,,NSCH1003,2025201064,화학 및 실험Ⅱ,노마드칼리지,Y,0428211976,교선,3.0,주,03,N,상대,30,27,1,1,1,0,0,28,20254025,유완호,20/10/10/25/5/5/0,1,,,,이론실습,N,"목1,2,3,4",소재관및공동실험실습관(116),보기,,공학기초,화학,Y,4.0,
교양,,NSCH1003,2025201065,화학 및 실험Ⅱ,노마드칼리지,Y,0428211976,교선,3.0,주,04,N,상대,30,27,1,1,1,0,0,30,19971006,고장면,0/0/0/30/0/0/0,1,,,,이론실습,N,"목6,7,8,9",화학환경관(502),보기,,공학기초,화학,Y,4.0,
교양,,NSCH1003,2025201067,화학 및 실험Ⅱ,노마드칼리지,Y,0428211976,교선,3.0,주,06,N,상대,30,27,1,1,1,0,0,26,20205157,고명한,10/10/30/30/10/10/0,1,,,,이론실습,N,"금6,7,8,9",소재관및공동실험실습관(116),보기,,공학기초,화학,Y,4.0,
교양,,NSCH1003,2025201068,화학 및 실험Ⅱ,노마드칼리지,Y,0428211976,교선,3.0,주,07,N,상대,30,27,1,1,1,0,0,28,20195004,강광철,10/10/50/10/10/10/0,1,,,,이론실습,N,"월1,2,3,4",소재관및공동실험실습관(116),보기,,공학기초,화학,Y,4.0,
교양,,NSCH1003,2025201069,화학 및 실험Ⅱ,노마드칼리지,Y,0428211976,교선,3.0,주,08,N,상대,30,27,1,1,1,0,0,12,20181009,최진실,0/10/20/20/5/5/0,1,,,Y,이론실습,N,"월1,2,3,4",화학환경관(501),보기,화학생명공학과 우선 수강 승인 후 융합자율대학 학생 수강 신청 가능,공학기초,화학,Y,4.0,
교양,,NSCH1003,2025201070,화학 및 실험Ⅱ,노마드칼리지,Y,0428211976,교선,3.0,주,09,N,상대,30,27,1,1,1,0,0,10,20181001,박주일,0/10/30/30/0/0/0,1,,,Y,이론실습,N,"월6,7,8,9",산업정보관(304),보기,화학생명공학과 우선 수강 승인 후 융합자율대학 학생 수강 신청 가능,공학기초,화학,Y,4.0,
교양,,NSCH1003,2025201071,화학 및 실험Ⅱ,노마드칼리지,Y,0428211976,교선,3.0,주,10,N,상대,30,27,1,1,1,0,0,24,20241005,김정철,0/30/40/30/0/0/0,1,,,Y,이론실습,N,"화1,2,3,4",화학환경관(110),보기,화학생명공학과 우선 수강 승인 후 융합자율대학 학생 수강 신청 가능,공학기초,화학,Y,4.0,
교양,,NSCH1003,2025201074,화학 및 실험Ⅱ,노마드칼리지,Y,0428211976,교선,3.0,주,13,N,상대,30,27,1,1,1,0,0,30,20181009,최진실,0/10/20/20/5/5/0,1,,,,이론실습,N,"수1,2,3,4",화학환경관(607-1),보기,,공학기초,화학,Y,4.0,
,,DSLA100264,2025202297,100세 시대를 위한 운동과 영양,노마드칼리지,Y,,교선,3.0,야,01,Y,절대,400,100,100,100,100,0,0,154,,,,1,,온,,이론,N,,,,성인학습자 전담학과 학생만 수강 가능(일반 학부생 수강 절대 불가),,,,0.0,
,,DSLA300188,2025201919,C언어 및 실습,노마드칼리지,Y,,교선,3.0,야,01,Y,절대,400,100,100,100,100,0,0,8,,,,1,,온,,이론,N,,,,성인학습자 전담학과 학생만 수강 가능(일반 학부생 수강 절대 불가),,,,0.0,
,,DSLA300182,2025202302,TED로 배우는 영화 속 바이오테크놀로지,노마드칼리지,Y, ,교선,3.0,야,01,Y,절대,400,100,100,100,100,0,0,54,,,,1,,온,,이론,N,,,,성인학습자 전담학과 학생만 수강 가능(일반 학부생 수강 절대 불가),,,,0.0,
,,DSLA300192,2025202094,교육학개론,노마드칼리지,Y,,교선,3.0,야,01,Y,절대,400,100,100,100,100,0,0,20,,,,1,,온,,이론,N,,,,성인학습자 전담학과 학생만 수강 가능(일반 학부생 수강 절대 불가),,,,0.0,
,,DSLA100262,2025202301,글로벌 비즈니스 취업과 성장,노마드칼리지,Y,,교선,3.0,야,01,Y,절대,400,100,100,100,100,0,0,37,,,,1,,온,,이론,N,,,,성인학습자 전담학과 학생만 수강 가능(일반 학부생 수강 절대 불가),,,,0.0,
,,DSLA300178,2025202303,글로벌 시장과 비즈니스 이해,노마드칼리지,Y,,교선,3.0,야,01,Y,절대,400,100,100,100,100,0,0,21,,,,1,,온,,이론,N,,,,성인학습자 전담학과 학생만 수강 가능(일반 학부생 수강 절대 불가),,,,0.0,
,,DSLA300176,2025202088,대학생 리더의 길,노마드칼리지,Y,,교선,3.0,야,01,Y,절대,400,100,100,100,100,0,0,16,,,,1,,온,,이론,N,,,,성인학습자 전담학과 학생만 수강 가능(일반 학부생 수강 절대 불가),,,,0.0,
,,DSLA300189,2025201921,대학생 핵심역량의 이해,노마드칼리지,Y,,교선,3.0,야,01,Y,절대,400,100,100,100,100,0,0,14,,,,1,,온,,이론,N,,,,성인학습자 전담학과 학생만 수강 가능(일반 학부생 수강 절대 불가),,,,0.0,
,,DSLA300190,2025202093,메타버스 활용 디자인,노마드칼리지,Y,,교선,3.0,야,01,Y,절대,400,100,100,100,100,0,0,27,,,,1,,온,,이론,N,,,,성인학습자 전담학과 학생만 수강 가능(일반 학부생 수강 절대 불가),,,,0.0,
,,DSLA300184,2025201920,모두의 인공지능,노마드칼리지,Y,,교선,3.0,야,01,Y,절대,400,100,100,100,100,0,0,33,,,,1,,온,,이론,N,,,,성인학습자 전담학과 학생만 수강 가능(일반 학부생 수강 절대 불가),,,,0.0,
,,DSLA300187,2025201922,문화로 보는 서양사,노마드칼리지,Y,,교선,3.0,야,01,Y,상대,400,100,100,100,100,0,0,24,,,,1,,온,,이론,N,,,,성인학습자 전담학과 학생만 수강 가능(일반 학부생 수강 절대 불가),,,,0.0,
,,DSLA100266,2025202300,부동산학개론,노마드칼리지,Y,,교선,3.0,야,01,Y,절대,400,100,100,100,100,0,0,64,,,,1,,온,,이론,N,,,,성인학습자 전담학과 학생만 수강 가능(일반 학부생 수강 절대 불가),,,,0.0,
,,DSLA300181,2025202085,사례로 배우는 생활 마케팅,노마드칼리지,Y,,교선,3.0,야,01,Y,절대,400,100,100,100,100,0,0,47,,,,1,,온,,이론,N,,,,성인학습자 전담학과 학생만 수강 가능(일반 학부생 수강 절대 불가),,,,0.0,
,,DSLA100263,2025202298,생활 속의 심리학,노마드칼리지,Y,,교선,3.0,야,01,Y,절대,999,0,0,0,0,999,999,90,,,,1,,온,,이론,N,,,,성인학습자 전담학과 학생만 수강 가능(일반 학부생 수강 절대 불가),,,,0.0,
,,DSLA300183,2025202095,생활 일본어,노마드칼리지,Y,,교선,3.0,야,01,Y,절대,400,100,100,100,100,0,0,88,,,,1,,온,,이론,N,,,,성인학습자 전담학과 학생만 수강 가능(일반 학부생 수강 절대 불가),,,,0.0,
,,DSLA300186,2025201923,여행으로 배우는 중국어,노마드칼리지,Y,,교선,3.0,야,01,Y,절대,400,100,100,100,100,0,0,27,,,,1,,온,,이론,N,,,,성인학습자 전담학과 학생만 수강 가능(일반 학부생 수강 절대 불가),,,,0.0,
,,DSLA300185,2025202081,이야기로 치유하기,노마드칼리지,Y,,교선,3.0,야,01,Y,절대,400,100,100,100,100,0,0,52,,,,1,,온,,이론,N,,,,성인학습자 전담학과 학생만 수강 가능(일반 학부생 수강 절대 불가),,,,0.0,
,,DSLA300193,2025202082,인퓨징 마케팅,노마드칼리지,Y,,교선,3.0,야,01,Y,절대,400,100,100,100,100,0,0,9,,,,1,,온,,이론,N,,,,성인학습자 전담학과 학생만 수강 가능(일반 학부생 수강 절대 불가),,,,0.0,
,,DSLA100265,2025202299,제4차 산업혁명과 자기경영,노마드칼리지,Y,,교선,3.0,야,01,Y,절대,400,100,100,100,100,0,0,16,,,,1,,온,,이론,N,,,,성인학습자 전담학과 학생만 수강 가능(일반 학부생 수강 절대 불가),,,,0.0,
,,DSLA300172,2025202089,창의적 사고 기르기,노마드칼리지,Y,,교선,3.0,야,01,Y,절대,400,100,100,100,100,0,0,62,,,,1,,온,,이론,N,,,,성인학습자 전담학과 학생만 수강 가능(일반 학부생 수강 절대 불가),,,,0.0,
,,DSLA300175,2025202304,테마로 보는 유럽문화기행,노마드칼리지,Y,,교선,3.0,야,01,Y,절대,400,100,100,100,100,0,0,43,,,,1,,온,,이론,N,,,,성인학습자 전담학과 학생만 수강 가능(일반 학부생 수강 절대 불가),,,,0.0,
,,DSLA300195,2025201916,파이썬 실무활용,노마드칼리지,Y,,교선,3.0,야,01,Y,절대,400,100,100,100,100,0,0,13,,,,1,,온,,이론,N,,,,성인학습자 전담학과 학생만 수강 가능(일반 학부생 수강 절대 불가),,,,0.0,
,,DSLA300191,2025202080,행복한 삶과 존엄한 죽음,노마드칼리지,Y,,교선,3.0,야,01,Y,절대,400,100,100,100,100,0,0,39,,,,1,,온,,이론,N,,,,성인학습자 전담학과 학생만 수강 가능(일반 학부생 수강 절대 불가),,,,0.0,
ROTC,,MSSS1003,2025200345,리더쉽,인문교양학부,Y,8211359,일선,2.0,주,01,Y,절대,20,5,5,5,5,0,0,5,20214003,백상환,0/0/0/0/0/0/0,1,,,,이론,N,"금7,8",인문사회과학관(403),보기,,,,,2.0,
한어,,KLCC3001,2025201078,매체 한국어 1,인문교양학부,Y,8211359,일선,3.0,주,01,Y,절대,20,5,5,5,5,0,0,10,20191026,한하림,0/0/0/0/0/0/0,1,,,,이론,N,"수2,3,4",인문사회과학관(302),보기,외국인 유학생 대상 교과목,,,,3.0,
ROTC,,MSSS1004,2025200343,무기체계,인문교양학부,Y,8211359,일선,2.0,주,01,Y,절대,20,5,5,5,5,0,0,11,20214003,백상환,0/0/0/0/0/0/0,1,,,,이론,N,"금4,5",인문사회과학관(403),보기,,,,,2.0,
한어,,KLCC3004,2025201085,학업 한국어 1,인문교양학부,,8211359,일선,3.0,주,01,Y,절대,20,5,5,5,5,0,0,15,20205130,김은경,0/0/0/0/0/0/0,1,,,,이론,N,"목2,3,4",인문사회과학관(105),보기,외국인 유학생 대상 교과목,,,,3.0,
한어,,KLCC3006,2025201083,한국 문화의 이해,인문교양학부,,8211359,일선,3.0,주,01,Y,절대,20,5,5,5,5,0,0,20,20205048,박현주,0/0/0/0/0/0/0,1,,,,이론,N,"화2,3,4",건설공학관(205),보기,외국인 유학생 대상 교과목,,,,3.0,
한어,,KLCC3007,2025201080,한국어 1,인문교양학부,,8211359,일선,3.0,주,01,Y,절대,20,5,5,5,5,0,0,7,20255006,김지영,0/0/0/0/0/0/0,1,,,,이론,N,"수6,7,8",인문사회과학관(105),보기,외국인 유학생 대상 교과목,,,,3.0,
한어,,KLCC3008,2025201077,한국어 2,인문교양학부,Y,8211359,일선,3.0,주,01,Y,절대,20,5,5,5,5,0,0,13,20191026,한하림,0/0/0/0/0/0/0,1,,,,이론,N,"화6,7,8",인문사회과학관(302),보기,외국인 유학생 대상 교과목,,,,3.0,
한어,,KLCC3009,2025201075,한국어 3,인문교양학부,,8211359,일선,3.0,주,01,Y,절대,20,5,5,5,5,0,0,10,20255006,김지영,0/0/0/0/0/0/0,1,,,,이론,N,"수2,3,4",건설공학관(205),보기,외국인 유학생 대상 교과목,,,,3.0,
한어,,KLCC0003,2025201081,한국어 회화,인문교양학부,,8211359,일선,3.0,주,01,Y,절대,20,5,5,5,5,0,0,9,20205022,이기영,0/0/0/0/0/0/0,1,,,,이론,N,"수2,3,4",인문사회과학관(105),보기,외국인 유학생 대상 교과목,,,,3.0,
교직,,TEED1002,2025201161,교육과정,인문교양학부,Y,8211359,교직,2.0,주,01,Y,절대,20,5,5,5,5,0,0,3,20245052,김희중,0/0/0/0/0/0/0,2,,,,이론,N,"목6,7",인문사회과학관(302),보기,,,,,2.0,미선택
교직,,TEED1001,2025200918,교육학개론,인문교양학부,Y,8211359,교직,2.0,주,01,Y,절대,20,5,5,5,5,0,0,5,20171009,진성희,0/0/0/0/0/0/0,2,,,,이론,N,"목2,3",인문사회과학관(403),보기,,,,,2.0,미선택
교직,,TEED100017,2025200917,디지털 교육,인문교양학부,,8211359,교직,1.0,주,01,Y,절대,20,5,5,5,5,0,0,4,20171009,진성희,0/0/0/0/0/0/0,2,,,,이론,N,목1,인문사회과학관(403),보기,,,,,1.0,
교직,,TEED1009,2025201162,교육행정 및 교육경영,인문교양학부,Y,8211359,교직,2.0,주,01,Y,절대,20,5,5,5,5,0,0,4,20254032,김봉영,0/0/0/0/0/0/0,3,,,,이론,N,"목8,9",인문사회과학관(302),보기,,,,,2.0,미선택
교직,,TEED1014,2025201170,학교폭력의 예방 및 학생의 이해,인문교양학부,Y,8211359,교직,2.0,주,01,Y,절대,20,5,5,5,5,0,0,4,20195076,손연아,0/0/0/0/0/0/0,3,,,,이론,N,"금2,3",인문사회과학관(404),보기,,,,,2.0,미선택
일반,,SPHS1112,2025201356,산악 트레킹,스포츠건강과학과,Y,0428288884,전선,1.0,야,01,Y,절대,30,0,0,0,0,30,30,13,20211714,김동현,0/0/0/0/0/0/0,1,,,Y,실습,N,"목13,14",생활체육관(108),보기,스포츠건강과학과 재학생 우선 승인. 성인전담학과 학생만 수강 가능(전체학년 수강신청 기간에 신청),,,,2.0,기본전공
일반,,SPHS110021,2025201354,스포츠 미디어,스포츠건강과학과,Y,0428288884,전선,3.0,야,01,Y,절대,30,0,0,0,0,30,30,13,20235043,신석우,0/0/0/0/0/0/0,1,,,Y,이론,N,"수10,11,12",건설공학관(104),보기,스포츠건강과학과 재학생 우선 승인. 성인전담학과 학생만 수강 가능(전체학년 수강신청 기간에 신청),,,,3.0,기본전공
일반,,SPHS1113,2025201352,스포츠 빅데이터 분석,스포츠건강과학과,Y,0428288884,전선,3.0,야,01,Y,절대,30,0,0,0,0,30,30,11,20225018,장지명,0/0/0/0/0/0/0,1,,,Y,이론,N,"화10,11,12",소재관및공동실험실습관(401),보기,스포츠건강과학과 재학생 우선 승인. 성인전담학과 학생만 수강 가능(전체학년 수강신청 기간에 신청),,,,3.0,기본전공
일반,,SPHS110023,2025201353,스포츠 조직과 갈등론,스포츠건강과학과,Y,0428288884,전선,3.0,야,01,Y,절대,40,0,0,0,0,40,40,12,20211214,김세환,0/0/0/0/0/0/0,1,,블,Y,이론,N,"목10,11,12",생활체육관(112),보기,스포츠건강과학과 재학생 우선 승인. 성인전담학과 학생만 수강 가능(전체학년 수강신청 기간에 신청),,,,3.0,기본전공
일반,,SPHS1109,2025201355,인체해부 및 기능학,스포츠건강과학과,Y,0428288884,전선,3.0,야,01,Y,절대,30,0,0,0,0,30,30,8,20211714,김동현,0/0/0/0/0/0/0,1,,,Y,이론,N,"토5,6,7",생활체육관(112),보기,스포츠건강과학과 재학생 우선 승인. 성인전담학과 학생만 수강 가능(전체학년 수강신청 기간에 신청),,,,3.0,기본전공
,,DSLA200279,2025202371,농구,스포츠건강과학과,Y,0428288884,교선,3.0,야,01,Y,절대,1,0,0,0,0,1,1,1,,,,2,,,Y,이론,N,,,,스포츠건강과학과 입학 전 전적대학 학점인정 신청자 교과목,,,,0.0,
,,DSLA200278,2025202369,생활한자,스포츠건강과학과,Y,0428288884,교선,2.0,야,01,Y,절대,1,0,0,0,0,1,1,1,,,,2,,,Y,이론,N,,,,스포츠건강과학과 입학 전 전적대학 학점인정 신청자 교과목,,,,0.0,
일반,,SPHS3208,2025201359,여가 및 레크리에이션,스포츠건강과학과,Y,0428288884,심선,3.0,야,01,Y,절대,40,0,0,0,0,40,40,7,20225079,김경훈,0/0/0/0/0/0/0,2,,,Y,이론,N,"월10,11,12",건설공학관(104),보기,스포츠건강과학과 재학생 우선 승인. 성인전담학과 학생만 수강 가능(전체학년 수강신청 기간에 신청),,,,3.0,
일반,,SPHS2113,2025201360,운동영양학,스포츠건강과학과,Y,0428288884,전선,3.0,야,01,Y,절대,30,0,0,0,0,30,30,8,20211714,김동현,0/0/0/0/0/0/0,2,,,Y,이론,N,"목10,11,12",생활체육관(108),보기,스포츠건강과학과 재학생 우선 승인. 성인전담학과 학생만 수강 가능(전체학년 수강신청 기간에 신청),,,,3.0,기본전공
일반,,SPHS2205,2025201362,전공실기 및 지도(골프 II),스포츠건강과학과,Y,0428288884,심선,1.0,야,01,Y,절대,30,0,0,0,0,30,30,6,20225033,정미옥,0/0/0/0/0/0/0,2,,,Y,실습,N,"화10,11",생활체육관(201),보기,스포츠건강과학과 재학생 우선 승인. 성인전담학과 학생만 수강 가능(전체학년 수강신청 기간에 신청),,,,2.0,
일반,,SPHS2207,2025201361,전공실기 및 지도(댄스스포츠 II),스포츠건강과학과,Y,0428288884,심선,1.0,야,01,Y,절대,30,0,0,0,0,30,30,7,20215066,최미영,0/0/0/0/0/0/0,2,,,Y,실습,N,"수10,11",생활체육관(B107),보기,스포츠건강과학과 재학생 우선 승인. 성인전담학과 학생만 수강 가능(전체학년 수강신청 기간에 신청),,,,2.0,
일반,,SPHS2210,2025201363,필라테스(기구),스포츠건강과학과,Y,0428288884,심선,1.0,야,01,Y,절대,30,0,0,0,0,30,30,6,20215066,최미영,0/0/0/0/0/0/0,2,,,Y,실습,N,"수12,13",생활체육관(B108),보기,스포츠건강과학과 재학생 우선 승인. 성인전담학과 학생만 수강 가능(전체학년 수강신청 기간에 신청),,,,2.0,
,,DSLA200276,2025202370,현대생활과건강,스포츠건강과학과,Y,0428288884,교선,2.0,야,01,Y,절대,1,0,0,0,0,1,1,1,,,,2,,,Y,이론,N,,,,스포츠건강과학과 입학 전 전적대학 학점인정 신청자 교과목,,,,0.0,
일반,,SPHS3108,2025201369,스포츠 마사지,스포츠건강과학과,Y,0428288884,전선,1.0,야,01,Y,절대,30,0,0,0,0,30,30,2,20245071,손창환,0/0/0/0/0/0/0,3,,,Y,실습,N,"수12,13",생활체육관(B107),보기,스포츠건강과학과 재학생 우선 승인. 성인전담학과 학생만 수강 가능(전체학년 수강신청 기간에 신청),,,,2.0,기본전공
일반,,SPHS3206,2025201368,스포츠 마케팅,스포츠건강과학과,Y,0428288884,심선,3.0,야,01,Y,절대,40,0,0,0,0,40,40,24,20211214,김세환,0/0/0/0/0/0/0,3,,블,Y,이론,N,"월10,11,12",생활체육관(112),보기,스포츠건강과학과 재학생 우선 승인. 성인전담학과 학생만 수강 가능(전체학년 수강신청 기간에 신청),,,,3.0,
일반,,SPHS310011,2025201366,운동상해 및 처치,스포츠건강과학과,Y,0428288884,전선,3.0,야,01,Y,절대,30,0,0,0,0,30,30,7,20225093,진영윤,0/0/0/0/0/0/0,3,,,Y,이론,N,"목10,11,12",건설공학관(103),보기,스포츠건강과학과 재학생 우선 승인. 성인전담학과 학생만 수강 가능(전체학년 수강신청 기간에 신청),,,,3.0,기본전공
일반,,SPHS3216,2025201371,전공실기 및 지도(테니스 II),스포츠건강과학과,Y,0428288884,심선,1.0,야,01,Y,절대,30,0,0,0,0,30,30,5,20245024,한동엽,0/0/0/0/0/0/0,3,,,Y,실습,N,"화10,11",건설공학관(104),보기,스포츠건강과학과 재학생 우선 승인. 성인전담학과 학생만 수강 가능(전체학년 수강신청 기간에 신청),,,,2.0,
일반,,SPHS3110,2025201370,트레이닝 방법론,스포츠건강과학과,Y,0428288884,전선,3.0,야,01,Y,절대,30,0,0,0,0,30,30,8,20225093,진영윤,0/0/0/0/0/0/0,3,,,Y,이론,N,"목13,14,15",건설공학관(103),보기,스포츠건강과학과 재학생 우선 승인. 성인전담학과 학생만 수강 가능(전체학년 수강신청 기간에 신청),,,,3.0,기본전공
일반,,SPHS4101,2025201375,노인체육론,스포츠건강과학과,Y,0428288884,전선,3.0,야,01,Y,절대,30,0,0,0,0,30,30,22,20211714,김동현,0/0/0/0/0/0/0,4,,,Y,이론,N,"금13,14,15",생활체육관(108),보기,스포츠건강과학과 재학생 우선 승인. 성인전담학과 학생만 수강 가능(전체학년 수강신청 기간에 신청),,,,3.0,기본전공
,,DSLA400280,2025202373,생활속의경제,스포츠건강과학과,Y,0428288884,교선,3.0,야,01,Y,절대,1,0,0,0,0,1,1,1,,,,4,,,Y,이론,N,,,,스포츠건강과학과 입학 전 전적대학 학점인정 신청자 교과목,,,,0.0,
일반,,SPHS4203,2025201378,스포츠 의학,스포츠건강과학과,Y,0428288884,심선,3.0,야,01,Y,절대,30,0,0,0,0,30,30,8,20211714,김동현,0/0/0/0/0/0/0,4,,,Y,이론,N,"화10,11,12",생활체육관(108),보기,스포츠건강과학과 재학생 우선 승인. 성인전담학과 학생만 수강 가능(전체학년 수강신청 기간에 신청),,,,3.0,
,,DSMJ400118,2025202368,스포츠사회학,스포츠건강과학과,Y,0428288884,전선,3.0,야,01,Y,절대,1,0,0,0,0,1,1,1,,,,4,,,Y,이론,N,,,,스포츠건강과학과 입학 전 전적대학 학점인정 신청자 교과목,,,,0.0,
,,DSMJ400119,2025202367,스포츠심리학,스포츠건강과학과,Y,0428288884,전선,3.0,야,01,Y,절대,1,0,0,0,0,1,1,1,,,,4,,,Y,이론,N,,,,스포츠건강과학과 입학 전 전적대학 학점인정 신청자 교과목,,,,0.0,
일반,,SPHS4208,2025201377,요가의 이해와 신체밸런스,스포츠건강과학과,Y,0428288884,심선,1.0,야,01,Y,절대,30,0,0,0,0,30,30,10,20215066,최미영,0/0/0/0/0/0/0,4,,,Y,실습,N,"수14,15",생활체육관(B107),보기,스포츠건강과학과 재학생 우선 승인. 성인전담학과 학생만 수강 가능(전체학년 수강신청 기간에 신청),,,,2.0,
일반,,SPHS4219,2025201379,전공특성화실습 Ⅱ,스포츠건강과학과,Y,0428288884,심선,2.0,야,01,Y,절대,30,0,0,0,0,30,30,12,20211714,김동현,0/0/0/0/0/0/0,4,,,Y,실습,N,"토8,9,10,11",생활체육관(112),보기,스포츠건강과학과 재학생 우선 승인. 성인전담학과 학생만 수강 가능(전체학년 수강신청 기간에 신청),,,,4.0,
,,DSLA400277,2025202372,철학의이해,스포츠건강과학과,Y,0428288884,교선,3.0,야,01,Y,절대,1,0,0,0,0,1,1,1,,,,4,,,Y,이론,N,,,,스포츠건강과학과 입학 전 전적대학 학점인정 신청자 교과목,,,,0.0,
일반,,SPHS4104,2025201373,체육측정평가,스포츠건강과학과,Y,0428288884,전선,3.0,야,01,Y,절대,30,0,0,0,0,30,30,16,20211714,김동현,0/0/0/0/0/0/0,4,,,Y,이론,N,"금10,11,12",생활체육관(108),보기,스포츠건강과학과 재학생 우선 승인. 성인전담학과 학생만 수강 가능(전체학년 수강신청 기간에 신청),,,,3.0,